{"type":"FeatureCollection","features":[{"type":"Feature","properties":{"ISO3166-1-Alpha-3":"IDN"},"geometry":{"type":"MultiPolygon","coordinates":[[[[117.703608,4.163415],[117.907039,4.156683],[117.934825,4.059882],[117.838552,4.040188],[117.703608,4.163415]]],[[[124.450531,-9.18019],[124.60434,-9.156345],[124.919507,-8.962016],[124.933025,-9.074484],[125.086814,-8.98622],[125.162365,-9.060634],[125.150634,-9.185381],[124.957933,-9.211943],[125.061615,-9.485772],[124.979747,-9.649021],[124.49936,-10.111993],[124.122406,-10.17254],[124.033865,-10.276137],[123.799327,-10.374688],[123.472016,-10.364923],[123.515391,-10.213067],[123.764659,-10.074965],[123.577403,-10.034356],[123.688813,-9.611423],[124.010102,-9.343927],[124.121085,-9.426917],[124.210692,-9.378858],[124.257511,-9.501228],[124.310066,-9.488722],[124.450531,-9.18019]]],[[[117.567149,4.159654],[117.373057,4.169745],[117.395844,4.098944],[117.688487,3.909003],[117.65089,3.895209],[117.570079,3.933173],[117.523448,3.929511],[117.719086,3.860582],[117.782888,3.779039],[117.702159,3.778713],[117.826182,3.703599],[117.628673,3.632066],[117.468761,3.792304],[117.509776,3.607367],[117.090505,3.645819],[117.030528,3.594387],[117.199229,3.616278],[117.199962,3.554999],[117.242849,3.490668],[117.446544,3.43476],[117.359548,3.244289],[117.27003,3.23432],[117.617198,3.085883],[117.564952,2.983547],[117.685069,2.96308],[117.543793,2.922105],[117.736339,2.901597],[117.61964,2.825507],[117.784028,2.758246],[117.826182,2.607408],[118.082205,2.33747],[118.057791,2.219957],[117.914724,2.093492],[117.826182,2.106513],[117.900401,2.049994],[117.750011,2.03144],[117.873383,1.990465],[117.85727,1.89765],[117.924083,1.819159],[118.425059,1.485745],[118.456309,1.394599],[118.613292,1.351223],[118.856944,1.058173],[118.985199,1.057563],[119.011729,0.976264],[118.798188,0.804918],[118.662771,0.846381],[118.383962,0.804918],[118.09669,0.908637],[117.989513,1.078599],[117.893891,1.113471],[118.03297,0.800238],[117.902517,0.83747],[117.743175,0.740546],[117.469981,0.108791],[117.530284,-0.032322],[117.435069,-0.239679],[117.497081,-0.350274],[117.441417,-0.52516],[117.630138,-0.418715],[117.554535,-0.502699],[117.598969,-0.521417],[117.530284,-0.60711],[117.55128,-0.68963],[117.482921,-0.69964],[117.627126,-0.770929],[117.339041,-0.9013],[117.281505,-0.809177],[116.957693,-1.239923],[116.819835,-1.261407],[116.743175,-1.024835],[116.76238,-1.36533],[116.567638,-1.446547],[116.540212,-1.622735],[116.222423,-1.789646],[116.424815,-1.766371],[116.466563,-1.907485],[116.457856,-2.042413],[116.283214,-2.169366],[116.37086,-2.137872],[116.410655,-2.20379],[116.517833,-2.166436],[116.603282,-2.224216],[116.517914,-2.553888],[116.444591,-2.498305],[116.30421,-2.525649],[116.296886,-2.608168],[116.393077,-2.573989],[116.364757,-2.861423],[116.287608,-2.987074],[116.22877,-3.001642],[116.137706,-2.823419],[116.105724,-2.997979],[116.264903,-3.136895],[116.167247,-3.156345],[116.187673,-3.232029],[116.168468,-3.265802],[116.110525,-3.246189],[115.967947,-3.608819],[114.664317,-4.184177],[114.606619,-4.132257],[114.611095,-3.683852],[114.522309,-3.519301],[114.550304,-3.348077],[114.476817,-3.500665],[114.26352,-3.397556],[114.364757,-3.211521],[114.186534,-3.382257],[114.108246,-3.347345],[114.117686,-3.190362],[114.042003,-3.355564],[113.814708,-3.455255],[113.632498,-3.456801],[113.611501,-3.174249],[113.365733,-3.252862],[113.302745,-3.16253],[113.351085,-3.272393],[113.035167,-2.922947],[112.941091,-3.106378],[113.021495,-3.16253],[112.638031,-3.416762],[112.545095,-3.444268],[112.348969,-3.322849],[112.202891,-3.329522],[111.905284,-3.572035],[111.808767,-3.532973],[111.83253,-3.061619],[111.75408,-2.738539],[111.672537,-2.894627],[111.703461,-2.943617],[111.569835,-3.01572],[111.363048,-2.922947],[110.986176,-3.087498],[110.754242,-3.026056],[110.956065,-2.879002],[110.662446,-3.080743],[110.54949,-2.867608],[110.263194,-3.002862],[110.204845,-2.896173],[110.211681,-2.652602],[110.156993,-2.62127],[110.280528,-2.518243],[110.221039,-2.53281],[110.159923,-2.436456],[110.09254,-1.94964],[109.903819,-1.826104],[110.033946,-1.646173],[110.061371,-1.346368],[109.929861,-1.22324],[109.934581,-1.112563],[109.740489,-0.967543],[109.76352,-0.870864],[109.677257,-0.983819],[109.525645,-0.8624],[109.427989,-0.846612],[109.390798,-0.911879],[109.273204,-0.853611],[109.262543,-0.667413],[109.468598,-0.737074],[109.506521,-0.716404],[109.355154,-0.648126],[109.400645,-0.597345],[109.139415,-0.528578],[109.135997,-0.36004],[109.046235,-0.245864],[109.224783,-0.237237],[109.156505,0.020087],[109.300466,0.010484],[109.102306,0.243109],[108.920909,0.340277],[108.931163,0.616197],[108.855479,0.832221],[108.980805,0.956041],[108.924327,1.164008],[109.142833,1.250637],[109.266368,1.394599],[109.13738,1.262274],[108.98585,1.215806],[109.073009,1.533922],[109.272227,1.693793],[109.34783,1.809556],[109.286794,1.778225],[109.340994,1.935533],[109.578868,1.997626],[109.645274,2.083238],[109.528436,1.889989],[109.555617,1.802165],[109.641814,1.781004],[109.65804,1.59719],[110.051814,1.215482],[110.17036,1.174451],[110.263481,0.994307],[110.553903,0.85137],[110.776731,0.903253],[110.880394,1.010534],[111.197584,1.075233],[111.472089,1.022213],[111.503199,0.958444],[111.622675,1.030274],[111.823076,1.008467],[111.910099,1.114042],[112.09293,1.143135],[112.161556,1.434539],[112.470478,1.567657],[112.973186,1.569854],[113.024346,1.514379],[112.9582,1.415651],[113.089045,1.431335],[113.397553,1.293927],[113.524471,1.313564],[113.624826,1.227575],[113.909667,1.442471],[114.173423,1.420509],[114.374858,1.506938],[114.545597,1.434952],[114.679542,1.840741],[114.831988,1.902521],[114.841083,2.038223],[114.780621,2.036053],[114.753026,2.134806],[114.778761,2.247202],[115.206125,2.509874],[115.151968,2.597052],[115.05647,2.608627],[115.069079,2.832645],[115.242092,3.041624],[115.309995,2.985917],[115.464094,3.030824],[115.517631,3.357161],[115.601243,3.430231],[115.544399,3.629159],[115.588634,3.857595],[115.538818,3.920615],[115.646925,4.169101],[115.770742,4.225609],[115.844122,4.389216],[116.020649,4.270852],[116.125759,4.378907],[116.310657,4.383377],[116.411323,4.288654],[116.522221,4.396787],[116.590227,4.331132],[117.202696,4.356066],[117.567149,4.159654]]],[[[140.974457,-2.600518],[140.976904,-6.335116],[140.849211,-6.702846],[140.977162,-6.896632],[140.97698,-9.106134],[139.988129,-8.192478],[139.979747,-8.121515],[140.05836,-8.081964],[140.060557,-7.948337],[140.128673,-7.93613],[140.151703,-7.884698],[140.061046,-7.924412],[139.973643,-8.096938],[139.395193,-8.200942],[139.254649,-8.146091],[139.245128,-8.015069],[139.218923,-7.979669],[139.287852,-7.973403],[139.217133,-7.951349],[139.224457,-8.074395],[138.914399,-8.292087],[138.842784,-8.117446],[138.925304,-8.070489],[138.915375,-7.903253],[138.993988,-7.865492],[139.093028,-7.559991],[138.944347,-7.497003],[138.865489,-7.336033],[138.667491,-7.197849],[139.157074,-7.243097],[139.240001,-7.151056],[139.060557,-7.212498],[138.84254,-7.145603],[138.561534,-6.918634],[138.931488,-6.842543],[139.072765,-6.948826],[139.192231,-6.972914],[138.683442,-6.714532],[138.682465,-6.645115],[138.829112,-6.705987],[138.466075,-6.402114],[138.262462,-5.914727],[138.403982,-5.835707],[138.157563,-5.773696],[138.362966,-5.678806],[138.071056,-5.728611],[138.054861,-5.589614],[138.109711,-5.534112],[138.061371,-5.403741],[137.999278,-5.478936],[137.924815,-5.328709],[137.813975,-5.358168],[137.808116,-5.253025],[137.732432,-5.27337],[137.572765,-5.120782],[137.377778,-5.082452],[137.369151,-5.026462],[137.268077,-5.013849],[137.278819,-4.936619],[137.219005,-5.01336],[137.090099,-4.960138],[137.101736,-4.889255],[137.04184,-4.943048],[136.946544,-4.917657],[136.969249,-4.869561],[136.822113,-4.928318],[135.95045,-4.50628],[135.185557,-4.448907],[134.648204,-4.118748],[134.688487,-3.947442],[134.91627,-3.978692],[134.967784,-3.936782],[134.675792,-3.90838],[134.525238,-4.026462],[134.333507,-3.868829],[134.315278,-4.020278],[134.141124,-3.903009],[134.192638,-3.835545],[134.127452,-3.745294],[134.110362,-3.81756],[134.039317,-3.793145],[133.971039,-3.850274],[133.838145,-3.590427],[133.829275,-3.721856],[133.703136,-3.672621],[133.641449,-3.483657],[133.702159,-3.404392],[133.690929,-3.216078],[133.846446,-3.087091],[133.929454,-3.114679],[133.860525,-2.922947],[133.668224,-3.122166],[133.627696,-3.416274],[133.514008,-3.378351],[133.490571,-3.444268],[133.591807,-3.545343],[133.408865,-3.722426],[133.45338,-3.865411],[133.250987,-4.066827],[132.907725,-4.088149],[132.795909,-3.940606],[132.730968,-3.682306],[132.756114,-3.627537],[132.881114,-3.642836],[132.931814,-3.554132],[132.821137,-3.437433],[132.811697,-3.281671],[132.671153,-3.328546],[132.553071,-3.107029],[132.325694,-2.946547],[131.976085,-2.929783],[132.044444,-2.803399],[131.958018,-2.788181],[132.311778,-2.676446],[132.428477,-2.696954],[132.421153,-2.744806],[132.585704,-2.717462],[132.728282,-2.813165],[133.033539,-2.479425],[133.239594,-2.416762],[133.39031,-2.526625],[133.380707,-2.676446],[133.445567,-2.494724],[133.450369,-2.642348],[133.473481,-2.521661],[133.518728,-2.589614],[133.633962,-2.539321],[133.682384,-2.717462],[133.713145,-2.511977],[133.816905,-2.649021],[133.819591,-2.477227],[133.747244,-2.437921],[133.908376,-2.477227],[133.866466,-2.411391],[134.005138,-2.388442],[133.898692,-2.377618],[133.963552,-2.32643],[133.867361,-2.341241],[133.949962,-2.292901],[133.949962,-2.203546],[133.928966,-2.274184],[133.792003,-2.260186],[133.949962,-2.169366],[133.895274,-2.16253],[133.94044,-2.107599],[133.645763,-2.236017],[133.593598,-2.183038],[133.548595,-2.24505],[133.296153,-2.204197],[132.943614,-2.28338],[132.815929,-2.24505],[132.688731,-2.307224],[132.560395,-2.185642],[132.305675,-2.265558],[132.04835,-2.083185],[132.126964,-1.998142],[132.027354,-2.018487],[131.941905,-1.895115],[131.927745,-1.805759],[132.023936,-1.675958],[131.917491,-1.707289],[131.886729,-1.652032],[131.982188,-1.538751],[131.804861,-1.607599],[131.791189,-1.497735],[131.750173,-1.5735],[131.57309,-1.480157],[131.436534,-1.501723],[131.372813,-1.394708],[131.27711,-1.374282],[131.336925,-1.453058],[131.20574,-1.523614],[130.948253,-1.412205],[131.236176,-1.117283],[131.291515,-0.914972],[131.243012,-0.819431],[131.876475,-0.68963],[132.15089,-0.435724],[132.396658,-0.353448],[132.709158,-0.36004],[132.975108,-0.444757],[133.391612,-0.72324],[133.977224,-0.72324],[134.17213,-0.863865],[134.036143,-0.957778],[134.281993,-1.350193],[134.215831,-1.560317],[134.087087,-1.682794],[134.19337,-2.379083],[134.330251,-2.522231],[134.463878,-2.862074],[134.532725,-2.834161],[134.484386,-2.539321],[134.546397,-2.462986],[134.638438,-2.511163],[134.701345,-2.958673],[134.772227,-2.977634],[134.851329,-2.899835],[134.818533,-3.136326],[134.898936,-3.262791],[134.964122,-3.238214],[135.002126,-3.336114],[135.340831,-3.389744],[135.505382,-3.348077],[135.601573,-3.204034],[135.75172,-3.128351],[135.757335,-3.055841],[135.909923,-2.985772],[135.96461,-2.775811],[136.266368,-2.560317],[136.38087,-2.234063],[136.532563,-2.189874],[136.749278,-2.252048],[136.981456,-2.12656],[137.178477,-2.106134],[137.233653,-2.060968],[137.204845,-1.94964],[137.101736,-1.888279],[137.123546,-1.797459],[137.839122,-1.471124],[138.07488,-1.610284],[138.665212,-1.789158],[138.842784,-1.94964],[139.1067,-2.012791],[139.780772,-2.354669],[140.15797,-2.320896],[140.332286,-2.455743],[140.377126,-2.395278],[140.74464,-2.499119],[140.723806,-2.633966],[140.974457,-2.600518]]],[[[113.289073,-8.432794],[113.40919,-8.486749],[113.281993,-8.488214],[113.289073,-8.432794]]],[[[123.146251,-8.425958],[123.163585,-8.473728],[122.882986,-8.58294],[122.999848,-8.448663],[123.146251,-8.425958]]],[[[128.213552,-8.199395],[128.181977,-8.285089],[128.083263,-8.254571],[128.213552,-8.199395]]],[[[129.029633,-8.206801],[129.006196,-8.263604],[128.834483,-8.199802],[128.889496,-8.17783],[129.029633,-8.206801]]],[[[127.682953,-8.155206],[127.768809,-8.212579],[127.604015,-8.206801],[127.682953,-8.155206]]],[[[117.486827,-8.182875],[117.692556,-8.183526],[117.56658,-8.363946],[117.492524,-8.361017],[117.486827,-8.182875]]],[[[127.216319,-8.026951],[127.224946,-8.108575],[127.15211,-8.096938],[127.158946,-8.034926],[127.216319,-8.026951]]],[[[131.104991,-7.629002],[131.092296,-7.692315],[130.971202,-7.701349],[130.999522,-7.657485],[131.104991,-7.629002]]],[[[130.858653,-7.486912],[130.98585,-7.551935],[130.840994,-7.528741],[130.858653,-7.486912]]],[[[131.174815,-7.404229],[131.080333,-7.503676],[130.989268,-7.47324],[131.01824,-7.415216],[131.174815,-7.404229]]],[[[131.264985,-7.297133],[131.27711,-7.370782],[131.215831,-7.35711],[131.264985,-7.297133]]],[[[120.815684,-7.257501],[121.066905,-7.302504],[120.792328,-7.279474],[120.815684,-7.257501]]],[[[120.621256,-6.998245],[120.771495,-7.130548],[120.670349,-7.15096],[120.556253,-7.072889],[120.613695,-7.069817],[120.621256,-6.998245]]],[[[138.6185,-6.729099],[138.787446,-6.829522],[138.716319,-6.864679],[138.6185,-6.729099]]],[[[131.537364,-6.738051],[131.624522,-6.709731],[131.551036,-6.801528],[131.537364,-6.738051]]],[[[134.707367,-6.589044],[134.737559,-6.630955],[134.669444,-6.772882],[134.628266,-6.709405],[134.707367,-6.589044]]],[[[134.607758,-6.421482],[134.541759,-6.529474],[134.463878,-6.4249],[134.347179,-6.359633],[134.446137,-6.285414],[134.607758,-6.421482]]],[[[134.840587,-6.287693],[134.888194,-6.31406],[134.826345,-6.47324],[134.794119,-6.401951],[134.840587,-6.287693]]],[[[134.355968,-6.254571],[134.422862,-6.280857],[134.337657,-6.331964],[134.20281,-6.194268],[134.162283,-6.196547],[134.125987,-6.034275],[134.271495,-6.0617],[134.234141,-6.13006],[134.355968,-6.254571]]],[[[109.906016,-7.83766],[109.42628,-7.774184],[109.368826,-7.713474],[109.098146,-7.686861],[109.014415,-7.732599],[108.901541,-7.68963],[108.87322,-7.61061],[108.672618,-7.720636],[108.539561,-7.692315],[108.453711,-7.818501],[107.864534,-7.74513],[107.411388,-7.495864],[106.39776,-7.378465],[106.386078,-7.230645],[106.540504,-7.054612],[106.510804,-6.963799],[106.333018,-7.000746],[105.978706,-6.817712],[105.274669,-6.849379],[105.216807,-6.772068],[105.36378,-6.664972],[105.490082,-6.809015],[105.622244,-6.631606],[105.643859,-6.482333],[105.782234,-6.512107],[105.867198,-6.110121],[106.052745,-5.881036],[106.15919,-6.009535],[106.298839,-5.945001],[106.470063,-6.034356],[106.685395,-6.012465],[106.793224,-6.104099],[107.005138,-6.072361],[107.044444,-5.914321],[107.354136,-5.975995],[107.470268,-6.145432],[107.678224,-6.238023],[107.885359,-6.186922],[108.093683,-6.326847],[108.195077,-6.287061],[108.186557,-6.231193],[108.360269,-6.246401],[108.372227,-6.340353],[108.539561,-6.486912],[108.605479,-6.761651],[108.944835,-6.849379],[109.020844,-6.78867],[109.351899,-6.875665],[109.492931,-6.801528],[109.940684,-6.923435],[110.177501,-6.856215],[110.381033,-6.975681],[110.571544,-6.836196],[110.671072,-6.499933],[110.842296,-6.418064],[111.010753,-6.420994],[111.144379,-6.691827],[111.366384,-6.712009],[111.493419,-6.623468],[111.740408,-6.781671],[111.976248,-6.784845],[112.083995,-6.90602],[112.435232,-6.870538],[112.542817,-6.917576],[112.582774,-6.870538],[112.683849,-7.1749],[112.60377,-7.192641],[112.700694,-7.254653],[112.76824,-7.199395],[112.823253,-7.262628],[112.761485,-7.531183],[113.13266,-7.727797],[113.32309,-7.785577],[113.528575,-7.700372],[113.785899,-7.726332],[114.045584,-7.611993],[114.140391,-7.70086],[114.388927,-7.758071],[114.467296,-7.830987],[114.37672,-8.519464],[114.40561,-8.447035],[114.445323,-8.602797],[114.624766,-8.740655],[114.366954,-8.741469],[114.385265,-8.664727],[114.302582,-8.611912],[113.979991,-8.620212],[113.964366,-8.562433],[113.723888,-8.528253],[113.240733,-8.280938],[112.672699,-8.447035],[112.341563,-8.332696],[111.792003,-8.256524],[111.695811,-8.37127],[111.425059,-8.268813],[111.161957,-8.281915],[111.103038,-8.206801],[111.017345,-8.254653],[110.476736,-8.111912],[109.906016,-7.83766]]],[[[124.037446,-5.914321],[124.059337,-6.027439],[123.979177,-5.869887],[124.037446,-5.914321]]],[[[132.784923,-5.527276],[132.812755,-5.671319],[132.763682,-5.678806],[132.784923,-5.527276]]],[[[132.318614,-5.513604],[132.380707,-5.534112],[132.37143,-5.554132],[132.334321,-5.572931],[132.318614,-5.513604]]],[[[123.733246,-5.475274],[123.814708,-5.595636],[123.691173,-5.472752],[123.733246,-5.475274]]],[[[123.539724,-5.245538],[123.62379,-5.266534],[123.6338,-5.366876],[123.559255,-5.351332],[123.539724,-5.245538]]],[[[129.874034,-4.545831],[129.93336,-4.562921],[129.85906,-4.554783],[129.874034,-4.545831]]],[[[127.23463,-3.821059],[127.241368,-3.910817],[127.145086,-3.884983],[127.165212,-3.814142],[127.23463,-3.821059]]],[[[122.290375,-3.541192],[122.355479,-3.556573],[122.293305,-3.580824],[122.290375,-3.541192]]],[[[132.666515,-3.410252],[132.702891,-3.519301],[132.620291,-3.423761],[132.666515,-3.410252]]],[[[122.412283,-3.387791],[122.464692,-3.440851],[122.433604,-3.485284],[122.412283,-3.387791]]],[[[127.563975,-3.255792],[127.643565,-3.356052],[127.480479,-3.29339],[127.563975,-3.255792]]],[[[127.772227,-3.16253],[127.778494,-3.244236],[127.643321,-3.224379],[127.706309,-3.156345],[127.772227,-3.16253]]],[[[127.826996,-3.028985],[127.994395,-2.93906],[127.947276,-3.018487],[127.826996,-3.028985]]],[[[123.839366,-2.049086],[123.887869,-2.050877],[123.886974,-2.073907],[123.839366,-2.049086]]],[[[124.300629,-1.987481],[124.372081,-1.992608],[124.370291,-2.038995],[124.300629,-1.987481]]],[[[123.649587,-1.901788],[123.664399,-1.948907],[123.663829,-1.963311],[123.649587,-1.901788]]],[[[123.712901,-1.911716],[123.745779,-1.935968],[123.711681,-1.957127],[123.712901,-1.911716]]],[[[108.677257,-1.7138],[108.723155,-1.693617],[108.778087,-1.702732],[108.7588,-1.717462],[108.677257,-1.7138]]],[[[127.330251,-1.353774],[127.378754,-1.40545],[127.28419,-1.425388],[127.330251,-1.353774]]],[[[109.170177,-1.257582],[109.144216,-1.311456],[109.100759,-1.300551],[109.114757,-1.280206],[109.170177,-1.257582]]],[[[109.219981,-1.198012],[109.259776,-1.202244],[109.223399,-1.227146],[109.219981,-1.198012]]],[[[104.404959,-0.28338],[104.492524,-0.30877],[104.406505,-0.311782],[104.404959,-0.28338]]],[[[102.875336,0.284084],[102.884532,0.315253],[102.927257,0.310858],[102.875336,0.284084]]],[[[103.055431,0.658677],[103.076996,0.574774],[103.036632,0.657538],[103.055431,0.658677]]],[[[103.473888,0.653469],[103.517914,0.667629],[103.472016,0.622992],[103.473888,0.653469]]],[[[103.077159,0.760891],[103.116222,0.757758],[103.092296,0.722357],[103.077159,0.760891]]],[[[104.523448,0.788398],[104.620453,0.777045],[104.511241,0.750312],[104.523448,0.788398]]],[[[103.667735,0.839667],[103.71811,0.798082],[103.724864,0.766506],[103.700938,0.765692],[103.667735,0.839667]]],[[[103.453461,0.920559],[103.469005,0.869615],[103.407074,0.911444],[103.453461,0.920559]]],[[[120.607595,1.072455],[120.668712,1.061021],[120.68336,1.044582],[120.607595,1.072455]]],[[[120.367686,1.049221],[120.406505,1.060981],[120.37794,1.024075],[120.367686,1.049221]]],[[[119.846528,-0.874607],[119.854015,-0.716404],[119.757823,-0.469903],[119.799978,-0.123793],[119.675304,-0.099379],[119.634451,0.010484],[119.832693,-0.084405],[119.888194,0.071275],[119.785167,0.239488],[119.869477,0.287177],[119.911794,0.4737],[120.032237,0.516303],[120.045746,0.734361],[120.227061,0.814887],[120.278494,0.994208],[120.341645,0.982856],[120.346446,0.855618],[120.568126,0.782131],[120.662283,0.968817],[120.801768,1.052639],[120.833507,1.32567],[121.080414,1.331936],[121.264903,1.22956],[121.451427,1.297553],[121.45045,1.167426],[121.546723,1.072455],[121.926117,1.0987],[121.990245,1.021918],[122.063731,1.065009],[122.454112,1.020657],[122.848888,0.81802],[122.968028,0.962592],[123.175629,0.922553],[123.186697,0.973619],[123.92921,0.831529],[124.290375,1.01732],[124.389415,1.186103],[124.593761,1.195868],[124.54835,1.359849],[124.835704,1.469143],[124.825938,1.572903],[124.983897,1.731594],[125.175304,1.678168],[125.167817,1.584784],[125.249197,1.484687],[125.115408,1.385199],[124.898692,0.973049],[124.663829,0.805609],[124.514171,0.503323],[124.321788,0.398871],[123.625987,0.266588],[123.23878,0.32453],[123.074229,0.516303],[121.800466,0.426459],[121.601899,0.551744],[121.107921,0.407131],[120.502696,0.528876],[120.375255,0.477688],[120.158214,0.227769],[119.995616,-0.209242],[120.07309,-0.613946],[120.255626,-0.899347],[120.412446,-0.904962],[120.500336,-0.975274],[120.675955,-1.394708],[120.830089,-1.340102],[120.844412,-1.389581],[121.105479,-1.405857],[121.206554,-1.191339],[121.620128,-0.800388],[121.714203,-0.935479],[122.105317,-0.926202],[122.207693,-0.764744],[122.929047,-0.758884],[122.960216,-0.730564],[122.73463,-0.64837],[123.075857,-0.55641],[123.403494,-0.642673],[123.454356,-0.758233],[123.383311,-1.003676],[123.311209,-1.051446],[123.096202,-0.835056],[122.838715,-0.899184],[122.368826,-1.492771],[122.18393,-1.61419],[121.861339,-1.669692],[121.692149,-1.908136],[121.552989,-1.929132],[121.440929,-1.813572],[121.296072,-1.816664],[121.340587,-1.991306],[121.402029,-1.909356],[121.574555,-2.16253],[121.700857,-2.180352],[121.822927,-2.287286],[122.015636,-2.693536],[122.28712,-2.888767],[122.279633,-3.039646],[122.472911,-3.151137],[122.42921,-3.245864],[122.3213,-3.257094],[122.303559,-3.341241],[122.372569,-3.372247],[122.378429,-3.438735],[122.25172,-3.376072],[122.290538,-3.471368],[122.205414,-3.593845],[122.334972,-3.718032],[122.441417,-3.731052],[122.548676,-3.878676],[122.656423,-3.889337],[122.55128,-3.970798],[122.656423,-4.006606],[122.688162,-4.13836],[122.842052,-4.128839],[122.775157,-4.048272],[122.844981,-4.057712],[122.900157,-4.388767],[122.842052,-4.438084],[122.670177,-4.314548],[122.770274,-4.416762],[122.758149,-4.484796],[122.599132,-4.396742],[122.107758,-4.519952],[122.039561,-4.663344],[122.128917,-4.80047],[122.077403,-4.842055],[121.704356,-4.835219],[121.55421,-4.743748],[121.480479,-4.580824],[121.533214,-4.238051],[121.584972,-4.236749],[121.627696,-4.087091],[121.255626,-3.903009],[121.255138,-3.815688],[121.16033,-3.796157],[120.874522,-3.498956],[120.889415,-3.388767],[121.066742,-3.19378],[121.081716,-2.872328],[120.984386,-2.823907],[121.080414,-2.759047],[121.00587,-2.660821],[120.799327,-2.615004],[120.584483,-2.682061],[120.203461,-2.957696],[120.264334,-3.142022],[120.425792,-3.256117],[120.446544,-3.728692],[120.359711,-3.89422],[120.351899,-4.100274],[120.367361,-4.424412],[120.449962,-4.64658],[120.386567,-4.829278],[120.309418,-4.87127],[120.264334,-5.149998],[120.463634,-5.620212],[120.323253,-5.509535],[120.100434,-5.595636],[119.914887,-5.568943],[119.723643,-5.70379],[119.609711,-5.609145],[119.569998,-5.655938],[119.517589,-5.558038],[119.433279,-5.587823],[119.352794,-5.355645],[119.519786,-4.916681],[119.497081,-4.71795],[119.591075,-4.564142],[119.626801,-4.314548],[119.646983,-3.97796],[119.593435,-4.026462],[119.454275,-3.700128],[119.497569,-3.495294],[119.297618,-3.427911],[118.926768,-3.566095],[118.764171,-3.090916],[118.848399,-3.067804],[118.885509,-2.869561],[118.771658,-2.862074],[118.757335,-2.775811],[118.806163,-2.629815],[118.914399,-2.64837],[119.135753,-2.454278],[119.134044,-2.203546],[119.216075,-2.009942],[119.347016,-1.959405],[119.31365,-1.245782],[119.453136,-1.096449],[119.525157,-0.860447],[119.733653,-0.633884],[119.846528,-0.874607]]],[[[127.74822,2.247382],[127.816173,2.233791],[127.781261,2.20893],[127.74822,2.247382]]],[[[128.160167,2.404853],[128.169932,2.297431],[128.154633,2.286363],[128.128673,2.358303],[128.160167,2.404853]]],[[[100.947276,1.825385],[100.799978,2.20893],[100.885916,2.298285],[101.050304,2.29149],[101.317149,2.024604],[101.427013,1.709296],[101.749197,1.661526],[102.118175,1.386542],[102.208507,1.024075],[102.425059,0.804267],[102.953787,0.675849],[103.083751,0.51557],[103.074718,0.442328],[102.581879,0.181098],[102.502696,0.236396],[102.430431,0.246324],[102.545746,0.169135],[102.90268,0.267768],[103.362153,0.536282],[103.541026,0.434638],[103.606293,0.310858],[103.645274,0.345282],[103.743419,0.27733],[103.801768,-0.007257],[103.576996,-0.013971],[103.575857,-0.104425],[103.270518,-0.257582],[103.489268,-0.211521],[103.436778,-0.337986],[103.345551,-0.366876],[103.598399,-0.436782],[103.417979,-0.517755],[103.372895,-0.449395],[103.41627,-0.575372],[103.345551,-0.695896],[103.828868,-1.073419],[103.955821,-0.976983],[104.212413,-1.073337],[104.377208,-1.031671],[104.537608,-1.760675],[104.497081,-1.935968],[104.564464,-1.85768],[104.636974,-1.921563],[104.588878,-2.019464],[104.654552,-1.970147],[104.685802,-2.044692],[104.814626,-2.008396],[104.882823,-2.125665],[104.757009,-2.330499],[104.606212,-2.402114],[104.709646,-2.370864],[104.713145,-2.557794],[104.569509,-2.656427],[104.531098,-2.772638],[104.731456,-2.590753],[104.771821,-2.414239],[104.883311,-2.284926],[104.928966,-2.37477],[104.980235,-2.32643],[105.62379,-2.401788],[105.618419,-2.594903],[105.778087,-2.690118],[105.809581,-2.899021],[106.028494,-2.982843],[106.073009,-3.255548],[105.900238,-3.407159],[105.819591,-3.67254],[105.952485,-3.833754],[105.812755,-4.238702],[105.906261,-4.469334],[105.867442,-4.82464],[105.909679,-4.943129],[105.8296,-5.654718],[105.729747,-5.896661],[105.279633,-5.444268],[105.23878,-5.568943],[105.180024,-5.580499],[105.216319,-5.698012],[105.154796,-5.726821],[105.215343,-5.759047],[105.163259,-5.786065],[104.681326,-5.506931],[104.551443,-5.508477],[104.716075,-5.921075],[104.56129,-5.928318],[104.541759,-5.841892],[103.993175,-5.312677],[103.991384,-5.246352],[103.901378,-5.21852],[103.891124,-5.104181],[103.705414,-4.955011],[103.414561,-4.869317],[103.172862,-4.617934],[102.920421,-4.492608],[102.312511,-3.991469],[102.222179,-3.642836],[101.611339,-3.224542],[101.326996,-2.73919],[101.104828,-2.587091],[100.923106,-2.333429],[100.833995,-2.159112],[100.887218,-2.037205],[100.857595,-1.89186],[100.65447,-1.617608],[100.569184,-1.330824],[100.406016,-1.264418],[100.433279,-1.20672],[100.366059,-1.150486],[100.416352,-1.047784],[100.301443,-0.816339],[99.823985,-0.313409],[99.747244,-0.02984],[99.341075,0.238756],[99.13795,0.263088],[99.100271,0.601752],[99.048595,0.61994],[98.844574,1.345893],[98.709646,1.564114],[98.753429,1.535631],[98.822602,1.630439],[98.773936,1.748603],[98.727061,1.791897],[98.690684,1.736274],[98.535167,1.936469],[98.269216,2.038072],[97.955903,2.271715],[97.744395,2.281073],[97.658214,2.411566],[97.602712,2.866197],[97.40504,2.943345],[97.270763,3.214423],[97.171641,3.254828],[96.883556,3.68244],[96.479503,3.778713],[96.197765,4.121283],[95.56544,4.637519],[95.198985,5.292873],[95.253591,5.411566],[95.212738,5.573147],[95.431895,5.65469],[95.611583,5.626654],[95.887543,5.512152],[96.088064,5.295478],[96.406586,5.217231],[96.973399,5.273424],[97.226553,5.146221],[97.526215,5.242255],[97.90919,4.889594],[97.996837,4.546454],[98.138194,4.53441],[98.275564,4.42536],[98.266368,4.211575],[98.178966,4.108222],[98.263031,4.177314],[98.305675,4.080308],[98.67662,3.914547],[98.796582,3.725443],[99.750743,3.180487],[99.857921,3.011461],[99.979503,2.948472],[99.953461,2.696234],[100.007986,2.602607],[99.973969,2.70307],[100.054942,2.727281],[100.125824,2.530097],[100.121104,2.66356],[100.210623,2.706244],[100.434337,2.273342],[100.812755,2.03974],[100.947276,1.825385]]],[[[120.478282,-9.641046],[120.839854,-10.051365],[120.72462,-10.196873],[120.449962,-10.310317],[120.15561,-10.220961],[119.967296,-9.983575],[119.634451,-9.769138],[119.406098,-9.790134],[119.096853,-9.717543],[118.935395,-9.553399],[119.024669,-9.437677],[119.168712,-9.385512],[119.629242,-9.341892],[119.79949,-9.383722],[119.958751,-9.29046],[120.094249,-9.461196],[120.229259,-9.492283],[120.271169,-9.642511],[120.478282,-9.641046]]],[[[115.550141,-8.666192],[115.624204,-8.768909],[115.588878,-8.807306],[115.468272,-8.731866],[115.550141,-8.666192]]],[[[119.695486,-8.667087],[119.791515,-8.6242],[119.709158,-8.693536],[119.698253,-8.801528],[119.615245,-8.77752],[119.634451,-8.596612],[119.695486,-8.667087]]],[[[119.559255,-8.518162],[119.569835,-8.590427],[119.456798,-8.596612],[119.4699,-8.740655],[119.381114,-8.740655],[119.415294,-8.443292],[119.559255,-8.518162]]],[[[123.348643,-8.268813],[123.289317,-8.404474],[123.019542,-8.391778],[123.156505,-8.243585],[123.348643,-8.268813]]],[[[116.633311,-8.275079],[116.743175,-8.391778],[116.500438,-8.802688],[116.565369,-8.895583],[116.446611,-8.92008],[116.47188,-8.839399],[116.423116,-8.836406],[116.403087,-8.954197],[116.068614,-8.855727],[116.019298,-8.908136],[115.839262,-8.816857],[115.848592,-8.724793],[116.087576,-8.737237],[116.027937,-8.445008],[116.286388,-8.236261],[116.393809,-8.201104],[116.633311,-8.275079]]],[[[119.086436,-8.131524],[119.137462,-8.190606],[119.051524,-8.261407],[119.020274,-8.189711],[119.086436,-8.131524]]],[[[119.203624,-8.610935],[119.151622,-8.742364],[118.971853,-8.751153],[118.898448,-8.688409],[118.701996,-8.748142],[118.926931,-8.796563],[118.908051,-8.850518],[118.714041,-8.799981],[118.414236,-8.853611],[118.414724,-8.58294],[118.393565,-8.674574],[118.157725,-8.867852],[118.024181,-8.850518],[117.890473,-8.936782],[117.725108,-8.912042],[117.388868,-9.053739],[117.192406,-9.023727],[117.009736,-9.107293],[116.728452,-8.963096],[116.824474,-8.799005],[116.748517,-8.666544],[116.838145,-8.507908],[116.984548,-8.495782],[117.195079,-8.357599],[117.43393,-8.481134],[117.442719,-8.41074],[117.558116,-8.40545],[117.592296,-8.514744],[117.623302,-8.438409],[117.639659,-8.540623],[117.743826,-8.569268],[117.805186,-8.719985],[117.969005,-8.748142],[118.068126,-8.655938],[118.281749,-8.641534],[118.233165,-8.548517],[117.970225,-8.461358],[117.71225,-8.240899],[117.740977,-8.147882],[117.917817,-8.08587],[118.149669,-8.134454],[118.312266,-8.37127],[118.46339,-8.249444],[118.647472,-8.288751],[118.695811,-8.37127],[118.667328,-8.547296],[118.753917,-8.32643],[118.972504,-8.302016],[119.052257,-8.645685],[119.167328,-8.559747],[119.203624,-8.610935]]],[[[123.026378,-8.288751],[122.904145,-8.363377],[122.897309,-8.460626],[122.803559,-8.437921],[122.849376,-8.552016],[122.807384,-8.610935],[122.449474,-8.734308],[122.114513,-8.732354],[121.780447,-8.887953],[121.690115,-8.850518],[121.646007,-8.905694],[121.581065,-8.817641],[121.396007,-8.794122],[121.340587,-8.918064],[120.994884,-8.940525],[120.833181,-8.81699],[120.747813,-8.871026],[120.577891,-8.790216],[120.279063,-8.82936],[120.165294,-8.76865],[119.9074,-8.871677],[119.805675,-8.740655],[119.867198,-8.412856],[119.990571,-8.447035],[120.422048,-8.227309],[120.976085,-8.337498],[121.50172,-8.601821],[121.625499,-8.467462],[121.892751,-8.492852],[122.019054,-8.425958],[122.039561,-8.514744],[122.288422,-8.633884],[122.477387,-8.594985],[122.485118,-8.483982],[122.598155,-8.395196],[122.88087,-8.28574],[122.94044,-8.193129],[122.740408,-8.222426],[122.862559,-8.069757],[122.979666,-8.146905],[123.026378,-8.288751]]],[[[115.502452,-8.172621],[115.700938,-8.419122],[115.322602,-8.623793],[115.203136,-8.747003],[115.229015,-8.830255],[115.134532,-8.850763],[115.094249,-8.818455],[115.181895,-8.746352],[115.156098,-8.662042],[114.927013,-8.467462],[114.604503,-8.386489],[114.447927,-8.12184],[114.504731,-8.090427],[114.857595,-8.193129],[115.022634,-8.172621],[115.193126,-8.055108],[115.502452,-8.172621]]],[[[108.821544,-7.678643],[109.043142,-7.778904],[108.797048,-7.701593],[108.821544,-7.678643]]],[[[115.570649,-6.904555],[115.382335,-6.910821],[115.348155,-6.940606],[115.400645,-6.972914],[115.317393,-6.952407],[115.293305,-7.007582],[115.214366,-6.928155],[115.275727,-6.835382],[115.570649,-6.904555]]],[[[112.700694,-5.726007],[112.731456,-5.828383],[112.604259,-5.847426],[112.582774,-5.794203],[112.700694,-5.726007]]],[[[102.406505,-5.403741],[102.390147,-5.476983],[102.283539,-5.499282],[102.098643,-5.334893],[102.172048,-5.280369],[102.406505,-5.403741]]],[[[115.851817,-4.739028],[115.806814,-4.821873],[115.773448,-4.815118],[115.851817,-4.739028]]],[[[116.324718,-3.532973],[116.434418,-3.409763],[116.385997,-3.639581],[116.324718,-3.532973]]],[[[116.267833,-3.218845],[116.306488,-3.904474],[116.091482,-4.066827],[116.016368,-3.629164],[116.119395,-3.324151],[116.267833,-3.218845]]],[[[100.508474,-3.122166],[100.536388,-3.176853],[100.528819,-3.183526],[100.493663,-3.160252],[100.508474,-3.122166]]],[[[100.398611,-3.183526],[100.460704,-3.334405],[100.189464,-2.966567],[100.178966,-2.802911],[100.227306,-2.772638],[100.46754,-3.015313],[100.472911,-3.113946],[100.398611,-3.183526]]],[[[100.206798,-2.693536],[100.13852,-2.820489],[100.015636,-2.834161],[99.97462,-2.49391],[100.206798,-2.693536]]],[[[99.694347,-2.067804],[99.846202,-2.38006],[99.603526,-2.265558],[99.52768,-2.14544],[99.564952,-2.030857],[99.694347,-2.067804]]],[[[108.964203,-1.573419],[108.858165,-1.663995],[108.793305,-1.580336],[108.900564,-1.532892],[108.964203,-1.573419]]],[[[109.759776,-1.103936],[109.502452,-1.292169],[109.417247,-1.25449],[109.475434,-0.976983],[109.723481,-0.987074],[109.759776,-1.103936]]],[[[99.274425,-1.634942],[99.274425,-1.73797],[99.254161,-1.654474],[99.200043,-1.628106],[99.254893,-1.772068],[99.1185,-1.802341],[98.884776,-1.679376],[98.593761,-1.198419],[98.658214,-0.963474],[98.898204,-0.915704],[99.164724,-1.414239],[99.130626,-1.448175],[99.274425,-1.634942]]],[[[98.42921,-0.243829],[98.500499,-0.565606],[98.275157,-0.52516],[98.336111,-0.517755],[98.42921,-0.243829]]],[[[98.406098,-0.007379],[98.559825,-0.278253],[98.549001,-0.381117],[98.295665,-0.007257],[98.406098,-0.007379]]],[[[103.29363,0.625434],[103.280772,0.538031],[103.140473,0.539374],[103.17921,0.695502],[103.29363,0.625434]]],[[[103.488536,0.845445],[103.523448,0.777818],[103.421235,0.873236],[103.488536,0.845445]]],[[[103.818614,0.886217],[103.898204,0.853339],[103.941417,0.775702],[103.911388,0.780748],[103.818614,0.886217]]],[[[103.489024,0.777045],[103.434337,0.647284],[103.345551,0.763373],[103.357432,0.872463],[103.489024,0.777045]]],[[[103.726248,0.873236],[103.831065,0.816352],[103.832286,0.765367],[103.726248,0.873236]]],[[[103.942149,0.99608],[103.921641,0.934638],[103.838878,1.002997],[103.880056,1.03148],[103.942149,0.99608]]],[[[104.791189,1.024075],[104.843516,1.018215],[104.832774,0.955146],[104.791189,1.024075]]],[[[107.529552,1.018052],[107.601573,1.009833],[107.559581,0.97016],[107.529552,1.018052]]],[[[103.443126,1.012763],[103.340831,1.019517],[103.333832,1.111396],[103.389822,1.130276],[103.443126,1.012763]]],[[[103.048676,0.797024],[103.007335,0.693834],[102.894705,0.789984],[102.516368,0.791327],[102.406505,0.873236],[102.500662,0.953274],[102.467621,1.106431],[102.556407,1.125678],[102.605479,1.011176],[102.663748,0.99608],[102.763845,1.011176],[103.048676,0.797024]]],[[[103.03712,1.044582],[103.174571,0.882148],[103.127126,0.834418],[102.790701,1.03148],[102.624766,1.021959],[102.715587,1.154446],[102.801768,1.163275],[103.03712,1.044582]]],[[[104.146332,1.160468],[104.092296,0.989936],[103.906749,1.071682],[104.030935,1.187893],[104.08546,1.133287],[104.090587,1.187812],[104.146332,1.160468]]],[[[104.654552,1.096381],[104.658702,0.927883],[104.567068,0.829535],[104.421072,0.95661],[104.485199,1.033677],[104.271007,1.003607],[104.231944,1.093329],[104.399669,1.202623],[104.575694,1.225409],[104.654552,1.096381]]],[[[102.473399,1.242011],[102.445567,1.076158],[102.468028,0.972561],[102.369314,0.935207],[102.232921,1.099514],[102.210623,1.398261],[102.290863,1.404527],[102.473399,1.242011]]],[[[102.462657,1.515448],[102.47877,1.270738],[102.330251,1.413275],[102.095551,1.475246],[102.007823,1.615383],[102.462657,1.515448]]],[[[98.462657,1.709296],[98.599132,1.631985],[98.431651,1.661526],[98.462657,1.709296]]],[[[97.151134,2.058092],[97.102306,2.016059],[97.069021,2.087144],[97.120128,2.113349],[97.151134,2.058092]]],[[[101.649262,2.128485],[101.775564,1.947984],[101.715099,1.778225],[101.625255,1.714423],[101.490733,1.736762],[101.397146,1.909369],[101.418142,2.04442],[101.649262,2.128485]]],[[[96.613292,2.119127],[96.671723,2.101996],[96.622895,2.070624],[96.613292,2.119127]]],[[[97.281261,2.229071],[97.321788,2.03144],[97.102794,2.212714],[97.281261,2.229071]]],[[[118.57488,2.294176],[118.654307,2.189683],[118.654307,2.182278],[118.578461,2.236884],[118.556407,2.312201],[118.6338,2.271674],[118.57488,2.294176]]],[[[109.108653,2.531684],[109.026703,2.485826],[108.96811,2.543647],[108.99643,2.561754],[109.108653,2.531684]]],[[[106.226248,2.817043],[106.237804,2.732856],[106.203298,2.819078],[106.226248,2.817043]]],[[[96.15797,2.680406],[96.481212,2.364],[96.334972,2.355455],[96.065684,2.579413],[95.790538,2.654608],[95.699555,2.831773],[95.78004,2.846381],[95.791515,2.942532],[95.911876,2.906236],[95.883067,2.846381],[96.126313,2.73371],[96.102794,2.654608],[96.15797,2.680406]]],[[[108.775157,2.895087],[108.898611,2.982856],[108.842459,2.846381],[108.775157,2.895087]]],[[[107.77296,3.025295],[107.811209,2.986802],[107.745128,2.983547],[107.77296,3.025295]]],[[[105.688731,3.059963],[105.853282,2.983547],[105.81186,2.904486],[105.712657,2.843166],[105.688731,3.059963]]],[[[106.285167,3.179104],[106.285167,3.087226],[106.279063,3.087226],[106.210704,3.12816],[106.207774,3.225328],[106.285167,3.179104]]],[[[117.43336,3.336412],[117.527517,3.290839],[117.417003,3.288723],[117.43336,3.336412]]],[[[106.230479,3.257961],[106.297374,3.358303],[106.279063,3.230618],[106.230479,3.257961]]],[[[117.531261,3.403144],[117.68393,3.399604],[117.648448,3.246039],[117.531261,3.403144]]],[[[117.784923,3.581977],[117.891287,3.455634],[117.826182,3.494086],[117.784923,3.581977]]],[[[117.517263,3.477037],[117.270763,3.50019],[117.218028,3.560289],[117.393728,3.566392],[117.517263,3.477037]]],[[[117.846202,3.79914],[117.784028,3.819648],[117.729503,3.868069],[117.807384,3.856147],[117.846202,3.79914]]],[[[117.661143,4.149237],[117.753184,4.051825],[117.665294,3.983059],[117.594493,4.06387],[117.661143,4.149237]]],[[[108.396169,3.990912],[108.317638,3.683783],[108.183849,3.648342],[108.094493,3.696194],[108.187022,3.792304],[108.28004,3.731513],[108.26238,3.792304],[108.062348,3.855943],[107.98463,4.01203],[108.224864,4.244818],[108.396169,3.990912]]],[[[108.005138,4.772366],[107.993419,4.691311],[107.937348,4.691392],[107.940603,4.708645],[108.005138,4.772366]]],[[[95.141775,5.66413],[95.156261,5.594794],[95.109141,5.622016],[95.141775,5.66413]]],[[[95.014659,5.744615],[95.126964,5.702053],[95.133311,5.691311],[95.122081,5.669257],[95.06072,5.656236],[95.014659,5.744615]]],[[[95.341807,5.89643],[95.382823,5.807074],[95.33839,5.779202],[95.213552,5.902533],[95.283865,5.857408],[95.341807,5.89643]]],[[[123.386485,-10.433038],[123.40919,-10.679132],[123.243419,-10.737726],[123.209158,-10.813084],[122.97169,-10.906183],[122.820974,-10.893243],[122.812511,-10.778416],[123.049164,-10.711358],[123.386485,-10.433038]]],[[[121.940196,-10.430108],[121.997895,-10.508966],[121.881847,-10.598321],[121.690115,-10.564223],[121.940196,-10.430108]]],[[[123.389415,-10.175226],[123.506114,-10.186782],[123.396251,-10.227797],[123.413422,-10.332615],[123.321788,-10.338962],[123.389415,-10.175226]]],[[[123.927989,-8.227309],[123.572113,-8.471612],[123.583018,-8.565525],[123.500011,-8.52158],[123.406749,-8.589451],[123.227306,-8.526056],[123.485688,-8.350763],[123.36964,-8.316664],[123.414236,-8.267185],[123.567638,-8.247735],[123.517914,-8.35296],[123.589122,-8.37363],[123.641612,-8.223077],[123.701345,-8.251235],[123.804454,-8.178888],[123.927989,-8.227309]]],[[[124.308116,-8.220473],[124.149587,-8.539321],[124.059337,-8.551528],[124.018809,-8.429946],[123.907237,-8.454848],[124.023285,-8.313409],[124.109386,-8.384942],[124.258149,-8.182061],[124.308116,-8.220473]]],[[[138.78533,-8.158949],[138.894054,-8.40545],[138.548025,-8.347101],[138.675059,-8.189142],[138.78533,-8.158949]]],[[[125.134044,-8.217055],[125.123302,-8.352309],[124.427908,-8.467462],[124.333507,-8.413018],[124.547618,-8.230727],[124.392426,-8.265232],[124.475271,-8.132582],[124.568696,-8.131036],[124.603038,-8.206801],[124.952322,-8.149835],[125.134044,-8.217055]]],[[[127.761567,-8.117446],[128.127452,-8.16131],[128.025645,-8.261407],[127.761567,-8.117446]]],[[[131.037608,-8.083266],[131.181651,-8.124933],[130.763357,-8.350763],[130.926443,-8.132501],[131.037608,-8.083266]]],[[[129.819347,-7.819268],[129.776378,-8.055352],[129.585216,-7.902032],[129.632498,-7.795994],[129.819347,-7.819268]]],[[[126.836762,-7.726332],[126.559337,-7.81992],[126.466156,-7.966567],[126.053966,-7.884698],[125.774181,-8.007582],[125.81422,-7.850274],[125.968923,-7.660089],[126.32838,-7.695733],[126.626964,-7.559991],[126.836762,-7.726332]]],[[[127.470225,-7.527765],[127.4817,-7.590102],[127.357677,-7.655694],[127.372732,-7.506117],[127.470225,-7.527765]]],[[[138.938975,-7.542087],[139.075531,-7.576267],[138.977224,-7.840916],[138.891124,-7.898045],[138.904145,-8.07586],[138.660899,-8.169041],[138.375987,-8.409601],[137.849132,-8.377537],[137.638194,-8.425877],[137.759044,-8.073419],[138.088634,-7.559828],[138.39503,-7.40488],[138.717052,-7.359552],[138.804535,-7.3742],[138.938975,-7.542087]]],[[[131.743337,-7.196059],[131.642751,-7.254815],[131.709239,-7.417901],[131.633067,-7.62005],[131.389903,-7.847101],[131.316742,-8.017999],[131.283458,-7.93613],[131.229666,-8.003513],[131.116222,-8.000746],[131.09018,-7.84881],[131.161143,-7.799574],[131.114757,-7.706964],[131.249848,-7.706638],[131.181326,-7.649591],[131.241547,-7.487726],[131.453136,-7.334405],[131.568614,-7.130955],[131.654307,-7.112888],[131.654633,-7.172133],[131.704112,-7.131524],[131.743337,-7.196059]]],[[[131.918468,-7.103611],[131.965587,-7.254653],[131.87794,-7.164483],[131.732188,-7.141209],[131.918468,-7.103611]]],[[[128.699718,-7.109552],[128.638682,-7.219903],[128.528819,-7.130548],[128.61964,-7.063165],[128.699718,-7.109552]]],[[[113.923676,-6.864841],[114.124801,-6.98161],[113.909979,-7.048063],[113.872813,-7.128839],[113.610052,-7.129187],[113.513425,-7.247782],[113.165538,-7.219903],[113.122325,-7.139418],[113.12794,-7.231052],[112.72641,-7.158787],[112.692638,-7.058526],[112.915294,-6.891697],[113.923676,-6.864841]]],[[[105.264171,-6.527927],[105.203868,-6.673272],[105.175466,-6.583103],[105.120128,-6.630955],[105.188487,-6.547621],[105.264171,-6.527927]]],[[[134.457042,-6.445245],[134.499278,-6.637791],[134.401703,-6.657485],[134.436534,-6.682061],[134.31072,-6.85947],[134.185069,-6.918634],[134.073416,-6.826755],[134.110606,-6.459161],[134.209972,-6.50742],[134.120372,-6.419854],[134.102712,-6.180108],[134.457042,-6.445245]]],[[[120.47047,-5.76686],[120.558604,-6.066339],[120.481293,-6.477309],[120.429454,-6.185805],[120.47047,-5.76686]]],[[[104.786794,-5.74212],[104.83839,-5.820408],[104.770356,-5.752048],[104.786794,-5.74212]]],[[[132.802013,-5.787367],[132.775564,-5.923923],[132.691905,-5.928806],[132.619802,-5.60296],[132.69752,-5.597426],[132.802013,-5.787367]]],[[[134.758067,-6.157892],[134.701834,-6.321873],[134.607758,-6.369561],[134.333507,-6.221449],[134.276622,-6.119317],[134.367686,-6.034356],[134.301768,-6.01629],[134.288097,-5.923923],[134.378266,-5.793715],[134.201996,-5.712498],[134.351817,-5.714451],[134.457042,-5.534112],[134.504731,-5.547784],[134.508311,-5.429376],[134.628266,-5.444757],[134.696544,-5.534112],[134.635102,-5.5888],[134.758067,-5.671319],[134.702891,-5.835707],[134.764903,-5.890395],[134.696544,-5.917739],[134.736095,-5.969496],[134.654307,-5.933282],[134.601085,-5.951837],[134.772227,-6.089614],[134.691091,-6.188084],[134.758067,-6.157892]]],[[[133.184337,-5.310317],[133.113292,-5.595636],[132.842296,-5.99684],[133.110118,-5.310968],[133.184337,-5.310317]]],[[[122.067393,-5.21502],[122.046886,-5.451593],[121.968272,-5.46795],[121.806814,-5.259861],[121.853852,-5.102146],[121.977306,-5.070489],[122.067393,-5.21502]]],[[[131.725108,-4.731703],[131.754405,-4.736505],[131.736501,-4.76629],[131.725108,-4.731703]]],[[[122.78004,-4.916599],[122.604259,-5.159926],[122.658539,-5.296482],[122.598399,-5.420099],[122.543468,-5.428806],[122.511485,-5.286716],[122.468598,-5.396417],[122.407237,-5.353204],[122.45102,-5.315037],[122.363943,-5.389825],[122.279633,-5.369724],[122.33253,-5.123793],[122.402599,-5.061782],[122.327485,-4.842055],[122.38266,-4.745864],[122.711111,-4.615492],[122.78004,-4.916599]]],[[[131.660899,-4.534275],[131.633474,-4.430434],[131.680431,-4.524021],[131.660899,-4.534275]]],[[[123.046886,-5.137465],[123.213145,-5.30169],[123.14503,-5.385431],[122.876231,-5.458429],[122.918224,-5.527439],[122.827647,-5.676202],[122.746593,-5.679376],[122.735606,-5.626886],[122.638357,-5.662205],[122.567149,-5.506931],[122.814708,-5.211358],[122.757579,-5.20672],[122.804454,-5.043634],[122.752696,-5.033868],[122.833507,-4.929132],[122.854991,-4.609552],[122.908946,-4.474542],[123.041352,-4.384373],[123.20045,-4.589044],[123.219737,-4.816664],[123.149913,-4.71795],[123.052094,-4.74033],[122.94988,-5.190199],[123.046886,-5.137465]]],[[[133.324229,-4.108331],[133.627696,-4.300226],[133.388194,-4.204685],[133.324229,-4.108331]]],[[[131.294607,-4.063165],[131.391856,-4.153497],[131.281505,-4.070001],[131.294607,-4.063165]]],[[[131.209158,-3.978936],[131.249848,-4.009698],[131.239594,-4.047052],[131.209158,-3.978936]]],[[[123.204438,-3.992934],[123.253429,-4.089776],[123.1963,-4.187677],[123.136241,-4.238702],[123.04477,-4.209649],[122.950694,-4.047052],[123.028168,-3.97381],[123.204438,-3.992934]]],[[[131.444835,-4.036716],[131.400645,-4.047052],[131.36964,-3.962172],[131.416026,-3.958591],[131.444835,-4.036716]]],[[[128.746349,-3.659763],[128.810557,-3.676446],[128.761729,-3.69964],[128.746349,-3.659763]]],[[[123.177257,-3.573989],[123.119884,-3.629164],[123.061046,-3.570896],[123.140636,-3.539158],[123.177257,-3.573989]]],[[[128.427094,-3.522719],[128.563813,-3.591892],[128.392914,-3.642836],[128.427094,-3.522719]]],[[[128.330821,-3.511895],[128.334972,-3.627211],[128.251964,-3.614923],[128.236501,-3.722263],[128.097423,-3.773207],[128.202891,-3.639337],[127.933442,-3.763442],[127.912364,-3.703058],[127.984141,-3.620538],[128.330821,-3.511895]]],[[[128.720551,-3.525567],[128.728038,-3.614923],[128.668793,-3.569268],[128.636241,-3.622817],[128.561046,-3.493748],[128.720551,-3.525567]]],[[[127.259776,-3.371189],[127.20574,-3.659601],[126.696573,-3.863792],[126.203021,-3.630994],[126.052628,-3.44632],[125.991742,-3.248191],[126.090921,-3.112098],[126.202001,-3.181842],[126.421397,-3.070489],[126.840017,-3.073663],[127.093516,-3.200779],[127.054535,-3.323012],[127.259776,-3.371189]]],[[[106.908946,-2.929783],[106.861176,-3.028985],[106.722667,-2.966078],[106.812511,-2.892185],[106.908946,-2.929783]]],[[[107.064626,-2.822524],[107.083751,-2.909845],[107.017076,-2.880206],[107.064626,-2.822524]]],[[[107.341292,-2.886858],[107.484386,-2.820489],[107.504731,-2.854669],[107.410147,-2.947565],[107.341292,-2.886858]]],[[[130.87322,-3.573989],[130.817882,-3.868829],[130.00172,-3.473077],[129.890473,-3.333103],[129.509613,-3.302504],[129.563243,-3.43963],[129.485606,-3.463474],[128.960785,-3.355564],[128.981944,-3.251886],[128.877452,-3.202569],[128.692556,-3.348728],[128.677582,-3.432306],[128.484141,-3.462498],[128.272146,-3.211521],[128.178722,-3.194268],[128.165782,-3.06699],[127.926036,-3.553481],[127.930186,-3.323337],[127.842296,-3.173272],[128.103689,-3.06699],[128.117931,-2.984308],[128.069998,-2.970636],[128.175466,-2.857029],[128.865245,-2.862074],[129.052908,-2.804457],[129.105235,-2.947931],[129.177094,-2.957696],[129.400238,-2.791599],[129.541026,-2.780043],[129.964854,-2.973565],[130.389334,-2.993829],[130.587901,-3.12949],[130.666677,-3.403578],[130.81658,-3.434259],[130.87322,-3.573989]]],[[[131.57252,-2.651056],[131.639903,-2.613702],[131.654633,-2.613214],[131.57252,-2.651056]]],[[[108.293712,-2.848403],[108.204356,-3.005466],[108.210623,-3.135837],[108.090831,-3.161391],[108.073985,-3.226007],[107.980968,-3.239841],[107.870453,-3.05169],[107.815196,-3.16725],[107.602794,-3.228858],[107.611013,-2.917901],[107.54713,-2.916681],[107.670258,-2.561456],[107.834321,-2.525079],[108.0324,-2.642348],[108.097911,-2.608168],[108.293712,-2.848403]]],[[[134.581228,-2.416436],[134.521495,-2.406671],[134.566905,-2.292901],[134.581309,-2.307875],[134.581228,-2.416436]]],[[[134.38502,-2.003595],[134.42628,-2.039727],[134.359874,-2.153253],[134.333263,-2.083266],[134.38502,-2.003595]]],[[[125.977224,-2.180352],[126.075857,-2.462986],[126.013438,-2.459568],[125.904552,-2.231378],[125.863536,-2.053318],[125.93336,-1.964532],[125.99879,-2.015232],[125.977224,-2.180352]]],[[[123.787364,-1.873956],[123.869314,-1.998142],[123.7942,-1.99212],[123.787364,-1.873956]]],[[[126.329112,-1.819268],[125.927582,-1.93141],[125.43214,-1.94964],[125.43214,-1.881443],[125.335297,-1.850681],[125.40211,-1.774672],[126.329112,-1.819268]]],[[[123.094574,-1.75506],[123.152843,-1.823826],[123.072765,-1.901625],[123.094574,-1.75506]]],[[[134.23585,-1.738539],[134.244802,-1.796075],[134.175141,-1.943455],[134.168956,-1.829848],[134.23585,-1.738539]]],[[[130.439952,-1.835707],[130.344249,-1.928481],[130.43686,-1.976332],[130.373546,-2.012791],[130.338145,-1.94964],[130.256114,-2.045831],[130.126475,-2.06699],[129.714854,-1.881443],[130.342947,-1.67669],[130.439952,-1.835707]]],[[[125.268728,-1.728204],[125.31837,-1.882582],[125.050466,-1.887953],[125.01352,-1.944268],[124.828298,-1.895115],[124.543224,-2.006524],[124.406016,-2.004083],[124.329112,-1.870782],[124.384939,-1.667901],[124.518077,-1.626235],[124.955577,-1.696466],[125.048025,-1.765313],[125.110037,-1.758477],[125.120291,-1.682794],[125.185232,-1.703871],[125.196788,-1.788751],[125.268728,-1.728204]]],[[[135.422211,-1.610772],[136.899425,-1.799493],[136.266368,-1.909356],[135.718028,-1.703302],[135.497895,-1.682794],[135.422211,-1.610772]]],[[[106.318858,-2.431329],[106.833263,-2.580255],[106.721934,-2.629327],[106.60377,-2.910252],[106.751964,-3.073663],[106.532237,-3.105645],[106.436046,-2.970636],[105.986501,-2.821222],[105.907563,-2.674574],[105.944347,-2.498793],[105.828787,-2.395115],[105.780447,-2.150811],[105.565766,-2.06699],[105.306407,-2.135024],[105.147472,-2.080011],[105.135916,-1.965509],[105.402354,-1.783298],[105.349864,-1.648696],[105.565766,-1.531915],[105.702891,-1.65545],[105.663097,-1.739679],[105.812755,-1.792657],[105.695567,-1.531915],[105.913748,-1.494236],[106.041515,-1.583591],[106.035492,-1.678318],[106.179454,-1.888279],[106.200694,-2.178155],[106.318858,-2.431329]]],[[[135.10906,-1.47381],[135.333995,-1.484145],[135.096853,-1.508559],[135.10906,-1.47381]]],[[[128.145193,-1.594008],[128.151134,-1.669692],[128.051524,-1.714532],[127.532725,-1.731378],[127.378673,-1.632257],[127.428396,-1.415134],[127.487804,-1.449965],[127.634288,-1.328709],[128.145193,-1.594008]]],[[[127.689952,-1.2138],[127.666026,-1.271905],[127.460704,-1.235772],[127.547211,-1.171075],[127.689952,-1.2138]]],[[[123.352224,-1.229181],[123.550955,-1.284763],[123.528575,-1.433038],[123.408376,-1.516534],[123.288585,-1.421563],[123.243337,-1.63242],[123.110688,-1.576918],[123.184825,-1.48561],[123.152354,-1.300551],[122.895844,-1.589532],[122.812022,-1.443617],[122.913829,-1.176365],[123.189464,-1.145278],[123.246104,-1.223403],[123.198741,-1.268731],[123.231944,-1.394708],[123.352224,-1.229181]]],[[[129.954438,-1.162693],[129.859223,-1.233168],[129.743907,-1.199884],[129.858653,-1.142022],[129.954438,-1.162693]]],[[[134.99822,-1.01865],[134.925792,-1.135512],[134.800059,-1.027765],[134.877778,-0.93613],[134.9546,-0.990655],[134.927989,-1.072035],[134.99822,-1.01865]]],[[[131.034841,-0.914809],[130.961925,-1.353774],[130.758067,-1.238214],[130.64975,-0.97381],[130.891856,-0.889907],[131.034841,-0.914809]]],[[[130.917247,-0.778416],[130.819347,-0.870294],[130.400157,-0.929295],[130.478526,-0.7999],[130.519054,-0.839614],[130.917247,-0.778416]]],[[[136.375662,-1.093683],[136.160655,-1.22088],[135.88502,-1.183038],[135.765391,-0.839288],[135.660818,-0.88714],[135.484874,-0.757257],[135.458669,-0.792739],[135.370372,-0.635919],[135.777517,-0.748712],[135.869314,-0.70379],[136.1963,-1.066583],[136.375662,-1.093683]]],[[[127.261241,-0.620212],[127.278819,-0.805597],[127.155528,-0.772393],[127.200857,-0.622817],[127.261241,-0.620212]]],[[[130.677582,-0.435805],[130.641124,-0.52752],[130.571544,-0.531996],[130.596853,-0.464532],[130.461681,-0.52516],[130.505056,-0.441339],[130.677582,-0.435805]]],[[[121.853852,-0.401056],[121.894786,-0.507908],[121.735362,-0.479913],[121.642263,-0.545587],[121.752126,-0.401056],[121.853852,-0.401056]]],[[[104.469574,-0.332127],[104.599376,-0.4638],[104.511241,-0.613946],[104.420421,-0.574965],[104.356293,-0.661716],[104.25587,-0.475518],[104.284028,-0.401056],[104.339366,-0.346449],[104.346039,-0.428399],[104.469574,-0.332127]]],[[[122.029552,-0.332127],[122.026622,-0.406915],[121.86085,-0.377862],[121.926524,-0.31227],[122.029552,-0.332127]]],[[[127.888927,-0.764744],[127.754893,-0.887628],[127.625743,-0.752374],[127.457693,-0.815606],[127.470225,-0.64129],[127.295258,-0.494317],[127.316661,-0.339614],[127.4463,-0.415297],[127.516856,-0.301935],[127.578624,-0.324965],[127.687999,-0.480645],[127.604015,-0.61712],[127.65268,-0.707208],[127.789561,-0.68963],[127.888927,-0.764744]]],[[[127.23463,-0.490411],[127.108572,-0.501072],[127.110362,-0.287693],[127.174815,-0.255548],[127.29713,-0.281915],[127.23463,-0.490411]]],[[[103.712738,-0.269708],[103.756521,-0.346449],[103.461681,-0.366876],[103.557872,-0.223403],[103.712738,-0.269708]]],[[[122.177094,-0.196384],[122.236501,-0.27337],[122.144379,-0.233005],[122.177094,-0.196384]]],[[[122.32781,-0.230564],[122.375987,-0.346449],[122.225841,-0.199395],[122.32781,-0.230564]]],[[[121.574555,-0.18255],[121.597423,-0.124688],[121.649669,-0.147393],[121.624522,-0.198419],[121.574555,-0.18255]]],[[[131.297374,-0.159275],[131.34547,-0.288181],[131.25294,-0.384373],[131.098481,-0.322931],[130.979015,-0.36004],[130.879405,-0.254083],[130.796723,-0.23919],[130.715505,-0.093194],[130.625255,-0.084975],[130.750987,-0.28753],[130.887055,-0.296482],[130.948253,-0.366876],[130.756033,-0.445977],[130.688243,-0.291192],[130.579112,-0.333917],[130.547374,-0.43613],[130.523692,-0.257582],[130.375662,-0.274591],[130.217052,-0.20086],[130.424083,-0.199314],[130.406261,-0.127374],[130.29713,-0.165216],[130.28061,-0.104994],[130.338145,-0.079522],[130.358653,-0.127374],[130.358653,-0.079522],[130.824718,-0.003839],[131.153656,-0.085707],[131.297374,-0.159275]]],[[[104.848888,-0.139581],[105.011485,-0.281508],[104.917166,-0.28753],[104.935232,-0.332127],[104.735525,-0.214451],[104.541352,-0.271254],[104.435557,-0.192153],[104.564626,0.030341],[104.766287,-0.188246],[104.848888,-0.139581]]],[[[129.536876,-0.13421],[129.540294,-0.216729],[129.293468,0.047675],[129.309255,0.048041],[129.536876,-0.13421]]],[[[127.459972,-0.003839],[127.398611,0.003079],[127.408865,0.14704],[127.452485,0.140204],[127.459972,-0.003839]]],[[[104.41391,0.175849],[104.476573,0.023505],[104.411388,0.091702],[104.41391,0.175849]]],[[[104.548106,0.224311],[104.702891,0.032782],[104.490245,0.242621],[104.548106,0.224311]]],[[[104.358165,0.368883],[104.405121,0.292141],[104.339366,0.365465],[104.358165,0.368883]]],[[[127.398692,0.379584],[127.417166,0.312934],[127.358165,0.283515],[127.337087,0.348782],[127.398692,0.379584]]],[[[104.215831,0.708157],[104.270518,0.675035],[104.277354,0.626166],[104.266449,0.633002],[104.215831,0.708157]]],[[[127.378673,0.623033],[127.384939,0.757148],[127.418468,0.757148],[127.4463,0.667182],[127.378673,0.623033]]],[[[104.284028,0.708157],[104.205577,0.72606],[104.195811,0.779975],[104.27296,0.796536],[104.284028,0.708157]]],[[[127.363455,0.840969],[127.312836,0.757148],[127.288829,0.8369],[127.363455,0.840969]]],[[[104.099132,0.94892],[104.257498,0.839667],[104.176443,0.798489],[104.099132,0.94892]]],[[[97.928477,0.99608],[97.874278,0.622016],[97.819347,0.558539],[97.704112,0.57274],[97.61378,0.823554],[97.395356,0.944892],[97.247244,1.267035],[97.06365,1.415229],[97.23585,1.416693],[97.33546,1.537665],[97.416759,1.519232],[97.928477,0.99608]]],[[[125.295095,1.551663],[125.2671,1.413804],[125.185313,1.390692],[125.174653,1.415473],[125.250011,1.448635],[125.295095,1.551663]]],[[[127.666026,-0.209242],[127.715587,0.312567],[127.576508,0.415513],[127.526866,0.560614],[127.624522,0.832221],[127.49464,0.905015],[127.491954,1.054918],[127.404145,1.042792],[127.398611,1.209052],[127.540782,1.475653],[127.629731,1.835395],[127.934825,2.187649],[128.047374,2.203843],[127.846446,1.851467],[128.014903,1.719224],[128.014903,1.305243],[127.627615,0.937405],[127.741873,0.81802],[127.851736,0.811754],[127.993907,1.082994],[128.179454,1.154446],[128.17628,1.232978],[128.092052,1.25727],[128.2046,1.38996],[128.437266,1.539293],[128.719493,1.570624],[128.701182,1.070868],[128.300466,0.893744],[128.213552,0.773912],[128.364594,0.643622],[128.680837,0.554511],[128.690115,0.346991],[128.824229,0.310858],[128.899587,0.20779],[128.461111,0.394843],[127.960216,0.482815],[127.910492,0.43769],[127.885753,0.023505],[127.980724,-0.263849],[128.227794,-0.709568],[128.440684,-0.908787],[128.250987,-0.866795],[128.249522,-0.796482],[128.032237,-0.699314],[127.88559,-0.40602],[127.666026,-0.209242]]],[[[125.369477,2.374091],[125.452647,2.333075],[125.392345,2.32567],[125.369477,2.374091]]],[[[128.686371,2.483954],[128.566661,2.109931],[128.269054,1.995347],[128.197113,2.266181],[128.321137,2.458645],[128.566417,2.633612],[128.686371,2.483954]]],[[[125.443614,2.793036],[125.421072,2.633938],[125.392589,2.628892],[125.360118,2.753323],[125.443614,2.793036]]],[[[125.652517,3.469631],[125.617198,3.395087],[125.507335,3.463324],[125.442068,3.736558],[125.652517,3.469631]]],[[[126.743993,3.853385],[126.811588,3.823866],[126.856057,3.758195],[126.81153,3.731862],[126.743993,3.853385]]],[[[126.615108,4.043915],[126.712629,3.920714],[126.696089,3.812256],[126.615108,4.043915]]],[[[126.875011,4.49433],[126.92213,4.28205],[126.809875,4.157244],[126.798438,4.017644],[126.67642,4.004483],[126.803207,4.222968],[126.7107,4.264137],[126.744395,4.5456],[126.875011,4.49433]]],[[[122.352224,-8.480157],[122.410167,-8.443943],[122.40919,-8.486749],[122.352224,-8.480157]]],[[[121.676117,-8.309259],[121.745291,-8.3117],[121.708995,-8.35475],[121.676117,-8.309259]]],[[[121.75408,-7.379083],[121.834809,-7.388279],[121.759044,-7.415785],[121.75408,-7.379083]]],[[[114.541026,-7.118585],[114.618826,-7.16725],[114.495372,-7.154718],[114.541026,-7.118585]]],[[[114.322255,-7.050031],[114.391856,-7.178888],[114.269762,-7.080835],[114.322255,-7.050031]]],[[[123.365733,-1.67311],[123.378184,-1.712823],[123.280284,-1.785821],[123.279796,-1.748224],[123.365733,-1.67311]]],[[[122.139415,-0.38421],[122.070567,-0.398045],[122.076671,-0.269138],[122.094737,-0.263849],[122.139415,-0.38421]]],[[[130.030935,-7.762628],[130.080333,-7.787367],[130.025645,-7.772556],[130.030935,-7.762628]]],[[[130.000987,-7.70672],[129.997244,-7.748224],[129.982595,-7.704848],[130.000987,-7.70672]]],[[[129.694591,-7.577569],[129.658539,-7.535089],[129.713878,-7.558201],[129.694591,-7.577569]]],[[[129.150401,-6.991469],[129.117442,-6.972752],[129.144786,-6.962091],[129.150401,-6.991469]]],[[[129.511567,-6.769708],[129.486339,-6.729099],[129.529063,-6.723077],[129.511567,-6.769708]]],[[[130.026052,-6.318455],[129.998709,-6.317153],[129.997813,-6.309747],[130.026052,-6.318455]]],[[[127.55128,-5.512384],[127.555186,-5.506606],[127.561371,-5.517267],[127.55128,-5.512384]]],[[[127.554861,-5.490492],[127.556977,-5.49977],[127.545909,-5.495294],[127.554861,-5.490492]]],[[[127.79005,-5.409601],[127.798513,-5.40016],[127.803396,-5.407647],[127.79005,-5.409601]]],[[[127.776866,-5.34881],[127.779063,-5.342869],[127.785167,-5.35296],[127.776866,-5.34881]]],[[[131.962413,-5.34352],[132.016287,-5.330824],[131.965587,-5.388767],[131.962413,-5.34352]]],[[[129.757823,-4.522556],[129.778331,-4.524509],[129.770274,-4.539321],[129.757823,-4.522556]]],[[[134.32252,0.730536],[134.342947,0.765204],[134.346934,0.752021],[134.32252,0.730536]]],[[[131.244151,1.029731],[131.237071,1.02497],[131.244884,1.035346],[131.244151,1.029731]]],[[[131.253591,1.052639],[131.271169,1.072008],[131.254893,1.044257],[131.253591,1.052639]]],[[[126.347179,1.32331],[126.401622,1.332017],[126.38087,1.283393],[126.347179,1.32331]]],[[[125.354259,2.129869],[125.403168,2.102769],[125.334239,2.081855],[125.354259,2.129869]]],[[[126.59547,5.548407],[126.598643,5.565375],[126.602875,5.564032],[126.59547,5.548407]]],[[[121.564952,-10.603692],[121.595225,-10.634535],[121.527192,-10.629571],[121.564952,-10.603692]]],[[[115.89088,-7.10711],[115.894298,-7.164483],[115.837738,-7.197198],[115.743012,-7.150323],[115.880219,-7.158461],[115.89088,-7.10711]]],[[[134.727794,-6.504571],[134.674815,-6.563084],[134.62379,-6.486098],[134.684337,-6.457778],[134.727794,-6.504571]]],[[[110.421641,-5.851332],[110.465587,-5.839532],[110.437999,-5.881036],[110.421641,-5.851332]]],[[[134.169688,-5.768324],[134.220388,-5.815606],[134.180512,-5.827325],[134.169688,-5.768324]]],[[[133.591807,-2.461521],[133.562999,-2.512872],[133.490001,-2.431248],[133.50587,-2.424493],[133.591807,-2.461521]]],[[[123.523285,-1.48268],[123.601329,-1.702813],[123.4935,-1.709649],[123.523285,-1.48268]]],[[[128.306163,-0.943292],[128.406749,-1.025974],[128.330333,-1.020196],[128.306163,-0.943292]]],[[[129.848888,-0.432387],[129.913829,-0.44256],[129.864431,-0.49863],[129.848888,-0.432387]]],[[[98.547597,0.159327],[98.805744,0.160916],[98.851685,0.109621],[98.53874,0.090335],[98.547597,0.159327]]],[[[104.720714,0.73786],[104.754161,0.73725],[104.739268,0.716254],[104.720714,0.73786]]],[[[104.639171,0.847968],[104.661388,0.820136],[104.630382,0.806545],[104.639171,0.847968]]],[[[125.129405,1.828437],[125.177013,1.778754],[125.144705,1.741848],[125.129405,1.828437]]],[[[127.123057,4.752509],[127.145763,4.752183],[127.135997,4.740383],[127.123057,4.752509]]]]}},{"type":"Feature","properties":{"ISO3166-1-Alpha-3":"MYS"},"geometry":{"type":"MultiPolygon","coordinates":[[[[117.738071,4.157242],[117.701671,4.267524],[117.907039,4.156683],[117.738071,4.157242]]],[[[102.07309,6.257514],[103.448009,4.806545],[103.441173,2.922105],[104.277354,1.367336],[103.965994,1.647854],[104.009776,1.448635],[103.516368,1.270453],[101.865245,2.394517],[100.709483,3.883043],[100.87143,4.018866],[100.56544,4.319159],[100.166836,6.695122],[101.081664,6.246467],[101.122179,5.62989],[101.557914,5.911346],[101.800483,5.739909],[102.07309,6.257514]]],[[[115.146169,4.908515],[115.556977,5.067206],[115.392589,5.413275],[115.848643,5.560004],[116.777354,7.02676],[116.783946,6.59162],[117.150238,7.003119],[117.295909,6.636298],[117.727061,6.451158],[117.468761,5.868557],[118.016856,6.060981],[117.960297,5.687161],[118.365245,5.813788],[119.278087,5.344631],[118.136485,4.88231],[118.556895,4.363511],[117.656016,4.424221],[117.567149,4.159654],[115.844122,4.389216],[115.464094,3.030824],[115.069079,2.832645],[115.206125,2.509874],[114.778761,2.247202],[114.545597,1.434952],[113.624826,1.227575],[112.470478,1.567657],[111.823076,1.008467],[110.553903,0.85137],[109.65804,1.59719],[109.645274,2.083238],[109.927745,1.692288],[110.329356,1.802558],[110.677908,1.448635],[110.793305,1.572414],[111.141938,1.371527],[111.232677,1.394599],[111.340587,1.333319],[111.383556,1.353664],[111.005626,1.584459],[111.267426,1.627346],[111.096039,1.774482],[111.37794,2.161811],[111.220958,2.416083],[111.365489,2.340766],[111.493419,2.346137],[111.457856,2.705634],[113.007823,3.161689],[113.975841,4.594713],[114.627762,4.016681],[115.015798,4.916409],[115.346272,4.313769],[115.146169,4.908515]]],[[[118.181,5.851264],[118.230805,5.831936],[118.165538,5.827541],[118.181,5.851264]]],[[[111.381033,2.697903],[111.312673,2.431342],[111.31544,2.784491],[111.381033,2.697903]]],[[[104.186209,2.885321],[104.130626,2.745795],[104.170665,2.891099],[104.186209,2.885321]]],[[[118.675141,4.498358],[118.674815,4.436591],[118.644054,4.495307],[118.675141,4.498358]]],[[[118.346446,4.676215],[118.59962,4.635199],[118.535167,4.601304],[118.346446,4.676215]]],[[[115.189138,5.344794],[115.259288,5.291205],[115.15919,5.252183],[115.189138,5.344794]]],[[[100.179454,5.458197],[100.288748,5.262681],[100.184337,5.268541],[100.179454,5.458197]]],[[[99.805596,6.171793],[99.800442,6.272811],[99.836978,6.294227],[99.805596,6.171793]]],[[[99.842029,6.469639],[99.728735,6.261476],[99.645228,6.435841],[99.842029,6.469639]]],[[[117.443858,6.698554],[117.506602,6.673489],[117.346934,6.654975],[117.443858,6.698554]]],[[[116.900157,7.287421],[117.01002,7.279975],[116.851817,7.198065],[116.900157,7.287421]]],[[[117.067719,7.280015],[117.26238,7.201972],[117.071544,7.102484],[117.067719,7.280015]]],[[[101.262869,3.056342],[101.259613,3.030219],[101.23699,3.035061],[101.262869,3.056342]]],[[[101.305919,3.063951],[101.335297,3.009019],[101.268077,2.965155],[101.305919,3.063951]]]]}},{"type":"Feature","properties":{"ISO3166-1-Alpha-3":"CHL"},"geometry":{"type":"MultiPolygon","coordinates":[[[[-69.510089,-17.506588],[-69.081722,-18.039983],[-68.989609,-18.946491],[-68.447626,-19.434627],[-68.76541,-20.421233],[-68.207537,-21.284333],[-67.887092,-22.818709],[-67.013967,-23.000714],[-67.362369,-24.030367],[-68.572373,-24.769856],[-68.366649,-25.123427],[-68.605963,-25.436999],[-68.409024,-26.144243],[-68.595317,-26.457299],[-68.330476,-27.044963],[-68.814322,-27.120307],[-69.653031,-28.397852],[-70.040655,-29.297539],[-69.835758,-30.161879],[-70.5414,-31.188173],[-70.109463,-33.169602],[-69.787674,-33.379408],[-69.828885,-34.23331],[-70.578891,-35.259707],[-70.386939,-36.058728],[-71.195159,-36.839146],[-70.837584,-38.584465],[-71.399901,-38.910544],[-71.503512,-39.601664],[-71.714352,-39.601354],[-71.674044,-40.324101],[-71.955577,-40.720356],[-71.736263,-42.08389],[-72.039913,-42.144662],[-72.148434,-42.592645],[-72.129314,-43.04223],[-71.742981,-43.190127],[-71.955112,-43.443549],[-71.659885,-43.92631],[-71.860596,-44.377135],[-71.122398,-44.549424],[-71.29784,-44.795611],[-72.088748,-44.782795],[-71.317167,-45.26721],[-71.765098,-45.572411],[-71.612291,-45.970526],[-71.914701,-46.152324],[-71.68717,-46.690069],[-71.9501,-46.813989],[-71.880698,-47.221923],[-72.361186,-47.450953],[-72.543914,-47.9148],[-72.295092,-48.333276],[-72.592334,-48.791129],[-73.586589,-49.529999],[-73.177725,-50.749459],[-72.302843,-50.648897],[-72.450069,-51.552666],[-71.965241,-51.970625],[-69.952754,-52.007419],[-68.448208,-52.310394],[-69.234708,-52.203143],[-70.863759,-52.721368],[-70.973622,-53.756036],[-71.285024,-53.886],[-72.453277,-53.407322],[-71.855621,-53.225356],[-72.007965,-53.554295],[-71.814198,-53.520685],[-71.118764,-52.919636],[-71.398793,-52.728204],[-72.021962,-53.125421],[-72.286,-53.02988],[-72.56314,-53.078871],[-72.191396,-53.180597],[-72.645131,-53.317804],[-72.364573,-53.536879],[-73.303049,-53.153416],[-72.719553,-53.292576],[-72.960357,-52.824965],[-72.431264,-52.856622],[-71.571611,-52.561278],[-72.858022,-52.502211],[-72.988352,-52.704278],[-72.673899,-52.65252],[-73.015614,-52.841729],[-72.979563,-53.054783],[-73.198476,-53.104913],[-73.455963,-52.986505],[-73.213857,-52.887791],[-73.56371,-52.797052],[-73.233062,-52.790623],[-72.905832,-52.496026],[-73.699534,-52.714532],[-73.494862,-52.475518],[-73.735015,-52.029962],[-73.303049,-52.221775],[-72.997792,-52.064874],[-73.079254,-52.237074],[-72.866444,-52.256768],[-72.802805,-51.937433],[-72.535878,-52.221775],[-72.930531,-52.448175],[-72.522206,-52.448337],[-72.466949,-52.204278],[-72.669667,-51.961033],[-72.466949,-51.789727],[-72.689036,-51.593438],[-73.077138,-51.419692],[-73.260365,-51.471124],[-72.54955,-51.741306],[-73.280019,-51.606215],[-72.994537,-51.789727],[-73.207428,-51.879083],[-72.919423,-51.858575],[-73.223704,-52.091485],[-73.326772,-51.726983],[-73.38622,-51.65252],[-73.316233,-52.166111],[-73.645579,-51.848728],[-73.39981,-52.01572],[-73.460683,-51.6867],[-73.899526,-51.625177],[-73.88036,-51.367934],[-73.604482,-51.611423],[-73.694081,-51.139255],[-74.129506,-51.187677],[-74.256418,-50.939386],[-73.803334,-50.960545],[-73.772939,-50.670668],[-73.474355,-50.672459],[-73.725087,-50.559503],[-73.56371,-50.404962],[-74.042714,-50.822035],[-74.297353,-50.480645],[-73.879709,-50.542739],[-74.016225,-50.363946],[-74.694651,-50.183038],[-73.8579,-50.289483],[-74.364858,-49.951104],[-73.885894,-50.076593],[-74.348256,-49.792087],[-74.078521,-49.536879],[-73.711985,-49.765558],[-74.123525,-49.422621],[-73.821848,-49.04225],[-74.057485,-49.012465],[-74.241119,-49.527927],[-74.468658,-49.031671],[-74.371897,-48.719171],[-74.334828,-48.75506],[-74.0572,-48.74033],[-74.392161,-48.599054],[-73.993479,-48.597263],[-73.89269,-48.41131],[-74.632571,-48.034924],[-73.556264,-48.24684],[-73.35143,-48.219496],[-73.276682,-48.13836],[-73.281809,-48.079278],[-73.481801,-48.123305],[-73.653147,-47.898045],[-73.507069,-47.97796],[-73.227854,-48.004083],[-73.721425,-47.527439],[-73.923695,-47.842706],[-74.735585,-47.718683],[-74.043528,-47.60947],[-74.528554,-47.431736],[-73.9735,-47.254978],[-73.941274,-47.027927],[-74.126088,-46.828546],[-75.0065,-46.753513],[-74.934193,-46.437595],[-75.201731,-46.629978],[-75.414866,-46.632745],[-75.575063,-46.687921],[-75.661041,-46.767185],[-75.410553,-46.931573],[-75.650217,-46.873224],[-75.708323,-46.654718],[-74.359609,-45.790297],[-73.97057,-46.084161],[-74.489898,-46.189386],[-73.844879,-46.341974],[-73.881825,-46.141778],[-73.773061,-46.320896],[-73.989166,-46.559747],[-73.741851,-46.533787],[-73.344594,-46.026544],[-73.687856,-46.322035],[-73.660553,-45.975681],[-73.18578,-45.66253],[-73.591664,-45.780206],[-73.510854,-45.451755],[-72.830637,-45.418064],[-73.448069,-45.279474],[-73.397776,-44.988214],[-73.117096,-44.948337],[-72.727651,-44.758559],[-72.597971,-44.505304],[-73.290028,-44.152439],[-72.824615,-43.807875],[-73.084584,-43.316339],[-72.734486,-43.079685],[-72.840321,-42.524835],[-72.539418,-42.558282],[-72.843739,-42.278253],[-72.419789,-42.43963],[-72.464345,-41.97617],[-72.88858,-41.910821],[-72.30309,-41.648207],[-72.30309,-41.380792],[-72.426178,-41.663995],[-72.957265,-41.483575],[-73.515045,-41.803643],[-73.759946,-41.748841],[-73.696632,-41.637125],[-73.554758,-41.608494],[-73.494862,-41.510431],[-73.798166,-41.565688],[-73.940585,-41.049964],[-73.711171,-39.968683],[-73.378774,-39.900486],[-73.224477,-39.41725],[-73.680409,-37.347833],[-73.209055,-37.160252],[-71.624664,-33.541436],[-71.761871,-33.101983],[-71.407948,-32.386326],[-71.71345,-30.614923],[-71.282582,-29.880141],[-71.521962,-28.940118],[-70.629954,-26.340977],[-70.390736,-23.576918],[-70.600123,-23.244225],[-70.291575,-22.901951],[-70.058695,-21.433377],[-70.394703,-18.337746],[-69.970345,-18.250625],[-69.849835,-17.69159],[-69.510089,-17.506588]]],[[[-68.641998,-54.799168],[-69.067006,-54.948826],[-69.969553,-54.676853],[-70.758778,-54.84059],[-70.45287,-54.633722],[-71.027577,-54.777032],[-71.233632,-54.531345],[-71.487864,-54.687433],[-72.007721,-54.505304],[-71.09024,-54.510837],[-70.800649,-54.315851],[-70.610463,-54.3388],[-70.727162,-54.427667],[-70.764394,-54.599542],[-70.585194,-54.390558],[-70.130727,-54.545017],[-70.932688,-54.113539],[-70.136871,-54.427667],[-70.034495,-54.256931],[-69.77538,-54.554864],[-69.85912,-54.280369],[-69.23998,-54.441339],[-69.41747,-54.623305],[-69.377187,-54.681573],[-68.994944,-54.468438],[-70.178212,-53.833429],[-69.352651,-53.355727],[-70.473541,-53.309259],[-70.089175,-52.911063],[-70.416127,-52.758071],[-69.9114,-52.847904],[-69.417565,-52.451472],[-68.627617,-52.639572],[-68.641998,-54.799168]]],[[[-80.704701,-33.766778],[-80.777333,-33.73447],[-80.740834,-33.685154],[-80.704701,-33.766778]]],[[[-78.884877,-33.575616],[-78.757639,-33.643243],[-78.991689,-33.656915],[-78.884877,-33.575616]]],[[[-109.379628,-27.059503],[-109.24356,-27.129164],[-109.451324,-27.195489],[-109.379628,-27.059503]]],[[[-105.459543,-26.464776],[-105.470937,-26.457696],[-105.46349,-26.456964],[-105.459543,-26.464776]]],[[[-79.909413,-26.358168],[-79.890736,-26.351739],[-79.890207,-26.356052],[-79.909413,-26.358168]]],[[[-80.095693,-26.266046],[-80.090443,-26.274509],[-80.107777,-26.274998],[-80.095693,-26.266046]]],[[[-67.358551,-55.810479],[-67.22411,-55.897556],[-67.417063,-55.833591],[-67.358551,-55.810479]]],[[[-67.14037,-55.817315],[-67.07844,-55.910089],[-67.170033,-55.873793],[-67.14037,-55.817315]]],[[[-67.589075,-55.80207],[-67.621843,-55.918504],[-67.913945,-55.836566],[-67.589075,-55.80207]]],[[[-67.228505,-55.798435],[-67.187815,-55.756931],[-67.156972,-55.778253],[-67.228505,-55.798435]]],[[[-67.348704,-55.575616],[-67.445546,-55.762628],[-67.581532,-55.709405],[-67.348704,-55.575616]]],[[[-67.699371,-55.505466],[-67.587758,-55.58587],[-67.738596,-55.616876],[-67.699371,-55.505466]]],[[[-69.801747,-55.332615],[-69.637318,-55.38836],[-69.801747,-55.40781],[-69.801747,-55.332615]]],[[[-70.110219,-55.29225],[-69.947825,-55.283868],[-70.006459,-55.374444],[-70.110219,-55.29225]]],[[[-66.992258,-55.228692],[-66.938059,-55.334568],[-67.074452,-55.278009],[-66.992258,-55.228692]]],[[[-66.53482,-55.162774],[-66.515492,-55.264337],[-66.643056,-55.264337],[-66.53482,-55.162774]]],[[[-67.023915,-54.992446],[-66.806874,-55.112888],[-67.070912,-55.009454],[-67.023915,-54.992446]]],[[[-67.999257,-55.627537],[-68.865346,-55.505304],[-68.801137,-55.188653],[-68.986684,-55.265232],[-69.12267,-55.147638],[-69.134104,-55.247735],[-69.23998,-55.12713],[-69.438629,-55.161879],[-69.16161,-55.514337],[-69.788075,-55.305922],[-69.500071,-55.174981],[-70.031077,-55.147638],[-69.582021,-55.154474],[-69.527577,-55.031996],[-68.441151,-54.939711],[-68.616078,-55.152276],[-69.061879,-55.04461],[-68.209218,-55.262872],[-68.500071,-55.311456],[-68.660959,-55.257501],[-68.745961,-55.271173],[-67.999257,-55.627537]]],[[[-67.270619,-55.306899],[-68.360504,-54.930922],[-67.053375,-55.093683],[-67.270619,-55.306899]]],[[[-70.295155,-55.082452],[-70.548085,-55.213556],[-71.012847,-54.96502],[-70.350453,-54.893731],[-70.729848,-55.01336],[-70.295155,-55.082452]]],[[[-69.776438,-55.034601],[-69.728342,-54.864516],[-69.164296,-54.955824],[-69.776438,-55.034601]]],[[[-70.607086,-54.832289],[-70.580881,-54.897882],[-70.74767,-54.873305],[-70.607086,-54.832289]]],[[[-70.983795,-54.928481],[-71.350982,-54.95436],[-71.459584,-54.87949],[-71.165395,-54.832289],[-70.983795,-54.928481]]],[[[-72.028188,-54.629327],[-71.997467,-54.753106],[-72.104319,-54.644789],[-72.028188,-54.629327]]],[[[-72.415883,-54.304132],[-72.470693,-54.427667],[-72.541737,-54.343032],[-72.415883,-54.304132]]],[[[-70.521108,-54.174412],[-70.28775,-54.188084],[-70.218658,-54.234633],[-70.521108,-54.174412]]],[[[-72.501698,-54.242771],[-72.206288,-54.147719],[-72.301503,-54.251397],[-72.501698,-54.242771]]],[[[-73.358266,-54.023614],[-73.178456,-54.127211],[-73.474355,-54.071954],[-73.358266,-54.023614]]],[[[-71.63093,-54.07879],[-71.337961,-53.976251],[-70.990142,-54.265802],[-71.207509,-54.369236],[-71.63093,-54.07879]]],[[[-71.830149,-54.331476],[-72.259104,-53.929864],[-71.652903,-53.926365],[-71.766103,-54.163995],[-71.952301,-54.014907],[-71.830149,-54.331476]]],[[[-70.455036,-53.611598],[-70.342795,-54.028069],[-70.822743,-54.113539],[-70.881505,-53.842264],[-70.455036,-53.611598]]],[[[-73.848541,-53.588311],[-73.706451,-53.508233],[-73.687856,-53.523207],[-73.848541,-53.588311]]],[[[-73.574941,-53.491143],[-73.481801,-53.57171],[-73.803334,-53.434503],[-73.574941,-53.491143]]],[[[-72.138661,-53.797621],[-73.00886,-54.092462],[-72.801666,-53.817478],[-73.308949,-53.97381],[-73.245351,-53.715753],[-73.615346,-53.614028],[-72.95287,-53.664483],[-73.420318,-53.478936],[-73.037709,-53.385512],[-72.884145,-53.681329],[-72.858469,-53.452732],[-72.464182,-53.575128],[-72.138661,-53.797621]]],[[[-74.223622,-53.28102],[-74.058095,-53.250258],[-74.242177,-53.310968],[-74.223622,-53.28102]]],[[[-73.611724,-52.82171],[-73.419301,-52.957696],[-73.81078,-52.913751],[-73.611724,-52.82171]]],[[[-73.207428,-53.317804],[-73.584218,-53.317804],[-73.880442,-53.057712],[-74.318349,-53.097345],[-74.749867,-52.755548],[-73.62328,-53.059828],[-73.207428,-53.317804]]],[[[-73.371938,-52.707696],[-73.369211,-52.728611],[-73.39981,-52.728204],[-73.371938,-52.707696]]],[[[-73.725168,-52.404718],[-73.872182,-52.550063],[-74.184368,-52.586801],[-73.725168,-52.404718]]],[[[-74.544422,-52.246159],[-74.815413,-52.350447],[-74.91161,-52.202813],[-74.544422,-52.246159]]],[[[-73.815338,-52.241143],[-73.87267,-52.376153],[-74.092763,-52.166599],[-73.815338,-52.241143]]],[[[-73.935699,-52.324884],[-74.145904,-52.19378],[-74.41686,-52.129002],[-74.286773,-52.088637],[-73.935699,-52.324884]]],[[[-74.671946,-52.163018],[-74.793853,-52.123956],[-74.601796,-52.06406],[-74.671946,-52.163018]]],[[[-74.359731,-52.056817],[-74.387807,-52.077244],[-74.407216,-52.043064],[-74.359731,-52.056817]]],[[[-74.543813,-51.920668],[-74.514068,-52.005304],[-74.735585,-52.084568],[-74.543813,-51.920668]]],[[[-73.784006,-52.059666],[-74.09024,-52.010024],[-74.09439,-51.927016],[-73.784006,-52.059666]]],[[[-74.727935,-51.968845],[-74.896352,-52.113051],[-74.598459,-51.837498],[-74.727935,-51.968845]]],[[[-75.000885,-51.843845],[-75.095367,-51.776462],[-74.982655,-51.721449],[-75.000885,-51.843845]]],[[[-74.194732,-51.950291],[-74.502838,-51.707208],[-74.096303,-51.877374],[-74.194732,-51.950291]]],[[[-73.851715,-51.728204],[-73.838775,-51.812595],[-73.9405,-51.663181],[-73.851715,-51.728204]]],[[[-74.889801,-52.002048],[-75.071401,-51.98211],[-74.831858,-51.837498],[-74.922231,-51.655857],[-74.865346,-51.618341],[-74.762929,-51.782892],[-74.889801,-52.002048]]],[[[-74.082143,-51.538181],[-74.014556,-51.799737],[-74.240631,-51.6985],[-74.082143,-51.538181]]],[[[-74.112416,-51.378839],[-74.238596,-51.409601],[-74.254628,-51.290785],[-74.112416,-51.378839]]],[[[-75.02359,-51.330987],[-75.141754,-51.565037],[-75.312896,-51.629164],[-75.219838,-51.305434],[-75.02359,-51.330987]]],[[[-73.864735,-51.258722],[-73.793691,-51.371026],[-73.920644,-51.303643],[-73.864735,-51.258722]]],[[[-74.555735,-51.250421],[-74.798655,-51.432306],[-75.024159,-51.456231],[-74.79308,-51.211196],[-74.555735,-51.250421]]],[[[-74.968984,-51.104425],[-74.876943,-51.158461],[-75.020497,-51.172784],[-74.968984,-51.104425]]],[[[-74.486073,-51.021254],[-74.434153,-51.205824],[-74.605214,-51.080255],[-74.486073,-51.021254]]],[[[-74.196929,-51.175388],[-74.284576,-51.23561],[-74.351959,-50.925714],[-74.196929,-51.175388]]],[[[-74.385569,-50.981052],[-74.725453,-51.105076],[-74.96642,-50.949884],[-74.625478,-50.9249],[-74.660471,-50.727716],[-74.385569,-50.981052]]],[[[-74.781972,-50.882013],[-74.804514,-50.666274],[-74.660471,-50.823907],[-74.781972,-50.882013]]],[[[-74.985422,-50.657159],[-75.083892,-50.783624],[-75.081695,-50.65488],[-74.985422,-50.657159]]],[[[-74.680979,-50.514825],[-74.602651,-50.563084],[-74.673492,-50.576918],[-74.680979,-50.514825]]],[[[-75.126047,-50.494317],[-75.290598,-50.781834],[-75.461822,-50.762465],[-75.468617,-50.494317],[-75.126047,-50.494317]]],[[[-74.310414,-50.834161],[-74.581207,-50.633559],[-74.420277,-50.528497],[-74.673492,-50.47381],[-74.383127,-50.455987],[-74.310414,-50.834161]]],[[[-74.720286,-50.489353],[-74.736724,-50.37184],[-74.544586,-50.382094],[-74.720286,-50.489353]]],[[[-74.799713,-50.125421],[-75.454945,-50.363946],[-75.119781,-50.138767],[-75.40038,-50.039158],[-74.799713,-50.125421]]],[[[-75.180653,-49.905369],[-75.634854,-49.827943],[-75.504352,-49.556973],[-75.355339,-49.610176],[-75.180653,-49.905369]]],[[[-75.544299,-49.452866],[-75.429433,-49.466365],[-75.44042,-49.517811],[-75.544299,-49.452866]]],[[[-74.903188,-49.076755],[-74.935699,-49.28045],[-75.119781,-49.13128],[-75.235585,-49.144952],[-74.903188,-49.076755]]],[[[-75.315907,-49.133477],[-75.661041,-49.205743],[-75.33727,-48.989353],[-75.315907,-49.133477]]],[[[-75.394154,-48.829034],[-75.373036,-48.952569],[-75.499338,-49.039158],[-75.654856,-48.911065],[-75.394154,-48.829034]]],[[[-75.09142,-48.870701],[-75.223012,-48.978936],[-75.308176,-48.794854],[-75.09142,-48.870701]]],[[[-75.009918,-49.898533],[-75.461985,-49.306573],[-74.893219,-49.364028],[-74.823638,-48.950372],[-75.057973,-48.816664],[-74.543813,-48.70615],[-74.474233,-49.944513],[-74.913686,-49.925877],[-74.64623,-49.349786],[-74.987701,-49.479262],[-75.009918,-49.898533]]],[[[-75.249135,-48.766778],[-75.109446,-48.809177],[-75.246083,-48.784763],[-75.249135,-48.766778]]],[[[-74.988271,-48.740492],[-75.009918,-48.637302],[-74.824941,-48.65838],[-74.988271,-48.740492]]],[[[-75.507558,-48.717543],[-75.296986,-48.727146],[-75.647857,-48.778904],[-75.641835,-48.701349],[-75.507558,-48.717543]]],[[[-75.328359,-48.552179],[-75.541656,-48.70086],[-75.675364,-48.583185],[-75.606435,-48.439223],[-75.328359,-48.552179]]],[[[-74.429026,-48.525811],[-74.510243,-48.408298],[-74.303131,-48.479913],[-74.429026,-48.525811]]],[[[-74.0572,-48.425551],[-74.179067,-48.443129],[-74.250803,-48.378025],[-74.0572,-48.425551]]],[[[-74.495432,-48.349867],[-74.314117,-48.280938],[-74.223297,-48.44492],[-74.271718,-48.46266],[-74.495432,-48.349867]]],[[[-74.73766,-48.125746],[-74.514068,-48.666111],[-74.60733,-48.693943],[-75.03307,-48.50449],[-74.717152,-48.453546],[-74.73766,-48.125746]]],[[[-74.372629,-48.253188],[-74.603749,-48.235447],[-74.558176,-48.122328],[-74.372629,-48.253188]]],[[[-75.031117,-48.44378],[-75.256337,-48.068617],[-74.804514,-48.174493],[-75.031117,-48.44378]]],[[[-75.149892,-48.65838],[-75.554189,-48.397149],[-75.345774,-48.301446],[-75.551137,-48.055759],[-75.338938,-48.017511],[-75.149892,-48.65838]]],[[[-75.270619,-48.027765],[-74.788324,-47.812324],[-74.727379,-48.105892],[-75.052358,-47.986261],[-75.270619,-48.027765]]],[[[-74.413726,-47.938246],[-74.289906,-47.807387],[-73.808909,-47.887384],[-73.923004,-47.963637],[-74.413726,-47.938246]]],[[[-75.091638,-47.680492],[-75.342546,-47.782862],[-75.355913,-47.73614],[-75.091638,-47.680492]]],[[[-75.000384,-47.6622],[-74.957723,-47.774795],[-75.054421,-47.689572],[-75.000384,-47.6622]]],[[[-74.454701,-47.167739],[-74.356679,-47.045017],[-74.315785,-47.078058],[-74.454701,-47.167739]]],[[[-74.177358,-47.016534],[-73.97525,-47.047621],[-74.226471,-47.122003],[-74.177358,-47.016534]]],[[[-73.896474,-46.011489],[-73.775461,-46.199477],[-73.9405,-46.068129],[-73.896474,-46.011489]]],[[[-73.772125,-45.898696],[-73.683176,-46.017673],[-73.819488,-45.998712],[-73.772125,-45.898696]]],[[[-74.752919,-45.80755],[-74.780751,-46.011489],[-75.07433,-46.093845],[-74.85912,-45.998712],[-75.108266,-45.8742],[-74.752919,-45.80755]]],[[[-73.741851,-45.793878],[-73.694081,-45.888849],[-73.789662,-45.875746],[-73.934316,-45.971938],[-73.741851,-45.793878]]],[[[-74.094594,-45.76393],[-73.97525,-45.780206],[-74.015614,-45.913995],[-74.094594,-45.76393]]],[[[-74.839101,-45.601821],[-74.752431,-45.69964],[-74.879262,-45.624607],[-74.839101,-45.601821]]],[[[-74.679677,-45.620701],[-74.583892,-45.735284],[-74.685699,-45.743341],[-74.679677,-45.620701]]],[[[-73.920644,-45.697686],[-74.050445,-45.54461],[-73.910227,-45.590997],[-73.920644,-45.697686]]],[[[-74.502838,-45.732354],[-74.421254,-45.454278],[-74.273549,-45.495294],[-74.241811,-45.675958],[-74.502838,-45.732354]]],[[[-73.818267,-45.642511],[-73.584218,-45.512628],[-73.680409,-45.752862],[-73.818267,-45.642511]]],[[[-74.064036,-45.423272],[-73.870473,-45.5617],[-74.029652,-45.517348],[-74.142649,-45.574965],[-74.064036,-45.423272]]],[[[-74.501332,-45.588067],[-74.519765,-45.444106],[-74.445668,-45.428155],[-74.501332,-45.588067]]],[[[-73.941029,-45.366306],[-73.921742,-45.430434],[-74.02302,-45.392673],[-73.941029,-45.366306]]],[[[-74.389272,-45.281671],[-74.378041,-45.400974],[-74.525787,-45.295017],[-74.389272,-45.281671]]],[[[-73.986073,-45.270766],[-74.012278,-45.353611],[-74.167063,-45.252618],[-74.070383,-45.204278],[-73.986073,-45.270766]]],[[[-74.387563,-45.155206],[-74.325347,-45.302341],[-74.420277,-45.23211],[-74.387563,-45.155206]]],[[[-73.731923,-45.214776],[-73.989573,-45.245782],[-74.250111,-45.109633],[-73.866078,-44.994561],[-73.731923,-45.214776]]],[[[-74.356923,-45.011489],[-74.163726,-44.864679],[-73.913197,-44.950372],[-74.356923,-45.011489]]],[[[-73.995717,-44.772149],[-74.071441,-44.854181],[-74.187489,-44.806329],[-73.995717,-44.772149]]],[[[-73.883209,-44.928155],[-73.854482,-44.768731],[-73.762318,-44.929864],[-73.883209,-44.928155]]],[[[-75.198322,-44.807232],[-75.031272,-44.903969],[-75.152358,-44.921214],[-75.198322,-44.807232]]],[[[-73.741689,-44.754653],[-73.627309,-44.829767],[-73.749257,-44.80283],[-73.741689,-44.754653]]],[[[-74.427113,-44.718194],[-74.393544,-44.857029],[-74.52774,-44.743259],[-74.427113,-44.718194]]],[[[-74.62267,-44.622003],[-74.468984,-44.697198],[-74.669504,-44.67018],[-74.62267,-44.622003]]],[[[-73.926829,-44.628839],[-74.258697,-44.804457],[-74.413808,-44.685968],[-74.267161,-44.603123],[-73.926829,-44.628839]]],[[[-74.824941,-44.58115],[-74.747792,-44.665623],[-74.803863,-44.673761],[-74.824941,-44.58115]]],[[[-73.679921,-44.544854],[-73.752512,-44.741388],[-73.821401,-44.578709],[-73.679921,-44.544854]]],[[[-74.294342,-44.499444],[-74.132883,-44.54697],[-74.368886,-44.541111],[-74.294342,-44.499444]]],[[[-73.947336,-44.543552],[-74.143666,-44.458103],[-74.167063,-44.430271],[-73.947336,-44.543552]]],[[[-74.420277,-44.505304],[-74.541127,-44.45379],[-74.259511,-44.412856],[-74.223053,-44.46738],[-74.420277,-44.505304]]],[[[-73.887685,-44.369236],[-73.867014,-44.466078],[-73.910959,-44.396742],[-73.887685,-44.369236]]],[[[-73.382476,-44.587823],[-73.002024,-44.361261],[-72.721181,-44.528009],[-73.256988,-44.940037],[-73.382476,-44.587823]]],[[[-73.6787,-44.434503],[-73.789662,-44.38242],[-73.654124,-44.350844],[-73.6787,-44.434503]]],[[[-74.112416,-44.327244],[-73.926829,-44.354587],[-73.9405,-44.450616],[-74.112416,-44.327244]]],[[[-73.176747,-44.374933],[-73.249013,-44.306736],[-73.177154,-44.367771],[-73.176747,-44.374933]]],[[[-73.805653,-44.266371],[-73.932485,-44.328546],[-73.97525,-44.289646],[-73.805653,-44.266371]]],[[[-74.409901,-44.284438],[-74.303578,-44.258233],[-74.290028,-44.297296],[-74.409901,-44.284438]]],[[[-73.722035,-44.30283],[-73.675689,-44.241306],[-73.666168,-44.265069],[-73.722035,-44.30283]]],[[[-74.017934,-44.327732],[-74.06432,-44.149021],[-73.893625,-44.239353],[-74.009348,-44.257257],[-74.017934,-44.327732]]],[[[-74.357818,-44.145603],[-74.337392,-44.189874],[-74.385569,-44.159601],[-74.357818,-44.145603]]],[[[-73.952707,-44.10475],[-73.846262,-44.190199],[-74.016225,-44.142836],[-73.952707,-44.10475]]],[[[-74.298329,-44.031915],[-74.277415,-44.011895],[-74.207997,-44.019301],[-74.298329,-44.031915]]],[[[-73.728831,-44.046563],[-73.638824,-44.00506],[-73.633412,-44.123793],[-73.728831,-44.046563]]],[[[-73.151601,-44.015802],[-73.284169,-43.935724],[-73.159657,-43.881524],[-73.151601,-44.015802]]],[[[-74.143938,-43.827551],[-73.865102,-43.762628],[-73.762318,-43.88893],[-73.995717,-43.9367],[-74.143938,-43.827551]]],[[[-74.758455,-43.676949],[-74.7379,-43.530177],[-74.557486,-43.62741],[-74.758455,-43.676949]]],[[[-73.450063,-42.993748],[-73.552805,-42.918634],[-73.365102,-42.990818],[-73.450063,-42.993748]]],[[[-73.620961,-42.568048],[-73.61677,-42.638767],[-73.755035,-42.59881],[-73.620961,-42.568048]]],[[[-73.412343,-42.525649],[-73.61266,-42.451837],[-73.646311,-42.373793],[-73.543202,-42.379164],[-73.412343,-42.525649]]],[[[-73.145375,-42.278253],[-73.141591,-42.313735],[-73.193918,-42.249119],[-73.145375,-42.278253]]],[[[-72.509267,-42.073337],[-72.617787,-42.103611],[-72.559722,-42.05169],[-72.509267,-42.073337]]],[[[-74.334625,-43.281671],[-74.064036,-41.805922],[-73.564931,-41.804946],[-73.378774,-42.278253],[-73.666168,-42.354099],[-73.61148,-42.511651],[-73.824452,-42.514418],[-73.502309,-43.128025],[-73.775746,-43.118097],[-73.847491,-43.423483],[-74.334625,-43.281671]]],[[[-73.003,-41.844334],[-73.085805,-41.747817],[-73.066884,-41.736993],[-73.003,-41.844334]]],[[[-73.098314,-54.485808],[-72.972841,-54.445012],[-72.953784,-54.456858],[-73.098314,-54.485808]]],[[[-70.513691,-54.091286],[-70.313253,-54.05275],[-70.298143,-54.125953],[-70.513691,-54.091286]]],[[[-70.769452,-52.887803],[-70.619252,-52.843384],[-70.78974,-52.900541],[-70.769452,-52.887803]]],[[[-74.48196,-52.570765],[-74.394198,-52.519903],[-74.349257,-52.622981],[-74.48196,-52.570765]]],[[[-74.536449,-52.368736],[-74.452322,-52.394783],[-74.482233,-52.441658],[-74.536449,-52.368736]]],[[[-73.979358,-51.838544],[-73.71833,-51.84886],[-73.713451,-51.996007],[-73.979358,-51.838544]]],[[[-74.396488,-51.413082],[-74.29651,-51.395389],[-74.306249,-51.417784],[-74.396488,-51.413082]]],[[[-75.121178,-50.382086],[-74.976266,-50.432888],[-75.171581,-50.46215],[-75.121178,-50.382086]]],[[[-74.287994,-49.548435],[-74.468617,-49.501153],[-74.427032,-49.426528],[-74.287994,-49.548435]]],[[[-74.644016,-47.92311],[-74.526181,-47.812868],[-74.524671,-47.868351],[-74.644016,-47.92311]]],[[[-75.342252,-46.701737],[-75.173992,-46.677964],[-75.132214,-46.777995],[-75.342252,-46.701737]]],[[[-74.284026,-43.417838],[-74.230726,-43.41337],[-74.257307,-43.427452],[-74.284026,-43.417838]]],[[[-73.718524,-43.215981],[-73.656422,-43.196],[-73.661238,-43.244796],[-73.718524,-43.215981]]],[[[-72.956525,-42.807804],[-72.930444,-42.72334],[-72.918815,-42.786532],[-72.956525,-42.807804]]],[[[-73.356927,-42.629037],[-73.241038,-42.631371],[-73.238951,-42.650826],[-73.356927,-42.629037]]],[[[-73.930776,-38.323826],[-73.912099,-38.409926],[-73.95344,-38.313572],[-73.930776,-38.323826]]],[[[-73.518884,-37.079922],[-73.523096,-36.975265],[-73.446494,-37.05917],[-73.518884,-37.079922]]]]}},{"type":"Feature","properties":{"ISO3166-1-Alpha-3":"BOL"},"geometry":{"type":"Polygon","coordinates":[[[-69.302406,-17.976214],[-69.522599,-17.36912],[-69.666492,-17.288298],[-69.6228,-17.185565],[-69.427437,-17.086863],[-69.182362,-16.728745],[-69.037073,-16.670247],[-69.027875,-16.454137],[-68.833494,-16.328976],[-68.982038,-16.210017],[-69.184868,-16.195031],[-69.430021,-15.62628],[-69.291166,-15.350845],[-69.1481,-15.233333],[-69.384313,-14.981772],[-69.370541,-14.801524],[-69.267628,-14.750675],[-69.234658,-14.574251],[-69.170399,-14.577559],[-69.164275,-14.503041],[-68.990254,-14.379018],[-69.01015,-14.245899],[-68.864448,-14.191226],[-68.982968,-13.972221],[-69.015964,-13.753113],[-69.101591,-13.666607],[-69.023844,-13.634981],[-68.970747,-13.501449],[-68.980953,-12.867947],[-68.766134,-12.710541],[-68.793419,-12.62021],[-68.684252,-12.502492],[-69.577635,-10.952302],[-68.804659,-10.994677],[-68.757633,-11.011937],[-68.775926,-11.140611],[-68.61573,-11.112499],[-68.29332,-10.978967],[-68.043775,-10.666945],[-67.721727,-10.705495],[-67.58463,-10.501787],[-67.323509,-10.318852],[-67.0643,-10.256944],[-66.64262,-9.907921],[-66.086995,-9.784518],[-65.806418,-9.784415],[-65.788564,-9.733048],[-65.583977,-9.837228],[-65.416235,-9.680132],[-65.29911,-9.841259],[-65.336834,-9.967246],[-65.284822,-10.206818],[-65.44998,-10.468094],[-65.404737,-10.799236],[-65.299601,-10.969665],[-65.394738,-11.153427],[-65.38727,-11.277553],[-65.326447,-11.327783],[-65.319548,-11.476404],[-65.167439,-11.615517],[-65.196197,-11.741814],[-65.151497,-11.77313],[-65.113411,-11.690551],[-65.065559,-11.75308],[-65.009438,-11.98428],[-64.7925,-12.032546],[-64.739532,-12.144581],[-64.689923,-12.104376],[-64.66486,-12.180961],[-64.489392,-12.239459],[-64.48978,-12.373611],[-64.287544,-12.497117],[-63.921236,-12.544349],[-63.801398,-12.454949],[-63.485758,-12.557475],[-63.317913,-12.701963],[-63.075034,-12.652663],[-62.988011,-12.843866],[-62.789832,-13.000652],[-62.686634,-12.964996],[-62.424118,-13.126536],[-62.114679,-13.150204],[-62.109408,-13.248958],[-61.83635,-13.540619],[-61.149105,-13.519845],[-61.047225,-13.464552],[-61.022007,-13.535245],[-60.472635,-13.797865],[-60.387188,-13.98328],[-60.473513,-14.117225],[-60.464341,-14.278352],[-60.291716,-14.630062],[-60.269805,-15.083368],[-60.582241,-15.098871],[-60.246395,-15.478279],[-60.16069,-16.264794],[-58.464721,-16.33125],[-58.349741,-16.2804],[-58.342661,-16.473154],[-58.480276,-16.683683],[-58.399144,-17.237448],[-58.010175,-17.49676],[-57.800731,-17.533451],[-57.730089,-17.846093],[-57.466798,-18.239557],[-57.56674,-18.256094],[-57.782334,-18.910421],[-57.731794,-18.921996],[-57.715826,-19.044573],[-57.789,-19.059249],[-58.124639,-19.729906],[-57.859745,-19.980123],[-58.158797,-20.165125],[-58.175282,-19.821373],[-59.089541,-19.286729],[-60.006384,-19.298097],[-61.753203,-19.64588],[-61.94425,-20.104146],[-62.26883,-20.553111],[-62.275703,-21.066568],[-62.650357,-22.234456],[-62.783476,-22.130896],[-62.818564,-22.000878],[-63.639392,-21.997468],[-63.74042,-22.050591],[-63.933173,-22.001808],[-64.250828,-22.54069],[-64.325294,-22.871936],[-64.596207,-22.20655],[-65.020368,-22.096583],[-65.744613,-22.11405],[-66.222465,-21.786938],[-66.307602,-22.077049],[-66.735896,-22.225051],[-66.785092,-22.427622],[-67.032725,-22.524567],[-67.026628,-22.639392],[-67.193904,-22.822223],[-67.77144,-22.888679],[-67.887092,-22.818709],[-67.859187,-22.547305],[-67.951894,-22.334088],[-67.960627,-22.102887],[-68.096226,-21.953956],[-68.207537,-21.284333],[-68.41631,-20.959805],[-68.555113,-20.913916],[-68.572786,-20.742867],[-68.480957,-20.624735],[-68.76541,-20.421233],[-68.678516,-20.328629],[-68.792592,-20.106627],[-68.588341,-20.055571],[-68.541574,-19.920385],[-68.703218,-19.71554],[-68.447626,-19.434627],[-68.989609,-18.946491],[-68.951445,-18.867323],[-69.155438,-18.140235],[-69.081722,-18.039983],[-69.302406,-17.976214]]]}},{"type":"Feature","properties":{"ISO3166-1-Alpha-3":"PER"},"geometry":{"type":"MultiPolygon","coordinates":[[[[-69.510089,-17.506588],[-69.683902,-17.656036],[-69.849835,-17.69159],[-69.783095,-17.981598],[-69.970345,-18.250625],[-70.394703,-18.337746],[-70.914622,-17.946547],[-71.384429,-17.697849],[-71.400258,-17.400323],[-71.514516,-17.284601],[-72.118153,-17.019301],[-72.440094,-16.714451],[-72.781321,-16.629327],[-73.420318,-16.293145],[-73.700687,-16.244594],[-74.04662,-15.960138],[-75.048695,-15.460707],[-75.189416,-15.369545],[-75.151641,-15.332988],[-75.263173,-15.250421],[-75.23412,-15.214532],[-75.376454,-15.134047],[-75.506581,-14.918227],[-75.930653,-14.649347],[-75.980636,-14.461099],[-76.133209,-14.359633],[-76.149159,-14.223891],[-76.290435,-14.167413],[-76.292714,-13.900486],[-76.39396,-13.90802],[-76.362016,-13.801642],[-76.253985,-13.850868],[-76.181264,-13.539483],[-76.221102,-13.357556],[-76.799079,-12.509342],[-76.790886,-12.381047],[-77.038319,-12.20436],[-77.053944,-12.11419],[-77.174916,-12.071873],[-77.145904,-11.932061],[-77.210927,-11.646417],[-77.360463,-11.461114],[-77.647257,-11.292316],[-77.594684,-11.165117],[-77.670539,-10.92752],[-78.182335,-10.110846],[-78.229422,-9.793784],[-78.369904,-9.615432],[-78.414754,-9.362127],[-78.526723,-9.269627],[-78.497411,-9.189538],[-78.558565,-9.183727],[-78.553107,-9.244182],[-78.611155,-9.176522],[-78.559451,-9.128187],[-78.7643,-8.775112],[-78.759328,-8.608327],[-78.940262,-8.435526],[-78.902125,-8.376761],[-78.98574,-8.217421],[-79.465942,-7.715929],[-79.435287,-7.674387],[-79.582509,-7.463637],[-79.61276,-7.266392],[-80.004547,-6.740899],[-80.790528,-6.299692],[-81.130811,-6.034561],[-81.150216,-5.883073],[-81.075194,-5.786785],[-80.939931,-5.850844],[-80.856212,-5.650462],[-80.931824,-5.463815],[-81.198476,-5.208103],[-81.162772,-5.072572],[-81.082757,-5.079214],[-81.063355,-5.022043],[-81.337558,-4.678304],[-81.328928,-4.476658],[-81.264027,-4.252374],[-80.867787,-3.872735],[-80.807607,-3.739435],[-80.536244,-3.505304],[-80.384511,-3.478692],[-80.340729,-3.393498],[-80.279746,-3.415553],[-80.165257,-3.890046],[-80.325506,-4.015413],[-80.491981,-4.014896],[-80.469605,-4.21323],[-80.345272,-4.198451],[-80.483532,-4.433992],[-80.382867,-4.476263],[-80.140246,-4.283097],[-79.832874,-4.47895],[-79.657975,-4.438746],[-79.507209,-4.531557],[-79.450572,-4.810196],[-79.303217,-4.961246],[-79.063929,-5.011373],[-78.900218,-4.843683],[-78.898642,-4.694234],[-78.672661,-4.550987],[-78.637211,-4.435129],[-78.682428,-4.326918],[-78.562073,-3.979756],[-78.419679,-3.791034],[-78.350794,-3.389611],[-78.257182,-3.409558],[-78.226306,-3.50702],[-78.163726,-3.477254],[-78.196411,-3.36367],[-77.867826,-2.990256],[-76.625266,-2.537673],[-76.091242,-2.128913],[-75.573031,-1.537321],[-75.412576,-0.923922],[-75.227497,-0.963093],[-75.297027,-0.746982],[-75.260699,-0.54348],[-75.405625,-0.442401],[-75.484768,-0.247684],[-75.637601,-0.111465],[-75.344053,-0.149085],[-75.206748,-0.029093],[-74.933458,-0.209443],[-74.824653,-0.170479],[-74.755329,-0.278276],[-74.790701,-0.31259],[-74.642313,-0.339771],[-74.417959,-0.542653],[-74.266754,-0.972291],[-74.076895,-0.990894],[-73.857167,-1.210519],[-73.754718,-1.183338],[-73.63656,-1.255168],[-73.497163,-1.477997],[-73.530985,-1.673747],[-73.350531,-1.790639],[-73.257255,-1.742373],[-73.193021,-1.788675],[-73.111062,-2.073412],[-73.197775,-2.213559],[-72.935414,-2.425329],[-72.733721,-2.367555],[-72.71243,-2.422125],[-72.644321,-2.334068],[-72.378032,-2.450754],[-72.176391,-2.410343],[-72.061514,-2.320012],[-71.948653,-2.324146],[-71.746133,-2.132324],[-71.731405,-2.189891],[-71.538394,-2.222964],[-71.498138,-2.315051],[-71.456486,-2.255107],[-71.42083,-2.37603],[-71.20906,-2.339236],[-70.992716,-2.197436],[-70.706584,-2.328281],[-70.647595,-2.450754],[-70.578607,-2.405485],[-70.445256,-2.498503],[-70.357535,-2.486927],[-70.364615,-2.557621],[-70.273949,-2.546252],[-70.150468,-2.669242],[-70.105794,-2.625213],[-70.050448,-2.714303],[-70.734127,-3.782042],[-70.490886,-3.87847],[-70.311104,-3.829274],[-70.188398,-4.028952],[-69.992751,-4.180881],[-69.989392,-4.314619],[-70.050965,-4.337254],[-70.138892,-4.260462],[-70.205632,-4.342938],[-70.316711,-4.247026],[-70.330612,-4.143157],[-70.515975,-4.182328],[-70.549694,-4.140676],[-70.585273,-4.194523],[-70.646768,-4.115665],[-70.832235,-4.179434],[-70.968687,-4.385313],[-71.264818,-4.375494],[-71.363262,-4.45921],[-71.907208,-4.518431],[-72.386094,-4.79397],[-72.644786,-5.060569],[-72.917948,-5.132089],[-72.97691,-5.651747],[-73.234776,-6.077561],[-73.147804,-6.476193],[-73.759421,-6.887434],[-73.812337,-7.102924],[-73.713093,-7.304669],[-73.982895,-7.356449],[-73.944319,-7.448743],[-74.018475,-7.543518],[-73.712163,-7.788154],[-73.784949,-7.940393],[-73.668031,-8.013773],[-73.540829,-8.359075],[-73.356422,-8.479791],[-73.350583,-8.598337],[-73.174573,-8.720707],[-72.976084,-8.985394],[-72.972001,-9.134428],[-73.214984,-9.409037],[-72.813303,-9.410897],[-72.312661,-9.532544],[-72.265223,-9.762194],[-72.162903,-9.877225],[-72.195666,-10.00559],[-71.2997,-9.993394],[-70.524993,-9.430948],[-70.564525,-9.56541],[-70.624418,-9.565823],[-70.541865,-9.708244],[-70.638448,-9.851801],[-70.641342,-11.0108],[-70.534114,-10.938143],[-70.437272,-11.036741],[-70.2894,-11.06475],[-69.956113,-10.919332],[-69.577635,-10.952302],[-68.684252,-12.502492],[-68.793419,-12.62021],[-68.766134,-12.710541],[-68.980953,-12.867947],[-68.970747,-13.501449],[-69.023844,-13.634981],[-69.101591,-13.666607],[-69.015964,-13.753113],[-68.982968,-13.972221],[-68.864448,-14.191226],[-69.01015,-14.245899],[-68.990254,-14.379018],[-69.164275,-14.503041],[-69.170399,-14.577559],[-69.234658,-14.574251],[-69.267628,-14.750675],[-69.370541,-14.801524],[-69.384313,-14.981772],[-69.1481,-15.233333],[-69.291166,-15.350845],[-69.430021,-15.62628],[-69.184868,-16.195031],[-68.982038,-16.210017],[-68.833494,-16.328976],[-69.027875,-16.454137],[-69.037073,-16.670247],[-69.182362,-16.728745],[-69.427437,-17.086863],[-69.6228,-17.185565],[-69.666492,-17.288298],[-69.522599,-17.36912],[-69.510089,-17.506588]]],[[[-76.220324,-14.274666],[-76.17566,-14.288375],[-76.179585,-14.295208],[-76.220324,-14.274666]]],[[[-76.456831,-13.822912],[-76.441441,-13.853906],[-76.47025,-13.853856],[-76.456831,-13.822912]]],[[[-77.236668,-12.093345],[-77.193839,-12.100041],[-77.181541,-12.115912],[-77.236668,-12.093345]]],[[[-80.84297,-6.381612],[-80.839584,-6.475246],[-80.863841,-6.475839],[-80.87538,-6.433053],[-80.84297,-6.381612]]]]}},{"type":"Feature","properties":{"ISO3166-1-Alpha-3":"ARG"},"geometry":{"type":"MultiPolygon","coordinates":[[[[-67.193904,-22.822223],[-66.222465,-21.786938],[-65.744613,-22.11405],[-64.596207,-22.20655],[-64.325294,-22.871936],[-63.947591,-22.007596],[-62.804353,-22.004082],[-61.006349,-23.805471],[-60.033669,-24.007009],[-57.754067,-25.180891],[-57.575318,-25.564433],[-58.151304,-26.18145],[-58.604196,-27.316264],[-55.754732,-27.443698],[-54.793059,-26.644987],[-54.600203,-25.574945],[-53.90996,-25.629236],[-53.661552,-26.259791],[-53.830017,-27.156791],[-55.772534,-28.231971],[-57.889769,-30.550796],[-58.146799,-33.049981],[-58.430165,-33.102634],[-58.570424,-34.288181],[-57.248769,-35.248793],[-57.366444,-35.987888],[-56.672271,-36.600518],[-57.55842,-38.120864],[-59.796864,-38.838474],[-61.518056,-39.011489],[-62.37975,-38.798435],[-62.325592,-39.254653],[-62.023915,-39.364841],[-62.283925,-39.310724],[-62.114369,-39.821466],[-62.490061,-40.307875],[-62.181549,-40.626642],[-62.7294,-41.041111],[-63.779408,-41.158787],[-64.796213,-40.723321],[-65.131703,-40.84238],[-65.004994,-42.093194],[-64.445058,-42.44671],[-63.768648,-42.077723],[-63.620269,-42.751235],[-64.1079,-42.883722],[-64.437734,-42.506931],[-64.946034,-42.654229],[-64.302113,-42.98089],[-65.3308,-43.663344],[-65.216885,-44.36641],[-65.7271,-44.809605],[-65.5214,-44.931898],[-66.929266,-45.256534],[-67.578481,-45.992852],[-67.42322,-46.567419],[-66.786448,-47.006606],[-65.744902,-47.204164],[-65.845626,-47.742206],[-66.032064,-47.739525],[-66.38915,-47.863865],[-65.761952,-47.948552],[-67.556549,-49.015817],[-67.894927,-49.996875],[-68.341868,-50.117608],[-68.654042,-49.757908],[-68.739735,-49.727716],[-68.577272,-49.927616],[-69.013499,-50.007745],[-68.349873,-50.14881],[-68.876429,-50.330572],[-69.410715,-51.083917],[-69.167778,-50.978225],[-68.962554,-51.560154],[-69.377187,-51.556899],[-69.616811,-51.625177],[-68.973511,-51.619952],[-68.365611,-52.306204],[-68.434748,-52.390749],[-69.952754,-52.007419],[-71.965241,-51.970625],[-72.450069,-51.552666],[-72.302843,-50.648897],[-73.177725,-50.749459],[-73.57274,-49.932352],[-72.302326,-48.347539],[-72.543914,-47.9148],[-71.68717,-46.690069],[-71.914701,-46.152324],[-71.612291,-45.970526],[-71.765098,-45.572411],[-71.317167,-45.26721],[-72.088748,-44.782795],[-71.29784,-44.795611],[-71.122398,-44.549424],[-71.860596,-44.377135],[-71.659885,-43.92631],[-71.955112,-43.443549],[-71.742981,-43.190127],[-72.129314,-43.04223],[-72.148434,-42.592645],[-72.039913,-42.144662],[-71.736263,-42.08389],[-71.955577,-40.720356],[-71.674044,-40.324101],[-71.714352,-39.601354],[-71.503512,-39.601664],[-71.399901,-38.910544],[-70.837584,-38.584465],[-71.195159,-36.839146],[-70.386939,-36.058728],[-70.578891,-35.259707],[-69.828885,-34.23331],[-69.787674,-33.379408],[-70.109463,-33.169602],[-70.568969,-31.304238],[-69.835758,-30.161879],[-70.040655,-29.297539],[-69.653031,-28.397852],[-68.814322,-27.120307],[-68.330476,-27.044963],[-68.595317,-26.457299],[-68.409024,-26.144243],[-68.605963,-25.436999],[-68.366649,-25.123427],[-68.572373,-24.769856],[-67.339787,-24.000601],[-67.013967,-23.000714],[-67.193904,-22.822223]]],[[[-68.568227,-54.878351],[-68.642343,-54.853653],[-68.641998,-54.799168],[-68.568227,-54.878351]]],[[[-68.641882,-54.782971],[-68.627617,-52.639572],[-68.311431,-52.912042],[-68.225819,-53.102472],[-68.550751,-53.238537],[-67.571523,-53.907973],[-66.482213,-54.4658],[-65.141916,-54.646905],[-65.358957,-54.92669],[-66.450673,-55.052016],[-68.641882,-54.782971]]],[[[-63.888417,-54.729913],[-64.62442,-54.903741],[-64.758656,-54.832289],[-64.542348,-54.71559],[-63.888417,-54.729913]]],[[[-61.91926,-39.15252],[-61.868276,-39.239435],[-62.098012,-39.087823],[-61.91926,-39.15252]]],[[[-61.967275,-39.04697],[-62.130767,-39.020603],[-62.040191,-39.005466],[-61.967275,-39.04697]]],[[[-62.237326,-40.509949],[-62.028517,-40.454882],[-62.108709,-40.564064],[-62.237326,-40.509949]]],[[[-62.13318,-40.181094],[-62.01466,-40.175163],[-62.021165,-40.343553],[-62.13318,-40.181094]]]]}},{"type":"Feature","properties":{"ISO3166-1-Alpha-3":"-99"},"geometry":{"type":"Polygon","coordinates":[[[33.780935,34.976345],[33.701508,34.972886],[33.678853,35.055794],[33.889435,35.118994],[33.780935,34.976345]],[[33.741314,35.013729],[33.752063,35.004323],[33.752063,35.0144],[33.741314,35.013729]]]}},{"type":"Feature","properties":{"ISO3166-1-Alpha-3":"CYP"},"geometry":{"type":"MultiPolygon","coordinates":[[[[33.79435,34.977763],[33.780191,34.979313],[33.75921,34.988666],[33.79435,34.977763]]],[[[33.752063,35.004323],[33.741314,35.013729],[33.752063,35.0144],[33.752063,35.004323]]],[[[33.702935,34.987943],[32.962515,34.625019],[32.458995,34.721869],[32.271739,35.072821],[33.702935,34.987943]]],[[[33.838068,34.963707],[34.021961,35.057009],[34.099132,34.965155],[33.838068,34.963707]]]]}},{"type":"Feature","properties":{"ISO3166-1-Alpha-3":"IND"},"geometry":{"type":"MultiPolygon","coordinates":[[[[77.800346,35.495406],[77.883132,35.431068],[78.044259,35.491633],[78.001161,35.268908],[78.296027,34.624658],[78.664583,34.526421],[78.95118,34.349171],[78.976192,34.217163],[78.730109,34.079265],[78.800905,33.494236],[79.075048,33.295743],[79.456096,33.250399],[79.37317,33.11214],[79.399273,33.026878],[79.333586,32.994292],[79.613913,32.765035],[79.443497,32.534773],[79.320466,32.592267],[79.112928,32.472386],[79.075307,32.37079],[78.943429,32.346373],[78.77145,32.461663],[78.736827,32.629844],[78.384807,32.547549],[78.457981,32.229662],[78.744578,31.9642],[78.670887,31.770517],[78.818889,31.607374],[78.699516,31.510016],[78.762561,31.44511],[78.745095,31.308116],[78.921008,31.269685],[79.07021,31.461381],[79.131397,31.438433],[79.401592,31.023637],[79.577809,30.938371],[79.85035,30.954494],[80.224591,30.734094],[80.16661,30.674408],[80.179839,30.559479],[80.596351,30.459796],[81.003303,30.212731],[80.867911,30.200173],[80.368975,29.757926],[80.385201,29.604835],[80.213739,29.416888],[80.280092,29.31015],[80.258181,29.202456],[80.132607,29.110214],[80.036386,28.837026],[80.329701,28.627479],[80.488451,28.562444],[80.487624,28.656469],[80.555837,28.678948],[80.905273,28.440849],[81.169701,28.361319],[81.296205,28.12831],[81.396044,28.160634],[81.855654,27.850937],[82.02722,27.912406],[82.401926,27.677175],[82.679687,27.694409],[82.752137,27.494964],[83.132786,27.444217],[83.282441,27.330943],[83.387034,27.470469],[83.854602,27.34505],[83.834087,27.434037],[84.007668,27.440807],[84.11717,27.513283],[84.289408,27.376108],[84.606546,27.310479],[84.640239,27.028377],[84.817489,27.0106],[85.018562,26.845804],[85.162016,26.851024],[85.194934,26.758885],[85.28728,26.736974],[85.609379,26.851024],[85.701828,26.796608],[85.712887,26.653206],[85.828538,26.566131],[86.01137,26.654447],[86.195855,26.582668],[86.284428,26.61202],[86.713601,26.414565],[87.041333,26.580187],[87.10629,26.404746],[87.30049,26.34599],[87.416452,26.426967],[87.586984,26.378029],[87.869809,26.464639],[87.975488,26.366557],[88.074189,26.453942],[88.169067,26.744002],[88.151394,26.862806],[87.969183,27.110801],[88.02334,27.494912],[88.159662,27.77412],[88.099924,27.928322],[88.37877,27.982634],[88.610488,28.105831],[88.802931,28.011005],[88.855072,27.859179],[88.741642,27.53168],[88.773578,27.408509],[88.892331,27.315543],[88.730067,27.150954],[88.827632,27.097882],[88.851713,26.945437],[88.906645,26.981093],[89.096504,26.821413],[89.341657,26.854331],[89.586087,26.784051],[89.609806,26.712221],[89.81367,26.696149],[90.127191,26.751392],[90.348831,26.896654],[90.717077,26.767049],[91.296577,26.774594],[91.420187,26.871539],[91.520646,26.79759],[91.825123,26.858465],[91.87866,26.803016],[91.89313,26.881358],[92.072757,26.887766],[91.987904,27.122273],[92.088776,27.29234],[91.975088,27.472433],[91.727092,27.459942],[91.604465,27.532145],[91.573252,27.619711],[91.63577,27.782525],[91.564355,27.851372],[91.952247,27.72482],[92.239568,27.865277],[92.303854,27.78616],[92.392841,27.856027],[92.574977,27.847806],[92.736392,27.985909],[92.638924,28.057487],[92.678611,28.133064],[93.207825,28.340539],[93.186286,28.431995],[93.31717,28.603463],[93.446213,28.671894],[93.927786,28.682752],[93.992019,28.844649],[94.347311,29.024349],[94.287505,29.147938],[94.514778,29.22106],[94.599941,29.316635],[94.704224,29.284699],[94.776571,29.166696],[95.367406,29.036496],[95.487577,29.068994],[95.56443,29.245606],[95.717165,29.218284],[95.744781,29.340432],[96.074536,29.369286],[96.141966,29.368467],[96.235293,29.241214],[96.366241,29.257233],[96.174625,29.108845],[96.195323,28.941106],[96.366568,29.036537],[96.457605,28.994588],[96.592584,28.757884],[96.301852,28.420711],[96.369644,28.378116],[96.716924,28.436539],[96.965791,28.330468],[97.11555,28.366564],[97.323496,28.217478],[97.292903,28.095082],[97.362253,27.994881],[97.333521,27.894164],[97.222933,27.899719],[96.862129,27.599298],[96.881352,27.444114],[97.119167,27.087288],[96.865332,27.171624],[96.853757,27.248725],[96.705239,27.36076],[96.142586,27.25751],[95.410641,26.701627],[95.122803,26.611607],[95.040638,26.475594],[95.041775,26.287596],[95.151225,26.049936],[95.00064,25.922036],[95.008805,25.737138],[94.608003,25.394627],[94.553329,25.204147],[94.689135,25.138518],[94.708565,25.02589],[94.581544,24.73012],[94.29536,24.332599],[94.131856,23.856969],[93.711106,24.005461],[93.456652,23.95996],[93.368285,24.07848],[93.309684,24.063984],[93.430297,23.680339],[93.3749,23.129726],[93.272787,23.00591],[93.140082,23.031903],[93.175532,22.881705],[93.070835,22.69288],[93.173672,22.259418],[93.141735,22.187277],[93.024533,22.201902],[92.978955,21.995351],[92.906194,22.017314],[92.877462,21.957007],[92.683779,22.154308],[92.650913,22.019174],[92.575879,21.977574],[92.495883,22.695618],[92.359871,22.926612],[92.348606,23.354105],[92.259309,23.706487],[92.1943,23.648144],[92.150788,23.731653],[92.019013,23.640057],[91.922688,23.722972],[91.940775,23.495182],[91.743681,23.272327],[91.795564,23.089496],[91.586068,22.944466],[91.394349,23.262664],[91.370887,23.062779],[91.313527,23.101046],[91.287275,23.355552],[91.136276,23.629515],[91.216272,23.908387],[91.339055,23.995229],[91.363033,24.099848],[91.581831,24.096101],[91.629063,24.215319],[91.703684,24.142946],[91.732933,24.234284],[91.87711,24.158036],[91.899847,24.33805],[91.972194,24.316062],[91.949974,24.375387],[92.107587,24.405979],[92.223032,24.891376],[92.380748,24.836702],[92.477693,24.86391],[92.483791,24.928221],[92.033999,25.181668],[91.638675,25.124049],[91.235702,25.201925],[90.364644,25.149991],[89.819044,25.284969],[89.783129,25.814446],[89.828656,25.979397],[89.653008,26.22269],[89.562781,26.142591],[89.611357,26.072208],[89.541697,25.959709],[89.335301,25.998569],[89.11919,26.146622],[89.043743,26.381078],[88.94101,26.439421],[88.891246,26.385781],[89.019455,26.234472],[88.663404,26.264444],[88.712238,26.328265],[88.656273,26.415133],[88.372518,26.611607],[88.315105,26.465052],[88.461143,26.45389],[88.497626,26.352708],[88.431687,26.362216],[88.326267,26.21592],[88.163796,26.140473],[88.087574,25.830983],[88.127726,25.774914],[88.259915,25.789021],[88.530286,25.500202],[88.772338,25.501959],[88.841998,25.332822],[88.984935,25.284969],[88.924163,25.167871],[88.441299,25.18973],[88.322753,24.874684],[88.20245,24.9453],[88.114911,24.916413],[88.140955,24.844583],[88.02179,24.645603],[88.10995,24.500986],[88.475405,24.315468],[88.634517,24.294125],[88.660149,24.338257],[88.737508,24.287097],[88.67808,24.154289],[88.71415,23.925156],[88.577621,23.85516],[88.540104,23.649953],[88.719421,23.468104],[88.770168,23.488826],[88.69658,23.252354],[88.959975,23.202693],[88.838794,22.975808],[88.944524,22.848012],[88.927988,22.548134],[89.078159,22.150845],[89.060883,21.938463],[89.009532,21.904608],[88.90504,21.969428],[89.01588,21.853339],[89.082693,21.617336],[88.891612,21.65351],[88.858653,21.766832],[88.858653,21.636542],[88.805837,21.62287],[88.810883,21.691718],[88.790538,21.568264],[88.70753,21.578315],[88.694509,21.83983],[88.763031,22.017279],[88.708507,22.072211],[88.763031,22.130561],[88.694835,22.081529],[88.689952,21.94599],[88.63087,21.945461],[88.683116,22.184963],[88.660167,22.205024],[88.567068,21.850816],[88.564626,21.766832],[88.632823,21.750067],[88.572276,21.557929],[88.487966,21.556545],[88.532888,21.795315],[88.495616,21.951809],[88.456309,21.62401],[88.393077,21.600246],[88.392589,21.698554],[88.331228,21.719062],[88.309744,21.610175],[88.298188,21.764106],[88.261567,21.798651],[88.305837,21.571682],[88.254405,21.554674],[88.181895,21.665229],[88.209727,21.78856],[88.146739,21.959215],[88.222423,22.077948],[88.198009,22.167792],[88.009044,22.240424],[87.94044,22.413031],[87.906586,22.42475],[87.965343,22.244818],[88.132579,22.179145],[88.164317,22.089789],[88.043142,22.017279],[87.983653,21.854193],[87.833995,21.729315],[87.200938,21.551988],[86.917654,21.327379],[86.844005,21.082221],[86.965668,20.805976],[86.878754,20.780585],[86.986583,20.751858],[86.940196,20.697984],[87.043224,20.697984],[86.751475,20.489163],[86.72047,20.368476],[86.809825,20.415107],[86.693696,20.293931],[86.754649,20.314439],[86.495128,20.184068],[86.42628,19.999172],[86.209158,20.066636],[86.152517,20.143134],[86.167735,20.072943],[86.372406,19.964993],[85.480479,19.666327],[85.427013,19.704088],[85.576508,19.745836],[85.570323,19.875637],[85.440115,19.896226],[85.268077,19.780015],[85.102875,19.529608],[85.124034,19.478339],[85.233246,19.554104],[85.193044,19.580797],[85.247569,19.65648],[85.391449,19.690619],[85.37794,19.614936],[85.288422,19.601264],[85.330577,19.576402],[85.576508,19.690619],[85.180431,19.475002],[84.791026,19.120592],[84.73878,19.14765],[84.740489,19.073676],[84.78004,19.097073],[84.741059,19.028144],[84.423676,18.636461],[84.246918,18.52558],[84.349946,18.552924],[84.113129,18.298285],[83.451915,17.922919],[83.341319,17.717434],[83.246918,17.716254],[83.299083,17.664293],[83.212901,17.634914],[83.238943,17.592963],[82.387706,17.126939],[82.252696,16.929185],[82.31422,16.846625],[82.362478,16.859076],[82.348888,16.956488],[82.366547,16.908637],[82.365571,16.811591],[82.338145,16.678412],[82.280935,16.620836],[82.307384,16.579779],[81.76295,16.322577],[81.416677,16.340155],[81.411388,16.382514],[81.259613,16.332709],[81.14975,15.969631],[80.998871,15.846747],[81.012543,15.777818],[80.910004,15.852688],[80.896495,16.031073],[80.80714,15.716376],[80.776134,15.884263],[80.670177,15.907701],[80.279633,15.70067],[80.052989,15.092597],[80.108165,14.714342],[80.178477,14.60578],[80.141856,14.571234],[80.196951,14.565009],[80.174978,14.34455],[80.046641,14.20661],[80.13559,14.229193],[80.313731,13.440904],[80.141856,13.728949],[80.13559,13.619086],[80.094005,13.69477],[80.052989,13.619086],[80.119395,13.500678],[80.326996,13.430365],[80.332774,13.198147],[80.179698,12.53262],[79.943858,12.217841],[80.005138,12.241767],[79.785899,11.769192],[79.751964,11.576972],[79.819347,11.381496],[79.749848,11.373684],[79.67628,11.296454],[79.833018,11.341986],[79.8567,10.29328],[79.556651,10.298651],[79.586925,10.343695],[79.286143,10.252834],[79.236339,10.166571],[79.279063,10.035834],[78.980805,9.667182],[78.913259,9.47427],[79.074718,9.299872],[79.341075,9.315863],[79.453624,9.159003],[79.292735,9.250312],[78.988943,9.278266],[78.41212,9.09984],[78.182791,8.877102],[78.162364,8.753485],[78.21518,8.765448],[78.114594,8.657904],[78.128266,8.488023],[78.055919,8.363715],[77.510916,8.075995],[77.308604,8.130927],[76.99586,8.368109],[76.543956,8.912502],[76.668468,9.007392],[76.528087,8.946967],[76.482758,9.17182],[76.414561,9.246975],[76.442556,9.145168],[76.362966,9.325181],[76.311778,9.492987],[76.236339,9.952704],[76.251475,9.963121],[76.338878,9.699408],[76.332693,9.870754],[76.394054,9.678941],[76.357432,9.520697],[76.503266,9.53498],[76.406993,9.569078],[76.394054,9.842841],[76.245128,10.1022],[76.215343,10.138251],[76.242686,9.987454],[76.182384,10.105658],[76.240245,10.238959],[76.153168,10.22016],[75.735525,11.371527],[75.324555,11.899115],[75.400238,11.920233],[75.393403,11.97484],[75.302257,11.966051],[75.30421,12.043158],[75.276703,11.967434],[75.193696,12.022284],[75.139659,12.248603],[75.105479,12.221259],[74.827647,12.824652],[74.940929,12.878607],[74.817556,12.861762],[74.689464,13.381578],[74.666677,13.632758],[74.735606,13.653795],[74.687755,13.711819],[74.660492,13.660061],[74.495372,14.030585],[74.429047,14.240424],[74.508962,14.250312],[74.415375,14.301093],[74.351899,14.530219],[74.427745,14.476264],[74.358735,14.571234],[74.300548,14.527411],[74.339041,14.612779],[74.27589,14.610175],[74.25294,14.71894],[74.096446,14.793362],[74.235199,14.876532],[74.111827,14.846177],[73.913097,15.078925],[73.962169,15.152045],[73.891287,15.343207],[73.782888,15.407904],[73.967784,15.373765],[73.796397,15.448879],[73.865977,15.537584],[73.766287,15.49726],[73.736827,15.571723],[73.838145,15.661119],[73.718272,15.627143],[73.447032,16.068915],[73.487966,16.189358],[73.447032,16.113593],[73.302989,16.533026],[73.378673,16.518297],[73.314626,16.599433],[73.371267,16.610175],[73.312185,16.644721],[73.275727,17.078599],[73.187022,17.305976],[73.249034,17.284857],[73.125987,17.556545],[73.200694,17.586493],[73.121349,17.62641],[73.005219,18.012356],[73.043468,18.066962],[72.987315,18.066555],[72.926931,18.223944],[72.939952,18.286038],[73.057465,18.185614],[73.071544,18.273017],[72.977387,18.295071],[72.891449,18.429389],[72.924653,18.535631],[73.014985,18.469957],[72.851736,18.719672],[72.926931,18.826646],[72.995128,18.731024],[72.9817,18.871487],[72.896821,18.894477],[73.056814,19.015326],[72.988292,18.998603],[72.974783,19.163072],[72.8213,18.903306],[72.770356,18.948188],[72.824229,19.053534],[72.785411,19.31391],[72.972667,19.293687],[73.026622,19.205512],[73.049653,19.217719],[72.987804,19.300686],[72.763438,19.380194],[72.754405,19.481757],[72.879161,19.532375],[72.741954,19.580797],[72.722504,19.536282],[72.686697,19.724799],[72.72641,19.705797],[72.732758,19.779731],[72.677908,19.746568],[72.649181,19.851996],[72.946788,20.759467],[72.900401,20.868109],[72.836925,20.835842],[72.888438,20.982611],[72.771983,21.023871],[72.849864,21.048],[72.809581,21.130032],[72.700369,21.074774],[72.714041,21.16413],[72.615001,21.105862],[72.734548,21.19892],[72.618419,21.252916],[72.586762,21.341213],[72.645763,21.362779],[72.564626,21.38581],[72.747081,21.452867],[72.583669,21.417426],[72.82309,21.643948],[72.889659,21.64053],[73.132009,21.757799],[72.926931,21.684963],[72.550304,21.666693],[72.566905,21.849351],[72.734548,21.994045],[72.542735,21.910834],[72.50172,21.97602],[72.57545,22.194525],[72.74822,22.164049],[72.812266,22.234117],[72.916026,22.22309],[72.917491,22.27143],[72.573741,22.288235],[72.466156,22.232571],[72.391856,22.253485],[72.397227,22.366767],[72.328298,22.260728],[72.240408,22.301907],[72.148774,22.277899],[72.306488,22.22956],[72.307628,22.079006],[72.173106,21.975653],[72.097016,22.007025],[72.102061,21.945054],[72.028656,21.938788],[72.156505,21.925849],[72.169444,21.841376],[72.057953,21.898749],[72.104503,21.835761],[72.004161,21.857733],[71.996104,21.799506],[72.166026,21.793931],[72.298839,21.626288],[72.104503,21.315009],[72.104747,21.205064],[71.140636,20.765692],[70.740245,20.718492],[70.054445,21.153155],[69.808604,21.465806],[69.427419,21.781236],[69.39088,21.876695],[69.198416,21.979722],[68.944591,22.295071],[69.073578,22.481879],[69.071788,22.399482],[69.202159,22.414862],[69.212087,22.273912],[69.479666,22.342231],[69.515961,22.448147],[69.616059,22.355902],[69.733409,22.480048],[69.794932,22.418606],[69.972992,22.541449],[70.178477,22.561957],[70.375255,22.902655],[70.504731,22.97956],[70.50294,23.104397],[70.398774,23.069037],[70.392426,22.940863],[70.130626,22.993964],[70.135427,22.929999],[69.833181,22.858466],[69.715831,22.746894],[69.585704,22.761176],[69.201915,22.85224],[68.866222,23.019965],[68.654063,23.157782],[68.623057,23.267646],[68.552257,23.259711],[68.606944,23.325588],[68.520681,23.369208],[68.536388,23.421332],[68.423676,23.445787],[68.48585,23.514106],[68.437348,23.548814],[68.411632,23.494696],[68.408865,23.621324],[68.491466,23.618842],[68.469412,23.659247],[68.821625,23.878404],[68.427745,23.714301],[68.327322,23.5869],[68.143403,23.612698],[68.27589,23.665839],[68.163748,23.757717],[68.263926,23.93593],[68.724466,23.965179],[68.747307,24.331177],[68.838774,24.236455],[68.904197,24.320584],[68.962643,24.257228],[69.563071,24.276762],[69.714587,24.168578],[69.972039,24.165219],[70.097871,24.298828],[70.416353,24.401948],[70.562907,24.424092],[70.567661,24.272809],[70.755453,24.231442],[71.082772,24.411508],[70.977145,24.464942],[70.954821,24.584521],[71.063858,24.682577],[70.848574,25.163323],[70.654478,25.39659],[70.653857,25.674455],[70.249231,25.707683],[70.064643,25.980327],[70.146912,26.217419],[70.158074,26.530113],[70.056064,26.589076],[69.815562,26.580291],[69.50416,26.735165],[69.465093,26.80777],[69.534443,27.125581],[69.993536,27.571083],[70.101953,27.81174],[70.341939,28.01147],[70.534898,28.015965],[70.710391,27.74115],[70.831573,27.701463],[71.226329,27.845356],[71.874403,27.95969],[71.908303,28.135571],[72.149942,28.353774],[72.354581,28.767186],[72.930359,29.047685],[73.232873,29.536596],[73.370332,29.927322],[73.739716,30.048451],[73.944354,30.188288],[73.85175,30.372669],[74.057526,30.531367],[74.319215,30.893413],[74.401277,30.893103],[74.658833,31.083789],[74.506387,31.175411],[74.617181,31.458908],[74.489437,31.711192],[74.550415,31.826999],[74.698417,31.950247],[74.783683,31.942858],[74.828641,32.025437],[75.294659,32.148892],[75.359048,32.261675],[75.023668,32.466262],[74.689322,32.471352],[74.629584,32.588089],[74.685291,32.831227],[74.573773,32.75255],[74.34619,32.76689],[74.311257,32.994292],[74.153851,33.040181],[74.002335,33.177692],[73.991793,33.252571],[74.095973,33.328484],[74.157778,33.494236],[73.976704,33.648387],[73.966162,33.734531],[74.272293,33.96214],[73.893711,34.054305],[73.990553,34.218507],[73.774856,34.370952],[73.925957,34.564971],[73.919343,34.642538],[74.348877,34.773434],[75.017777,34.629722],[75.212907,34.644967],[75.611643,34.49836],[75.795818,34.507921],[76.023401,34.677161],[76.652613,34.746976],[76.757619,34.915131],[77.013108,34.986393],[77.042426,35.107014],[77.800346,35.495406]]],[[[80.968272,15.795233],[80.942638,15.741034],[80.8685,15.811957],[80.888357,15.846747],[80.968272,15.795233]]],[[[73.643891,10.09455],[73.640961,10.069322],[73.632579,10.057278],[73.643891,10.09455]]],[[[73.65561,10.144761],[73.657888,10.139065],[73.654633,10.141506],[73.65561,10.144761]]],[[[72.648611,10.573961],[72.63852,10.559394],[72.627452,10.554755],[72.648611,10.573961]]],[[[72.540863,10.776516],[72.548757,10.779324],[72.541189,10.772895],[72.540863,10.776516]]],[[[73.672862,10.824693],[73.681244,10.82807],[73.684418,10.827541],[73.672862,10.824693]]],[[[72.739513,11.113959],[72.744965,11.109524],[72.739513,11.108832],[72.739513,11.113959]]],[[[73.004405,11.496487],[73.010916,11.490139],[73.005626,11.479641],[73.004405,11.496487]]],[[[72.705089,11.692328],[72.705251,11.687323],[72.700938,11.686428],[72.705089,11.692328]]],[[[93.860606,12.281195],[93.85377,12.260565],[93.851899,12.271552],[93.860606,12.281195]]],[[[94.261892,13.429267],[94.290782,13.422919],[94.274913,13.420315],[94.261892,13.429267]]],[[[93.920258,7.024319],[93.903087,6.808295],[93.834239,6.745551],[93.76531,6.924302],[93.649181,7.013088],[93.676443,7.181871],[93.830821,7.235907],[93.920258,7.024319]]],[[[93.696951,7.445054],[93.728526,7.337104],[93.617931,7.259955],[93.594005,7.314765],[93.696951,7.445054]]],[[[93.370291,8.01732],[93.454438,7.869289],[93.305024,7.949937],[93.370291,8.01732]]],[[[93.510753,7.98017],[93.574229,7.968817],[93.573985,7.924872],[93.510753,7.98017]]],[[[93.531912,8.034735],[93.484386,7.991889],[93.516938,8.0633],[93.446625,8.154364],[93.504649,8.226996],[93.531912,8.034735]]],[[[73.024099,8.255439],[73.083995,8.308498],[73.066091,8.270453],[73.024099,8.255439]]],[[[93.083751,8.355902],[93.17628,8.212877],[93.065766,8.268134],[93.083751,8.355902]]],[[[93.607677,8.569159],[93.628184,8.486558],[93.60141,8.438178],[93.607677,8.569159]]],[[[92.750987,9.261217],[92.831981,9.145025],[92.731212,9.130845],[92.750987,9.261217]]],[[[92.585092,10.771269],[92.535423,10.524861],[92.384111,10.529328],[92.376721,10.78402],[92.428966,10.850816],[92.527592,10.895466],[92.585092,10.771269]]],[[[92.63559,11.508043],[92.673188,11.367336],[92.593516,11.378363],[92.63559,11.508043]]],[[[92.217296,11.59809],[92.285004,11.544013],[92.252126,11.529242],[92.217296,11.59809]]],[[[93.014659,12.037177],[93.066417,11.899115],[92.947032,11.989691],[93.014659,12.037177]]],[[[93.103282,12.190497],[93.103282,12.102037],[93.094249,12.090969],[93.059337,12.153551],[93.103282,12.190497]]],[[[92.733084,12.97248],[92.724376,12.872382],[92.682791,12.797309],[92.682791,12.961737],[92.733084,12.97248]]],[[[93.052745,13.283881],[93.036794,13.062161],[92.937022,13.067084],[92.952647,12.970771],[92.876313,12.916653],[92.964041,12.864936],[92.990571,12.519232],[92.936046,12.419908],[92.84669,12.433539],[92.91505,12.338365],[92.894216,12.205024],[92.757498,12.07746],[92.737478,11.878648],[92.761974,11.940131],[92.79949,11.899115],[92.76002,11.708686],[92.68393,11.649888],[92.696788,11.611233],[92.761485,11.663642],[92.71697,11.494452],[92.524913,11.857489],[92.570567,11.932603],[92.617686,11.8664],[92.681814,12.219631],[92.727794,12.172838],[92.792654,12.207668],[92.717784,12.362494],[92.72169,12.599433],[92.783214,12.664984],[92.737478,12.807196],[92.834727,13.002021],[92.847423,13.344916],[93.011729,13.578111],[93.07838,13.397121],[92.977061,13.345364],[93.052745,13.283881]]],[[[93.033214,13.680243],[93.052745,13.640204],[92.990571,13.667467],[93.033214,13.680243]]],[[[88.872895,21.595526],[88.911306,21.566881],[88.90797,21.530707],[88.838715,21.531928],[88.872895,21.595526]]],[[[88.051768,21.641588],[88.119314,21.859524],[88.146739,21.869859],[88.139415,21.630316],[88.051768,21.641588]]],[[[88.584972,21.826606],[88.670584,21.907416],[88.646332,21.787909],[88.584972,21.826606]]],[[[88.080903,21.849351],[88.077322,21.904608],[88.118907,21.945014],[88.125011,21.888658],[88.080903,21.849351]]],[[[72.200043,10.864447],[72.179047,10.8487],[72.200043,10.878079],[72.200043,10.864447]]],[[[72.770356,11.20364],[72.795584,11.257229],[72.775401,11.186591],[72.770356,11.20364]]]]}},{"type":"Feature","properties":{"ISO3166-1-Alpha-3":"CHN"},"geometry":{"type":"MultiPolygon","coordinates":[[[[78.917694,33.386258],[78.721117,33.994386],[78.976192,34.309173],[78.296027,34.624658],[78.044259,35.491633],[76.166027,35.806239],[75.849768,36.644741],[74.38257,37.126572],[75.164125,37.400638],[74.891893,37.599205],[74.835773,38.455173],[73.816403,38.586586],[73.632642,39.448343],[73.921617,39.582133],[73.976704,40.043603],[74.835359,40.511637],[75.559863,40.63287],[75.681819,40.291702],[76.313512,40.343327],[76.860972,41.013208],[78.074955,41.039512],[78.658278,41.532453],[80.231206,42.033689],[80.143769,42.644762],[80.793445,43.14946],[80.338899,44.121494],[80.492275,44.727969],[79.858205,44.90372],[81.665227,45.347982],[82.539747,45.123655],[82.631989,45.415834],[82.291493,45.533191],[83.021475,47.205905],[84.739613,46.814766],[85.498636,47.051832],[85.718674,48.358832],[86.565083,48.527323],[86.859483,49.105324],[87.816324,49.165837],[87.983032,48.552335],[90.3448,47.658642],[91.047496,46.566409],[90.651138,45.493142],[90.873243,45.186184],[93.525278,44.951263],[95.397722,44.280502],[95.318967,44.017108],[96.357767,42.724499],[101.524945,42.537456],[102.034164,42.18461],[103.691427,41.759235],[104.500784,41.870598],[104.504918,41.656554],[104.97383,41.586145],[106.767829,42.286619],[109.485131,42.449296],[110.406728,42.768605],[111.933353,43.696636],[111.397055,44.387369],[111.958261,45.084536],[113.604776,44.739699],[114.533711,45.3855],[115.667389,45.454281],[116.568316,46.290871],[117.337468,46.357275],[117.393795,46.57137],[119.85442,46.65966],[119.699959,47.159526],[118.542252,47.966246],[117.766899,47.993144],[117.360826,47.650865],[116.822047,47.876304],[115.914506,47.683912],[115.51422,48.131637],[116.684278,49.823265],[117.836869,49.50902],[119.31621,50.092654],[119.137565,50.392532],[120.77917,52.117595],[120.72398,52.542169],[120.032962,52.760657],[120.874255,53.28016],[123.614294,53.563347],[125.621355,53.062137],[126.555975,52.130643],[127.590641,50.208719],[127.538654,49.789934],[129.480603,49.421274],[130.201799,48.882599],[130.674328,48.870817],[130.674742,48.063941],[131.023351,47.682284],[132.524655,47.707528],[133.091958,48.10678],[134.718733,48.263412],[134.559362,48.009525],[134.772579,47.710732],[134.183571,47.3275],[133.902452,46.258986],[133.09878,45.10779],[131.853068,45.337596],[130.933434,44.841708],[131.280906,43.380221],[131.103036,42.910431],[130.407161,42.735377],[130.571906,42.621818],[130.530771,42.53048],[129.879751,42.996033],[129.703328,42.442372],[128.940067,42.035368],[128.034593,41.993743],[128.303,41.583406],[128.14611,41.376339],[126.679482,41.735981],[126.007843,40.899313],[124.895508,40.483628],[124.137218,39.842353],[123.252045,39.817084],[121.179535,38.720933],[121.117931,38.943427],[121.942963,39.399359],[121.223399,39.528632],[122.30185,40.502346],[121.867931,40.995795],[120.981944,40.826809],[120.472016,40.214301],[119.535592,39.890826],[118.926036,39.130601],[117.715424,39.111396],[117.716082,38.378511],[118.950037,38.097262],[119.259597,37.715847],[118.969981,37.593451],[119.145518,37.17886],[119.7706,37.151842],[120.738048,37.83397],[121.570323,37.428656],[122.688243,37.409817],[122.507416,36.898017],[121.92628,36.993598],[120.75058,36.616848],[120.949962,36.459174],[120.627778,36.116523],[120.097179,36.226386],[120.298839,35.973131],[119.192882,35.000434],[119.192231,34.718207],[120.257091,34.311835],[120.830333,32.697659],[121.922057,31.754378],[120.634376,32.07701],[120.131358,31.943183],[119.842133,32.299058],[119.612885,32.35456],[119.606049,32.196926],[120.006396,31.950305],[120.229991,31.908881],[120.469493,32.025133],[120.750354,31.978336],[121.95082,30.982081],[120.831791,30.30525],[120.698148,30.393951],[120.479145,30.403524],[120.430315,30.38984],[120.378967,30.273524],[120.257904,30.298082],[120.147094,30.198891],[120.38472,30.249588],[120.450494,30.36886],[120.621606,30.372563],[120.631789,30.122388],[120.682465,30.084906],[120.792247,30.066067],[121.254102,30.348393],[121.721934,29.960517],[121.935557,29.887356],[122.129143,29.903777],[121.44337,29.524237],[121.971202,29.593329],[121.942963,29.195868],[121.786632,29.374498],[121.408539,29.161119],[121.689789,29.017076],[121.62143,28.735907],[121.142345,28.845852],[121.656342,28.339301],[121.345795,28.145168],[121.168956,28.384833],[120.965228,27.987145],[120.559581,28.112779],[120.868364,27.882559],[120.517833,27.201606],[120.195811,27.297797],[120.421723,27.146959],[120.031993,26.899888],[120.128184,26.796942],[120.134369,26.646064],[119.552094,26.749091],[119.681895,26.317125],[119.949962,26.364936],[119.654307,26.272406],[119.458507,25.982489],[119.435557,25.98135],[119.41505,26.009263],[119.27711,26.052924],[119.215831,26.100084],[119.093516,26.145819],[119.246837,25.967231],[119.329845,25.944281],[119.695404,26.002631],[119.449067,25.687161],[119.654552,25.35814],[119.305186,25.60456],[119.10255,25.420315],[119.344249,25.242377],[118.87558,25.243842],[119.01767,24.960273],[118.572032,24.885199],[118.620453,24.545478],[118.160492,24.693427],[117.79127,24.467475],[118.126475,24.26203],[117.591669,23.737064],[117.571056,23.903266],[117.416596,23.946845],[117.257093,23.615616],[116.916515,23.662746],[116.773224,23.349432],[116.523204,23.418524],[116.804822,23.236122],[116.508881,23.234117],[116.494688,22.939352],[115.81003,22.746091],[115.730317,22.934231],[115.406016,22.925035],[115.575219,22.668336],[115.303803,22.903022],[114.862524,22.763216],[114.895966,22.547524],[114.775238,22.815823],[114.515816,22.452643],[113.890345,22.452712],[113.528819,23.01081],[113.830089,23.117499],[113.417491,23.096991],[113.212983,22.904527],[113.59917,22.57518],[113.483745,22.155142],[113.165294,22.575588],[113.401971,22.179574],[113.085053,22.207587],[112.911586,21.856291],[112.550873,21.772854],[112.397472,22.068508],[112.286225,21.708808],[111.890391,21.925116],[111.630463,21.529853],[111.027599,21.54092],[110.431163,21.191474],[110.486339,21.335517],[110.35849,21.435736],[110.156749,20.848863],[110.53419,20.478258],[110.280284,20.252997],[109.917247,20.239325],[109.661225,20.927558],[109.944428,21.493109],[109.594493,21.746405],[109.138682,21.401597],[108.573334,21.951809],[108.470958,21.561998],[107.348155,21.599355],[106.653107,21.968893],[106.526913,22.43827],[106.789843,22.797188],[105.853879,22.90465],[105.312155,23.36581],[103.959525,22.507103],[103.646934,22.799049],[103.029039,22.430157],[102.467781,22.768586],[102.218029,22.410675],[101.689121,22.478887],[101.515746,22.245362],[101.75599,21.143258],[101.244342,21.192868],[101.082801,21.766735],[100.162496,21.436367],[99.942406,22.045529],[99.14447,22.153533],[99.538038,22.926431],[98.859009,23.179387],[98.658815,23.961123],[98.865727,24.145685],[97.516456,23.942829],[97.800986,25.237634],[98.690234,25.865554],[98.679279,27.577336],[98.294703,27.536615],[97.670451,28.511284],[97.323496,28.217478],[96.301852,28.420711],[96.592584,28.757884],[96.195323,28.941106],[96.366241,29.257233],[96.141966,29.368467],[95.367406,29.036496],[94.599941,29.316635],[93.927786,28.682752],[93.31717,28.603463],[92.683674,27.91045],[91.952247,27.72482],[91.290169,28.091413],[90.475232,28.072344],[90.587726,28.233298],[90.225591,28.358399],[89.561489,28.13464],[88.971933,27.312385],[88.610488,28.105831],[87.369116,27.803937],[86.15596,28.156525],[85.98026,27.885172],[85.692939,28.335222],[85.087395,28.304113],[85.160982,28.595],[84.450845,28.73388],[84.08973,29.256613],[83.523718,29.183594],[82.088767,30.330088],[81.387518,30.373909],[81.097768,30.016929],[79.131397,31.438433],[78.745095,31.308116],[78.744578,31.9642],[78.384807,32.547549],[78.736827,32.629844],[78.943429,32.346373],[79.620673,32.728725],[79.333586,32.994292],[79.456096,33.250399],[78.917694,33.386258]]],[[[111.010509,19.683783],[110.479177,19.169257],[110.534434,18.785631],[109.708751,18.207221],[108.684906,18.515204],[108.626964,19.27497],[109.255138,19.898342],[110.605805,19.923163],[110.677908,20.16356],[111.010509,19.683783]]],[[[111.835297,21.643948],[111.999848,21.621161],[111.809337,21.565497],[111.835297,21.643948]]],[[[112.555919,21.678127],[112.650401,21.640448],[112.525401,21.598863],[112.555919,21.678127]]],[[[112.711681,21.702541],[112.810557,21.589301],[112.764903,21.581855],[112.711681,21.702541]]],[[[113.38266,22.089586],[113.405772,22.007025],[113.309418,22.024115],[113.38266,22.089586]]],[[[113.271739,22.120022],[113.31365,22.076402],[113.279145,22.074693],[113.271739,22.120022]]],[[[113.475597,22.900702],[113.558279,22.75788],[113.396169,22.898098],[113.475597,22.900702]]],[[[116.982188,23.459459],[117.128781,23.399369],[116.942989,23.430062],[116.982188,23.459459]]],[[[117.372732,23.76675],[117.431559,23.58263],[117.320483,23.574016],[117.372732,23.76675]]],[[[119.257579,26.047553],[119.401215,25.996039],[119.404959,25.977932],[119.257579,26.001451],[119.209239,26.098578],[119.257579,26.047553]]],[[[121.120372,28.135688],[121.279145,28.085435],[121.151573,28.041232],[121.120372,28.135688]]],[[[122.211436,30.346625],[122.202322,30.241929],[122.073578,30.291409],[122.211436,30.346625]]],[[[122.28004,30.482611],[122.423106,30.414944],[122.272797,30.435981],[122.28004,30.482611]]],[[[121.7942,31.368801],[121.881847,31.336615],[121.834727,31.292548],[121.7942,31.368801]]],[[[119.814301,32.27558],[119.792003,32.121772],[119.716156,32.27265],[119.814301,32.27558]]],[[[122.402599,39.159125],[122.354828,39.195624],[122.402599,39.213813],[122.402599,39.159125]]],[[[122.690684,39.193305],[122.718598,39.241889],[122.741954,39.23607],[122.690684,39.193305]]],[[[122.643891,39.27851],[122.586192,39.258002],[122.505056,39.296942],[122.643891,39.27851]]],[[[121.340587,39.48135],[121.421723,39.373684],[121.259451,39.391506],[121.340587,39.48135]]],[[[123.005707,39.497301],[122.989757,39.549506],[123.04005,39.529731],[123.005707,39.497301]]],[[[110.547537,20.917711],[110.632498,20.936672],[110.589203,20.88349],[110.547537,20.917711]]],[[[110.389822,21.095893],[110.516938,20.937649],[110.24586,20.986029],[110.389822,21.095893]]],[[[110.554942,21.156724],[110.543224,21.104967],[110.417735,21.178453],[110.554942,21.156724]]],[[[118.069998,24.460273],[118.181407,24.535102],[118.136485,24.429267],[118.069998,24.460273]]],[[[119.76352,25.659491],[119.757335,25.404934],[119.668468,25.48786],[119.76352,25.659491]]],[[[121.926606,29.166734],[121.888682,29.072333],[121.868175,29.147406],[121.926606,29.166734]]],[[[122.032888,29.730943],[122.18686,29.673407],[122.162934,29.654527],[122.032888,29.730943]]],[[[122.406749,29.952704],[122.395193,29.833319],[122.32545,29.953925],[122.406749,29.952704]]],[[[121.834727,30.044989],[121.910492,30.024115],[121.860118,29.978095],[121.834727,30.044989]]],[[[122.327485,30.024482],[122.019054,29.997219],[121.963145,30.142401],[122.103282,30.143704],[122.327485,30.024482]]],[[[121.322564,31.829331],[121.977851,31.477771],[121.176288,31.784323],[121.322564,31.829331]]],[[[111.20753,15.782172],[111.1963,15.785712],[111.20753,15.789293],[111.20753,15.782172]]],[[[111.761404,16.048651],[111.753103,16.044664],[111.753429,16.047431],[111.761404,16.048651]]],[[[109.127696,21.032172],[109.090505,21.041938],[109.122732,21.065416],[109.127696,21.032172]]],[[[120.722423,37.919094],[120.757335,37.922675],[120.754568,37.896674],[120.722423,37.919094]]],[[[120.601899,37.969306],[120.625824,37.972561],[120.622895,37.948798],[120.601899,37.969306]]],[[[120.704112,37.989651],[120.72047,37.964016],[120.688243,37.985256],[120.704112,37.989651]]],[[[120.760427,38.170478],[120.773285,38.159735],[120.742686,38.187567],[120.760427,38.170478]]],[[[120.836192,38.304267],[120.807384,38.304877],[120.833751,38.312567],[120.836192,38.304267]]],[[[120.924571,38.386868],[120.906912,38.392564],[120.917817,38.395453],[120.924571,38.386868]]],[[[123.143565,39.080878],[123.195567,39.052069],[123.160655,39.029242],[123.143565,39.080878]]],[[[111.606293,16.524237],[111.602875,16.533352],[111.60963,16.528266],[111.606293,16.524237]]],[[[112.733409,16.666083],[112.725271,16.666205],[112.726248,16.669013],[112.733409,16.666083]]],[[[112.33546,16.832587],[112.327159,16.829739],[112.327891,16.837104],[112.33546,16.832587]]],[[[112.33546,16.923814],[112.341075,16.926988],[112.340505,16.92357],[112.33546,16.923814]]],[[[110.417654,20.654771],[110.475841,20.595933],[110.457286,20.586859],[110.417654,20.654771]]],[[[113.247732,21.943183],[113.258474,21.880439],[113.225841,21.900824],[113.247732,21.943183]]],[[[113.736279,21.997162],[113.764477,21.966818],[113.748206,21.972788],[113.736279,21.997162]]],[[[114.30421,22.069281],[114.302501,22.044867],[114.206716,22.025784],[114.30421,22.069281]]],[[[113.484711,22.071357],[113.518891,22.127265],[113.547618,22.092597],[113.484711,22.071357]]],[[[113.610441,22.413337],[113.657825,22.423751],[113.621187,22.391419],[113.610441,22.413337]]],[[[113.476511,22.719514],[113.635687,22.656475],[113.641832,22.601624],[113.476511,22.719514]]],[[[113.50996,22.921216],[113.553599,22.911281],[113.545014,22.879961],[113.50996,22.921216]]],[[[116.936046,23.535549],[116.987804,23.524115],[116.937266,23.526272],[116.936046,23.535549]]],[[[119.470388,25.252183],[119.528982,25.165351],[119.444672,25.229071],[119.470388,25.252183]]],[[[119.281505,25.482896],[119.334972,25.437974],[119.296886,25.422919],[119.281505,25.482896]]],[[[119.599376,26.128119],[119.620372,26.064195],[119.553966,26.095649],[119.599376,26.128119]]],[[[120.35255,26.923774],[120.3449,26.971951],[120.385671,26.935167],[120.35255,26.923774]]],[[[121.046109,27.465199],[121.103365,27.45188],[121.067264,27.43677],[121.046109,27.465199]]],[[[121.114024,27.844143],[121.171235,27.818793],[121.097992,27.817816],[121.114024,27.844143]]],[[[121.103282,27.946194],[121.07016,27.982896],[121.139659,27.965766],[121.103282,27.946194]]],[[[121.789806,29.149848],[121.842052,29.095038],[121.782725,29.124661],[121.789806,29.149848]]],[[[122.271169,29.846829],[122.30836,29.776272],[122.2317,29.836249],[122.271169,29.846829]]],[[[121.940929,29.93769],[121.992442,29.908271],[121.946137,29.903957],[121.940929,29.93769]]],[[[122.407725,30.265937],[122.305349,30.240139],[122.277599,30.235541],[122.323985,30.272162],[122.407725,30.265937]]],[[[122.429942,30.743069],[122.52475,30.701809],[122.427257,30.703925],[122.429942,30.743069]]],[[[121.691254,31.419176],[121.766368,31.320624],[121.584483,31.441392],[121.691254,31.419176]]],[[[118.480276,38.93482],[118.648736,39.044651],[118.594321,38.972197],[118.480276,38.93482]]],[[[111.680268,16.578152],[111.678884,16.581122],[111.681651,16.580186],[111.680268,16.578152]]]]}},{"type":"Feature","properties":{"ISO3166-1-Alpha-3":"ISR"},"geometry":{"type":"Polygon","coordinates":[[[34.248351,31.211449],[35.09962,33.087592],[35.8211,33.406722],[35.560961,32.384717],[35.190751,32.54171],[34.961411,32.201576],[34.977433,31.833366],[35.262811,31.748625],[34.878832,31.362841],[35.458538,31.491619],[34.910818,29.489936],[34.248351,31.211449]]]}},{"type":"Feature","properties":{"ISO3166-1-Alpha-3":"PSE"},"geometry":{"type":"MultiPolygon","coordinates":[[[[34.200269,31.314267],[34.556032,31.539825],[34.248351,31.211449],[34.200269,31.314267]]],[[[34.986695,31.967228],[35.06435,32.463136],[35.560961,32.384717],[35.458745,31.491567],[34.878832,31.362841],[35.262811,31.748625],[34.986695,31.967228]]]]}},{"type":"Feature","properties":{"ISO3166-1-Alpha-3":"LBN"},"geometry":{"type":"Polygon","coordinates":[[[35.105235,33.089016],[35.665212,34.311347],[35.9699,34.649849],[36.440184,34.62936],[36.604101,34.199102],[36.369594,33.837006],[36.05044,33.816438],[35.480139,33.087387],[35.105235,33.089016]]]}},{"type":"Feature","properties":{"ISO3166-1-Alpha-3":"ETH"},"geometry":{"type":"Polygon","coordinates":[[[34.090249,8.556507],[34.098208,9.67972],[34.325894,10.223563],[34.279489,10.565506],[34.420048,10.780816],[34.574768,10.884143],[34.754395,10.684129],[34.838524,10.72914],[34.95831,10.903418],[34.913558,10.952976],[34.984148,11.186398],[34.944254,11.253242],[35.073135,11.54896],[35.072722,11.818866],[35.317358,12.023712],[35.687671,12.659228],[36.115035,12.70181],[36.136946,13.032436],[36.233581,13.36164],[36.391298,13.599352],[36.52638,14.263523],[36.748072,14.332072],[37.060197,14.27683],[37.121072,14.420826],[37.293775,14.457439],[37.553707,14.105497],[37.891464,14.879532],[38.006703,14.7244],[38.229325,14.679725],[38.426832,14.417183],[38.866082,14.493664],[39.009742,14.651226],[39.127461,14.602211],[39.20818,14.440179],[39.515035,14.56782],[39.892273,14.426562],[40.104559,14.465966],[40.833197,14.105962],[41.192038,13.615863],[41.7118,13.247926],[41.946617,12.876166],[42.184949,12.733048],[42.379459,12.465907],[41.792415,11.704455],[41.761306,10.996203],[41.937522,10.929825],[42.615621,11.08966],[42.771787,10.996462],[42.923715,10.998787],[42.647247,10.63222],[42.836279,10.208086],[43.067686,9.922522],[43.187214,9.883326],[43.248812,9.652332],[43.419034,9.413018],[43.621502,9.336899],[43.984788,9.008314],[46.97923,7.996567],[47.979169,7.996567],[46.423915,6.496736],[44.941525,4.911484],[43.968975,4.953962],[43.528485,4.841566],[43.119259,4.647702],[42.831628,4.302322],[42.102887,4.19189],[41.835927,3.94945],[41.699811,3.996915],[41.162996,3.94268],[40.763744,4.284933],[39.848451,3.867284],[39.764218,3.685745],[39.504389,3.403333],[39.315874,3.494904],[38.895227,3.513585],[38.508998,3.650812],[38.445953,3.601668],[38.101891,3.612649],[37.015652,4.370587],[36.844087,4.432237],[36.041345,4.443683],[35.940472,4.508046],[35.751647,4.854356],[35.80415,5.318023],[35.469287,5.430755],[35.287489,5.374092],[35.261961,5.511887],[35.098663,5.622474],[34.974433,5.863106],[34.959447,6.061724],[34.703545,6.684916],[34.524745,6.752871],[34.503661,6.89002],[34.280729,6.980092],[34.181407,7.167212],[34.033612,7.250256],[34.006534,7.409936],[33.71606,7.657156],[33.058323,7.797975],[32.9898,7.917244],[33.185137,8.14108],[33.161882,8.361506],[33.23516,8.455635],[33.620407,8.460699],[33.74102,8.367087],[33.95031,8.433207],[34.090249,8.556507]]]}},{"type":"Feature","properties":{"ISO3166-1-Alpha-3":"SSD"},"geometry":{"type":"Polygon","coordinates":[[[35.920835,4.619332],[35.245726,4.98172],[34.381188,4.620158],[33.490648,3.749746],[32.997241,3.885526],[32.16799,3.512242],[31.777884,3.816435],[30.553463,3.60451],[29.535024,4.660699],[29.221296,4.340692],[28.755433,4.553987],[28.357421,4.282866],[27.772444,4.595819],[27.123801,5.768745],[26.424826,6.072447],[26.378007,6.65329],[25.190431,7.501197],[25.216889,7.864069],[24.152872,8.317891],[24.176953,8.709857],[24.558377,8.886746],[25.07695,10.286867],[25.82848,10.419546],[26.625744,9.480663],[27.895072,9.59541],[28.04511,9.331407],[28.843841,9.324545],[30.012979,10.270485],[30.765284,9.724291],[31.164382,9.764005],[32.430713,11.082193],[32.082207,11.999811],[33.209218,12.210367],[33.140023,10.739036],[33.916978,10.174522],[34.11185,8.626555],[33.751872,8.368793],[33.23516,8.455635],[32.9898,7.917244],[33.71606,7.657156],[34.703545,6.684916],[35.287489,5.374092],[35.80415,5.318023],[35.920835,4.619332]]]}},{"type":"Feature","properties":{"ISO3166-1-Alpha-3":"SOM"},"geometry":{"type":"Polygon","coordinates":[[[44.941525,4.911484],[47.979169,7.996567],[48.939111,9.451233],[48.939112,11.24913],[50.268321,11.589301],[50.641124,11.954413],[51.292698,11.833108],[51.010102,10.434027],[51.176117,10.562812],[51.397509,10.395793],[50.927389,10.327844],[50.830333,9.419623],[47.948497,4.457099],[46.047618,2.455064],[43.658946,0.804918],[41.95281,-0.894464],[41.535085,-1.696303],[40.979751,-0.870798],[40.979751,2.841895],[42.068367,4.174553],[43.932284,4.945203],[44.941525,4.911484]]]}},{"type":"Feature","properties":{"ISO3166-1-Alpha-3":"KEN"},"geometry":{"type":"MultiPolygon","coordinates":[[[[35.705846,4.619447],[35.739402,4.681127],[35.781222,4.619922],[35.920835,4.619332],[35.940472,4.508046],[36.041345,4.443683],[36.844087,4.432237],[37.015652,4.370587],[38.101891,3.612649],[38.445953,3.601668],[38.508998,3.650812],[38.895227,3.513585],[39.315874,3.494904],[39.504389,3.403333],[39.764218,3.685745],[39.848451,3.867284],[40.763744,4.284933],[41.162996,3.94268],[41.885019,3.977226],[41.342727,3.201149],[40.965385,2.814145],[40.979751,-0.870798],[41.522871,-1.572771],[41.535085,-1.696303],[41.282725,-1.96852],[41.219005,-1.922459],[41.185802,-1.990167],[41.01295,-2.042413],[41.006114,-1.901788],[40.945323,-2.073175],[40.861013,-1.963474],[40.911957,-2.19199],[40.979259,-2.24212],[40.944835,-2.30934],[40.863048,-2.231378],[40.773936,-2.279229],[40.816905,-2.397882],[40.650564,-2.539321],[40.490896,-2.528497],[40.232107,-2.669041],[40.162608,-2.934259],[40.232921,-2.981866],[40.122895,-3.267348],[39.989106,-3.373224],[39.966075,-3.321222],[39.865977,-3.616469],[39.780935,-3.566583],[39.867035,-3.69492],[39.786388,-3.917169],[39.683767,-3.917169],[39.745291,-3.968683],[39.699474,-4.048435],[39.660492,-3.970798],[39.560557,-4.039809],[39.665863,-4.112074],[39.396169,-4.629002],[39.300466,-4.594985],[39.190603,-4.677504],[37.770955,-3.655435],[37.708323,-3.527174],[37.599079,-3.513428],[37.58523,-3.412969],[37.700055,-3.31437],[37.644865,-3.045963],[34.000022,-1.002573],[33.904214,-1.002573],[33.953514,-0.154356],[33.893569,0.109814],[34.085185,0.347008],[34.149574,0.603634],[34.388009,0.815817],[34.487021,1.082467],[34.797907,1.231916],[34.778993,1.388547],[34.972676,1.654241],[35.006473,1.916861],[34.865603,2.347506],[34.923584,2.477318],[34.875628,2.591212],[34.81868,2.597982],[34.730107,2.85285],[34.58469,2.928711],[34.53384,3.118467],[34.434001,3.182029],[34.381291,3.476869],[34.439686,3.667736],[34.152468,3.775636],[34.204971,3.874545],[34.084772,3.877336],[34.069269,4.08802],[33.977078,4.219692],[34.381188,4.620158],[35.411598,5.030376],[35.396117,4.926429],[35.570836,4.904313],[35.52218,4.780461],[35.610641,4.620014],[35.705846,4.619447]]],[[[41.053966,-2.049574],[41.155284,-2.112074],[40.995616,-2.143813],[40.993663,-2.197198],[40.969249,-2.119806],[41.053966,-2.049574]]]]}},{"type":"Feature","properties":{"ISO3166-1-Alpha-3":"MWI"},"geometry":{"type":"MultiPolygon","coordinates":[[[[34.964615,-11.573556],[34.616729,-11.57831],[34.35876,-12.154399],[34.545312,-13.325749],[35.904299,-14.886894],[35.785133,-16.042275],[35.131943,-16.537646],[35.234779,-17.135335],[34.233186,-15.88983],[34.565156,-15.297308],[34.501801,-14.575698],[34.344084,-14.387389],[33.64485,-14.601743],[32.663308,-13.596327],[33.024836,-12.612666],[33.527131,-12.355627],[33.25273,-12.139516],[33.232576,-10.883262],[33.674203,-10.577028],[32.936263,-9.391674],[34.317936,-9.719199],[34.964615,-11.573556]]],[[[34.6559,-12.076264],[34.762353,-12.040298],[34.688973,-12.12453],[34.6559,-12.076264]]],[[[34.544072,-12.011359],[34.627478,-11.987278],[34.611148,-12.072544],[34.544072,-12.011359]]]]}},{"type":"Feature","properties":{"ISO3166-1-Alpha-3":"TZA"},"geometry":{"type":"MultiPolygon","coordinates":[[[[32.920863,-9.4079],[32.713228,-9.28584],[32.518046,-9.258245],[32.423426,-9.143834],[31.938081,-9.061771],[31.936634,-8.93258],[31.672671,-8.913047],[31.55335,-8.809074],[31.539036,-8.70355],[31.353311,-8.587175],[31.077824,-8.61632],[30.959536,-8.550485],[30.441635,-7.596331],[30.29446,-7.149433],[30.090855,-6.890018],[29.707003,-6.619336],[29.525515,-6.273104],[29.476113,-6.002113],[29.612435,-5.704354],[29.32377,-4.920164],[29.404179,-4.449805],[29.732841,-4.463344],[29.784104,-4.37384],[30.003005,-4.271935],[30.31172,-3.789897],[30.381587,-3.788346],[30.432282,-3.551875],[30.639142,-3.41948],[30.640538,-3.33287],[30.799753,-3.274579],[30.832205,-3.172777],[30.778255,-3.04741],[30.825488,-2.978577],[30.637592,-2.974443],[30.53889,-2.898995],[30.488454,-2.94354],[30.415797,-2.851659],[30.52256,-2.649398],[30.412128,-2.670172],[30.508091,-2.463466],[30.674799,-2.351742],[30.834376,-2.345334],[30.887809,-2.082507],[30.796962,-1.929338],[30.831017,-1.594165],[30.737534,-1.406683],[30.555323,-1.31842],[30.481012,-1.059107],[30.638626,-1.07337],[30.777118,-0.98583],[34.000022,-1.002573],[37.644865,-3.045963],[37.700055,-3.31437],[37.58523,-3.412969],[37.599079,-3.513428],[37.708323,-3.527174],[37.770955,-3.655435],[39.215099,-4.688653],[39.170177,-4.779962],[39.213552,-4.856378],[39.162283,-4.938653],[39.163341,-4.848321],[39.108653,-4.916599],[39.132172,-5.010186],[39.084483,-5.047784],[39.142751,-5.09588],[38.888927,-5.63714],[38.779063,-6.054864],[38.91505,-6.4367],[39.040863,-6.470147],[39.28004,-6.727146],[39.280284,-6.830499],[39.464529,-6.85768],[39.553722,-7.000746],[39.547537,-7.118259],[39.32781,-7.309259],[39.252615,-7.823337],[39.32781,-7.726332],[39.443533,-7.832615],[39.454356,-8.010431],[39.348318,-8.275079],[39.28004,-8.309259],[39.35434,-8.713962],[39.553722,-8.922296],[39.449392,-8.858657],[39.388682,-8.898858],[39.491873,-8.938409],[39.498546,-9.1242],[39.569184,-9.093032],[39.643809,-9.18906],[39.642833,-9.368585],[39.567393,-9.447524],[39.650727,-9.444757],[39.740896,-9.666762],[39.696951,-9.744887],[39.800629,-9.823826],[39.690766,-10.04339],[39.826915,-9.99033],[39.914317,-10.033868],[39.985118,-10.220961],[40.019786,-10.132908],[40.13266,-10.169692],[40.120616,-10.271173],[40.232107,-10.296645],[40.232107,-10.200453],[40.348806,-10.358087],[40.42213,-10.355645],[40.427013,-10.300063],[40.43686,-10.474786],[40.008131,-10.811122],[39.760498,-10.943104],[39.498498,-10.990646],[39.263267,-11.166759],[38.896261,-11.167689],[38.492255,-11.413462],[38.25661,-11.27714],[37.938077,-11.283961],[37.868417,-11.327783],[37.816947,-11.533558],[37.469681,-11.71949],[37.141639,-11.674738],[37.032395,-11.564874],[36.820109,-11.573556],[36.625702,-11.721351],[36.199681,-11.701507],[36.168055,-11.578724],[35.826371,-11.413462],[35.576257,-11.605182],[34.964615,-11.573556],[34.886583,-11.375429],[34.765557,-11.345146],[34.613525,-11.102164],[34.67502,-10.752418],[34.581072,-10.539717],[34.536424,-10.043003],[34.317936,-9.719199],[34.012735,-9.477457],[33.911862,-9.717959],[33.734612,-9.584117],[33.438971,-9.62153],[33.300272,-9.492236],[33.172941,-9.511046],[32.97471,-9.381235],[32.920863,-9.4079]]],[[[39.895681,-7.637628],[39.893403,-7.754083],[39.823253,-7.913995],[39.629731,-7.985772],[39.587169,-7.945489],[39.814301,-7.788507],[39.773448,-7.775486],[39.895681,-7.637628]]],[[[39.498546,-6.123793],[39.569509,-6.420831],[39.508474,-6.462823],[39.416515,-6.301365],[39.403575,-6.373712],[39.300466,-6.239353],[39.282481,-6.312188],[39.198578,-6.220798],[39.19044,-5.914239],[39.28004,-5.841974],[39.313487,-5.718438],[39.430186,-6.054864],[39.416515,-6.192071],[39.500987,-6.196222],[39.498546,-6.123793]]],[[[39.643077,-5.413995],[39.650564,-5.338474],[39.698253,-5.34238],[39.663585,-5.287205],[39.780935,-5.239353],[39.736339,-5.240004],[39.649913,-5.190851],[39.746104,-5.205173],[39.690766,-5.137465],[39.684093,-4.890313],[39.821544,-4.993829],[39.855968,-4.897231],[39.855968,-5.253025],[39.796072,-5.406834],[39.729015,-5.454197],[39.643077,-5.413995]]],[[[39.7028,-8.049004],[39.801492,-8.006587],[39.702796,-8.091393],[39.7028,-8.049004]]],[[[39.214412,-5.77738],[39.237862,-5.856047],[39.21447,-5.858106],[39.214412,-5.77738]]],[[[39.575458,-5.394548],[39.652181,-5.450943],[39.659811,-5.47597],[39.615331,-5.463799],[39.575458,-5.394548]]]]}},{"type":"Feature","properties":{"ISO3166-1-Alpha-3":"SYR"},"geometry":{"type":"Polygon","coordinates":[[[35.75759,32.744347],[35.948431,33.70921],[36.604101,34.199102],[36.440184,34.62936],[35.9699,34.649849],[35.723399,35.582099],[36.664253,36.229004],[36.639861,36.828089],[37.446117,36.634199],[38.224261,36.908394],[39.239599,36.661278],[42.346696,37.239769],[41.276994,36.354785],[41.363501,35.655241],[40.965282,34.401855],[36.819385,32.316788],[35.75759,32.744347]]]}},{"type":"Feature","properties":{"ISO3166-1-Alpha-3":"-99"},"geometry":{"type":"Polygon","coordinates":[[[48.939112,11.24913],[48.939111,9.451233],[47.979169,7.996567],[46.97923,7.996567],[44.023855,8.985525],[43.419034,9.413018],[42.64859,10.611033],[43.282725,11.498928],[44.586149,10.383585],[45.769298,10.878119],[46.447765,10.693101],[47.405935,11.184638],[48.939112,11.24913]]]}},{"type":"Feature","properties":{"ISO3166-1-Alpha-3":"-99"},"geometry":{"type":"MultiPolygon","coordinates":[[[[-54.111527,2.11427],[-54.615292,2.326267],[-54.00303,3.455397],[-54.486721,4.902958],[-53.934023,5.744765],[-52.896519,5.405668],[-52.024526,4.693549],[-52.046295,4.333564],[-51.801503,4.612698],[-51.649037,4.15233],[-52.690603,2.372983],[-52.980922,2.173253],[-53.764801,2.368694],[-54.111527,2.11427]]],[[[2.5218,51.087541],[2.786734,50.723365],[4.197604,50.258484],[4.131665,49.974987],[4.815551,50.161332],[4.849037,49.794171],[5.456132,49.498944],[8.200305,48.958563],[7.585666,48.129725],[7.586028,47.584619],[6.9733,47.489092],[5.954809,46.19992],[6.787058,46.414171],[7.022083,45.92526],[6.795946,45.718141],[7.160679,45.410924],[6.602728,45.10345],[7.007096,44.822071],[6.866123,44.372125],[7.689949,44.067337],[6.180072,43.035922],[5.034022,43.335476],[5.226329,43.480292],[5.029145,43.55858],[4.855778,43.341779],[4.757823,43.422349],[4.742442,43.524482],[4.694591,43.579088],[4.742524,43.422553],[4.820279,43.346356],[3.952973,43.539944],[3.114024,43.106309],[3.18097,42.431484],[2.662194,42.339019],[1.995671,42.348682],[0.812901,42.831624],[-0.038933,42.685148],[-1.457141,43.045074],[-1.796449,43.374382],[-1.044749,44.66942],[-1.260365,44.627427],[-1.085276,45.569037],[-0.534657,44.894965],[-0.493764,44.997992],[-0.795481,45.477118],[-1.247304,45.709906],[-0.987172,45.717353],[-1.110748,46.30268],[-2.118764,46.819973],[-2.160553,47.271186],[-1.72704,47.210761],[-2.010121,47.319729],[-2.278391,47.246405],[-2.541982,47.300116],[-2.363922,47.506171],[-2.817128,47.499213],[-2.90925,47.558417],[-2.741444,47.551337],[-2.688629,47.604397],[-2.68399,47.622992],[-2.706532,47.642727],[-3.131703,47.478217],[-3.282623,47.78734],[-4.371816,47.807196],[-4.728139,48.040595],[-4.28539,48.115383],[-4.557485,48.177191],[-4.546702,48.346829],[-4.515533,48.295844],[-4.269358,48.288398],[-4.187489,48.307522],[-4.764556,48.520209],[-3.229726,48.87226],[-2.682362,48.509019],[-1.356557,48.643256],[-1.935211,49.724107],[-1.263051,49.695502],[-1.122874,49.345445],[0.411306,49.452053],[0.076589,49.53498],[1.672537,50.192532],[1.580577,50.868801],[2.5218,51.087541]],[[1.947509,42.451234],[1.999495,42.443896],[1.956604,42.481775],[1.947509,42.451234]]],[[[-60.810414,14.461982],[-61.069569,14.466702],[-61.219472,14.846503],[-60.879303,14.777289],[-60.810414,14.461982]]],[[[-61.2683,16.009263],[-61.274892,15.873765],[-61.332021,15.931952],[-61.2683,16.009263]]],[[[-61.039133,16.344468],[-61.068593,16.302232],[-61.091624,16.305406],[-61.039133,16.344468]]],[[[-61.797353,16.312201],[-61.565989,16.033515],[-61.694936,15.949164],[-61.797353,16.312201]]],[[[-61.462148,16.202338],[-61.462514,16.513088],[-61.163564,16.252997],[-61.462148,16.202338]]],[[[55.787852,-21.103448],[55.575043,-21.367934],[55.225434,-21.029718],[55.57838,-20.87477],[55.787852,-21.103448]]],[[[45.275727,-12.804864],[45.282563,-12.743422],[45.282563,-12.804864],[45.275727,-12.804864]]],[[[45.042491,-12.698419],[45.186371,-12.968845],[45.097179,-12.982354],[45.042491,-12.698419]]],[[[9.456554,42.647406],[9.482107,42.620103],[9.476817,42.619086],[9.456554,42.647406]]],[[[8.791759,41.561225],[8.709158,42.579169],[9.292166,42.67475],[9.34669,43.00373],[9.464041,42.990058],[9.442882,42.64057],[9.559581,42.146552],[9.223155,41.372504],[8.791759,41.561225]]],[[[-1.247629,46.001776],[-1.209218,45.814154],[-1.404937,46.053168],[-1.247629,46.001776]]],[[[-1.308095,46.206936],[-1.504262,46.207668],[-1.555816,46.251776],[-1.308095,46.206936]]],[[[-2.382924,46.722642],[-2.298207,46.72016],[-2.268951,46.697414],[-2.382924,46.722642]]],[[[-2.200022,47.024359],[-2.142568,46.909857],[-2.295644,47.033189],[-2.200022,47.024359]]],[[[-3.242991,47.395331],[-3.067006,47.301947],[-3.262074,47.383246],[-3.242991,47.395331]]],[[[-5.091786,48.48078],[-5.087961,48.447211],[-5.132802,48.458319],[-5.091786,48.48078]]],[[[-61.638336,15.853217],[-61.616078,15.860053],[-61.627553,15.846991],[-61.638336,15.853217]]],[[[-61.579945,15.880805],[-61.582183,15.861802],[-61.595693,15.86286],[-61.579945,15.880805]]],[[[6.175141,43.008979],[6.252209,43.002632],[6.166189,42.999661],[6.175141,43.008979]]]]}},{"type":"Feature","properties":{"ISO3166-1-Alpha-3":"SUR"},"geometry":{"type":"Polygon","coordinates":[[[-54.080805,3.309314],[-54.531576,2.340168],[-54.959095,2.608989],[-55.971023,2.530338],[-56.146775,2.256194],[-55.953815,1.853273],[-56.677802,2.018405],[-57.308409,3.39491],[-57.649939,3.385944],[-58.032138,3.987716],[-57.918501,4.829758],[-57.280452,5.026103],[-56.956537,6.011574],[-55.897694,5.676703],[-55.844382,5.975962],[-54.036731,5.842351],[-54.486721,4.902958],[-54.080805,3.309314]]]}},{"type":"Feature","properties":{"ISO3166-1-Alpha-3":"GUY"},"geometry":{"type":"MultiPolygon","coordinates":[[[[-56.481819,1.941614],[-57.319416,1.977141],[-58.834001,1.18582],[-59.758751,1.862136],[-60.00008,2.694049],[-59.862879,3.58172],[-59.527654,3.939528],[-59.68674,4.381181],[-60.159992,4.527787],[-60.131725,5.243402],[-60.739854,5.202138],[-61.396713,5.945581],[-61.121562,6.186652],[-61.12983,6.715844],[-60.303575,7.054144],[-60.730578,7.525433],[-59.829289,8.245105],[-60.020985,8.55801],[-58.489735,7.376125],[-58.679596,6.376207],[-58.312164,6.892157],[-57.167307,6.08511],[-57.189812,5.16922],[-57.85034,4.922801],[-58.067691,4.151143],[-56.481819,1.941614]]],[[[-58.447011,6.943061],[-58.333608,6.965277],[-58.46052,6.883368],[-58.447011,6.943061]]]]}},{"type":"Feature","properties":{"ISO3166-1-Alpha-3":"KOR"},"geometry":{"type":"MultiPolygon","coordinates":[[[[128.364919,38.624335],[129.430186,37.073065],[129.4546,35.513251],[129.000402,35.04595],[128.602061,35.213935],[128.435313,34.843166],[127.719249,34.990058],[127.640717,34.617987],[127.521251,34.889838],[127.365326,34.824042],[127.343598,34.445014],[127.124522,34.540676],[127.248057,34.766547],[126.89796,34.417711],[126.777843,34.586493],[126.521251,34.294176],[126.290294,34.75023],[126.369884,34.608873],[126.46461,34.584662],[126.364017,34.74916],[126.665294,34.808092],[126.373546,34.790717],[126.436371,34.981391],[126.254242,35.12344],[126.425059,35.019761],[126.30893,35.233303],[126.692475,35.534369],[126.467559,35.639638],[126.837494,35.893297],[126.521417,35.97052],[126.744477,35.989569],[126.870697,36.061957],[126.493419,36.130805],[126.479584,36.747138],[126.128184,36.761298],[126.500743,37.054999],[126.850841,36.753974],[127.042003,36.993598],[126.685639,37.130113],[126.870697,37.26789],[126.534923,37.768215],[126.755219,37.637885],[126.665787,37.937634],[127.090464,38.285855],[128.039864,38.304278],[128.364919,38.624335]]],[[[126.373546,36.592231],[126.328143,36.471089],[126.341181,36.604134],[126.373546,36.592231]]],[[[126.24643,37.811754],[126.335948,37.7744],[126.224457,37.760443],[126.24643,37.811754]]],[[[126.946056,33.478013],[126.840587,33.310207],[126.606919,33.24061],[126.161143,33.300767],[126.946056,33.478013]]],[[[127.117361,34.437567],[127.234223,34.480292],[127.241873,34.445461],[127.117361,34.437567]]],[[[126.247732,34.574774],[126.209972,34.358791],[126.103282,34.402777],[126.247732,34.574774]]],[[[127.73585,34.62523],[127.817231,34.630764],[127.797862,34.579739],[127.73585,34.62523]]],[[[125.976736,34.728258],[125.976899,34.656399],[125.916026,34.687649],[125.976736,34.728258]]],[[[125.912852,34.776923],[125.930024,34.722602],[125.892589,34.73664],[125.912852,34.776923]]],[[[126.028005,34.909898],[126.08074,34.870998],[125.986501,34.862738],[126.028005,34.909898]]],[[[127.919932,34.835435],[127.8921,34.712714],[127.829356,34.868964],[127.90211,34.940009],[127.919932,34.835435]]],[[[128.488455,34.868964],[128.693858,34.736151],[128.583995,34.705146],[128.488455,34.868964]]],[[[126.127778,35.120551],[126.069102,35.102362],[126.165212,35.1435],[126.127778,35.120551]]],[[[126.51483,37.534347],[126.443413,37.420625],[126.355511,37.466223],[126.51483,37.534347]]],[[[130.814301,37.52261],[130.896739,37.463121],[130.811046,37.487006],[130.814301,37.52261]]],[[[126.319998,37.747219],[126.370128,37.658352],[126.281993,37.699286],[126.319998,37.747219]]],[[[126.516368,37.767239],[126.370128,37.631049],[126.407074,37.820705],[126.516368,37.767239]]],[[[124.624034,37.980455],[124.684906,37.919989],[124.613617,37.945054],[124.624034,37.980455]]],[[[127.28004,34.05744],[127.323497,34.005764],[127.295665,34.014106],[127.28004,34.05744]]],[[[127.509939,34.470038],[127.49464,34.414252],[127.45338,34.470608],[127.509939,34.470038]]],[[[127.748057,34.551093],[127.771169,34.488186],[127.70753,34.533881],[127.748057,34.551093]]],[[[126.060069,34.620795],[126.099376,34.558661],[126.035167,34.533922],[126.081309,34.580756],[126.060069,34.620795]]],[[[126.060395,34.584296],[126.020518,34.571438],[126.028575,34.634223],[126.060395,34.584296]]],[[[125.412852,34.691962],[125.459239,34.686835],[125.398774,34.631985],[125.412852,34.691962]]],[[[126.163585,34.75495],[126.111339,34.717719],[126.069591,34.76968],[126.163585,34.75495]]],[[[126.149425,34.808092],[126.146251,34.761868],[126.09254,34.787584],[126.149425,34.808092]]],[[[126.115896,34.803127],[126.067149,34.850531],[126.152029,34.871161],[126.115896,34.803127]]],[[[128.017833,34.916571],[127.987315,34.83808],[127.963634,34.859768],[128.017833,34.916571]]],[[[126.253184,34.933498],[126.225352,34.913398],[126.222423,34.931952],[126.253184,34.933498]]],[[[126.143809,35.057685],[126.172374,35.023627],[126.127778,35.048163],[126.143809,35.057685]]],[[[128.836436,35.059801],[128.826671,34.992377],[128.804373,35.056342],[128.836436,35.059801]]],[[[126.305675,35.603217],[126.258962,35.598375],[126.307302,35.616645],[126.305675,35.603217]]],[[[126.121593,37.210924],[126.104747,37.267524],[126.15919,37.23192],[126.121593,37.210924]]],[[[126.443533,37.273098],[126.469493,37.233466],[126.43572,37.23843],[126.443533,37.273098]]],[[[126.542979,37.28498],[126.613536,37.232815],[126.539317,37.198065],[126.542979,37.28498]]],[[[125.67921,37.669664],[125.706228,37.672309],[125.687836,37.65176],[125.67921,37.669664]]],[[[124.676524,37.824897],[124.714203,37.809556],[124.684581,37.799994],[124.676524,37.824897]]],[[[125.136404,34.059272],[125.092133,34.071763],[125.102224,34.095933],[125.136404,34.059272]]],[[[126.532888,34.179104],[126.613536,34.152533],[126.507091,34.138861],[126.532888,34.179104]]],[[[126.670746,34.189887],[126.638682,34.128119],[126.645274,34.19717],[126.670746,34.189887]]],[[[126.867931,34.207465],[126.913585,34.15766],[126.853201,34.159003],[126.867931,34.207465]]],[[[126.559744,34.234524],[126.583832,34.175605],[126.549815,34.19123],[126.559744,34.234524]]],[[[126.033214,34.314887],[126.069347,34.278998],[126.021658,34.29564],[126.033214,34.314887]]],[[[126.893321,34.341254],[126.840587,34.303371],[126.757579,34.336127],[126.893321,34.341254]]],[[[127.025401,34.381334],[127.038829,34.312893],[126.991466,34.356269],[127.025401,34.381334]]],[[[126.709972,34.39289],[126.688975,34.301093],[126.645763,34.385565],[126.709972,34.39289]]],[[[126.775727,34.354722],[126.823009,34.439846],[126.861095,34.392768],[126.775727,34.354722]]],[[[128.239513,34.652411],[128.236257,34.61046],[128.225271,34.632839],[128.239513,34.652411]]],[[[128.332049,34.825702],[128.437997,34.819572],[128.423083,34.763253],[128.332049,34.825702]]],[[[128.227306,34.838568],[128.238455,34.796942],[128.205821,34.815619],[128.227306,34.838568]]],[[[126.297374,34.917548],[126.342052,34.822496],[126.230724,34.85456],[126.297374,34.917548]]],[[[126.236013,35.098375],[126.174815,35.068264],[126.158702,35.094224],[126.236013,35.098375]]],[[[131.860148,37.242399],[131.862522,37.243104],[131.861704,37.241606],[131.860148,37.242399]]]]}},{"type":"Feature","properties":{"ISO3166-1-Alpha-3":"PRK"},"geometry":{"type":"MultiPolygon","coordinates":[[[[128.364919,38.624335],[128.039864,38.304278],[127.090464,38.285855],[126.593272,37.7744],[125.596934,38.032213],[125.739757,37.925238],[125.347504,37.675605],[125.510102,37.894273],[124.979503,37.925238],[125.264903,38.077948],[124.667247,38.125718],[124.993012,38.226955],[125.123383,38.666327],[125.657807,38.631008],[125.137218,38.803534],[125.451752,39.571275],[124.746104,39.782945],[124.637452,39.590483],[124.369965,40.098293],[126.007843,40.899313],[126.679482,41.735981],[128.14611,41.376339],[128.303,41.583406],[128.034593,41.993743],[128.940067,42.035368],[130.121494,42.981848],[130.699962,42.295111],[130.40745,42.324577],[129.690823,41.649716],[129.716558,40.834586],[127.503754,39.715522],[127.393403,39.201728],[128.364919,38.624335]]],[[[124.880471,39.612455],[124.933609,39.550543],[124.818563,39.495444],[124.880471,39.612455]]],[[[124.844249,38.555162],[124.903982,38.494371],[124.790294,38.517401],[124.844249,38.555162]]],[[[125.27947,37.749416],[125.295746,37.727607],[125.220551,37.703762],[125.27947,37.749416]]],[[[125.190278,37.809027],[125.141368,37.799506],[125.191417,37.815497],[125.190278,37.809027]]],[[[125.028494,37.818834],[125.041759,37.817288],[124.997732,37.808417],[125.028494,37.818834]]],[[[124.680149,39.507726],[124.707779,39.530399],[124.697765,39.50259],[124.680149,39.507726]]],[[[124.673839,39.570624],[124.644786,39.547675],[124.595876,39.537909],[124.673839,39.570624]]],[[[124.61907,39.43301],[124.592865,39.446804],[124.612559,39.457139],[124.61907,39.43301]]],[[[124.223189,39.791557],[124.230017,39.821172],[124.242751,39.804633],[124.223189,39.791557]]]]}},{"type":"Feature","properties":{"ISO3166-1-Alpha-3":"MAR"},"geometry":{"type":"Polygon","coordinates":[[[-8.667606,28.711685],[-8.793903,27.12018],[-11.391574,26.882908],[-11.717239,26.103576],[-12.060009,25.990301],[-12.430141,24.830165],[-13.890129,23.690493],[-14.220187,22.309647],[-14.749974,21.500084],[-17.013743,21.419971],[-16.92101,21.931301],[-16.466624,22.377387],[-16.213124,23.094428],[-15.772613,23.787828],[-15.775136,23.911933],[-15.939605,23.774807],[-14.895619,24.705715],[-14.466135,26.194241],[-13.561106,26.749091],[-12.952382,27.928616],[-11.485585,28.325629],[-10.248402,29.299384],[-9.655141,30.126899],[-9.847524,31.402411],[-9.259918,32.57689],[-8.529164,33.268704],[-6.822092,34.039618],[-5.927235,35.780748],[-5.398859,35.924504],[-5.066274,35.417467],[-4.376047,35.151842],[-2.968577,35.446438],[-2.856068,35.131293],[-1.769526,34.741343],[-1.674234,33.237972],[-1.031999,32.4944],[-1.210335,32.08967],[-2.881189,32.076286],[-2.827836,31.794586],[-3.659507,31.647821],[-3.842836,31.170192],[-3.554674,30.955927],[-3.645529,30.711317],[-4.372368,30.508641],[-5.539503,29.523216],[-7.653611,29.376193],[-8.667606,28.711685]]]}},{"type":"Feature","properties":{"ISO3166-1-Alpha-3":"ESH"},"geometry":{"type":"Polygon","coordinates":[[[-8.793903,27.12018],[-8.682385,27.661439],[-8.687656,26.000016],[-12.015308,25.9949],[-12.019339,23.460998],[-13.152293,22.820004],[-13.015247,21.333428],[-16.958831,21.332859],[-17.056874,20.766913],[-17.013743,21.419971],[-14.749974,21.500084],[-14.220187,22.309647],[-13.890129,23.690493],[-12.430141,24.830165],[-12.060009,25.990301],[-11.717239,26.103576],[-11.391574,26.882908],[-8.793903,27.12018]]]}},{"type":"Feature","properties":{"ISO3166-1-Alpha-3":"CRI"},"geometry":{"type":"MultiPolygon","coordinates":[[[[-83.6965,10.936594],[-83.644358,10.92593],[-83.580556,10.807318],[-83.62385,10.857611],[-83.637522,10.721096],[-83.575429,10.768256],[-83.466176,10.494534],[-83.203725,10.12934],[-83.026031,10.005032],[-82.78775,9.672756],[-82.616444,9.624335],[-82.562837,9.538695],[-82.650713,9.487846],[-82.847471,9.600655],[-82.846385,9.492548],[-82.941703,9.456349],[-82.939377,9.059577],[-82.719365,8.921524],[-82.92297,8.756159],[-82.848297,8.465169],[-83.052109,8.327632],[-82.943666,8.248567],[-82.886409,8.102194],[-82.897629,8.034748],[-82.968495,8.221218],[-83.150868,8.369289],[-83.092681,8.446682],[-83.171376,8.637478],[-83.240264,8.623806],[-83.383656,8.739814],[-83.48172,8.712592],[-83.404775,8.589016],[-83.287384,8.541815],[-83.287384,8.376736],[-83.575592,8.444973],[-83.736806,8.592719],[-83.575429,8.788275],[-83.642568,8.781887],[-83.582875,8.846625],[-83.616363,8.890692],[-83.575429,8.877631],[-83.634755,9.044094],[-84.208363,9.464993],[-84.616567,9.57807],[-84.678375,9.651028],[-84.634552,9.783393],[-84.733632,9.966946],[-84.850942,9.966946],[-84.788238,9.987454],[-85.089874,10.17239],[-85.193471,10.170111],[-85.289174,10.282253],[-85.186147,10.035834],[-84.959584,9.946479],[-84.932851,9.836615],[-84.864613,9.829169],[-85.007598,9.744086],[-85.117828,9.555447],[-85.299306,9.80801],[-85.663808,9.900092],[-85.844024,10.231024],[-85.874989,10.355048],[-85.775502,10.447292],[-85.809234,10.515041],[-85.631744,10.621161],[-85.700063,10.611233],[-85.680287,10.796332],[-85.946441,10.898586],[-85.710561,10.92829],[-85.746002,11.023017],[-85.667511,11.039862],[-85.701736,11.08088],[-85.597794,11.209937],[-84.9314,10.941891],[-84.676455,11.070411],[-84.4382,10.952201],[-84.355466,10.994627],[-84.191601,10.78172],[-84.009234,10.789446],[-83.917276,10.713482],[-83.663028,10.807016],[-83.6965,10.936594]]],[[[-85.110463,10.110297],[-85.09732,10.083645],[-85.199127,10.117743],[-85.110463,10.110297]]],[[[-87.065541,5.534613],[-87.117665,5.515082],[-87.064605,5.557847],[-87.065541,5.534613]]],[[[-83.878076,8.698821],[-83.883464,8.712993],[-83.869114,8.713587],[-83.878076,8.698821]]]]}},{"type":"Feature","properties":{"ISO3166-1-Alpha-3":"NIC"},"geometry":{"type":"MultiPolygon","coordinates":[[[[-85.701736,11.08088],[-86.496368,11.759426],[-86.772572,12.197414],[-87.17101,12.451443],[-87.097808,12.433539],[-87.480255,12.799994],[-87.670929,12.8935],[-87.667022,12.982245],[-87.577626,13.084662],[-87.392486,12.913398],[-87.289581,12.919582],[-87.379018,12.937567],[-87.314036,12.981553],[-87.035045,12.979777],[-86.922932,13.086386],[-86.910789,13.239581],[-86.704031,13.298828],[-86.766198,13.74526],[-86.340126,13.756655],[-86.09673,14.044079],[-86.020197,14.055164],[-85.929401,13.912098],[-85.742462,13.823705],[-85.727347,13.965014],[-85.527953,14.050901],[-85.321351,14.281326],[-85.169629,14.321763],[-85.205828,14.407158],[-85.14547,14.564254],[-85.029637,14.588956],[-85.053925,14.66306],[-84.904219,14.816978],[-84.792132,14.82106],[-84.699321,14.674687],[-84.482694,14.619471],[-84.362934,14.715615],[-84.267281,14.677736],[-84.261803,14.758532],[-84.168191,14.714969],[-84.095431,14.736104],[-84.11176,14.793413],[-83.924718,14.763441],[-83.615615,14.872685],[-83.509084,15.01154],[-83.130444,14.997012],[-83.294016,14.804267],[-83.322174,14.913886],[-83.369862,14.883002],[-83.424631,14.803941],[-83.337514,14.731431],[-83.356313,14.770453],[-83.299224,14.771186],[-83.186594,14.347642],[-83.431264,13.956732],[-83.559153,13.415839],[-83.50768,12.902777],[-83.541331,12.580634],[-83.481801,12.416653],[-83.637522,12.385728],[-83.637522,12.564521],[-83.555409,12.635891],[-83.564036,12.81269],[-83.645904,12.786851],[-83.589101,12.632148],[-83.774648,12.533515],[-83.676381,12.279853],[-83.617014,12.348049],[-83.67101,11.987942],[-83.697865,12.135199],[-83.728627,12.171576],[-83.77774,12.177151],[-83.713246,12.125678],[-83.739369,12.051947],[-83.803944,12.060289],[-83.759836,11.946845],[-83.83609,11.871243],[-83.76773,11.804836],[-83.699941,11.849921],[-83.651723,11.619371],[-83.761057,11.557115],[-83.867909,11.273668],[-83.663028,10.807016],[-83.926578,10.714903],[-84.009234,10.789446],[-84.191601,10.78172],[-84.355466,10.994627],[-84.4382,10.952201],[-84.676455,11.070411],[-84.9314,10.941891],[-85.597794,11.209937],[-85.701736,11.08088]]],[[[-83.681996,10.938666],[-83.675564,10.925976],[-83.686867,10.93797],[-83.681996,10.938666]]],[[[-83.719838,11.870307],[-83.736073,11.941799],[-83.706858,11.987047],[-83.719838,11.870307]]],[[[-83.021148,12.181789],[-83.055979,12.166205],[-83.032541,12.190823],[-83.021148,12.181789]]],[[[-82.767323,14.41413],[-82.732533,14.369574],[-82.750844,14.361477],[-82.808258,14.36636],[-82.767323,14.41413]]]]}},{"type":"Feature","properties":{"ISO3166-1-Alpha-3":"COG"},"geometry":{"type":"Polygon","coordinates":[[[18.626387,3.476869],[18.072416,2.160024],[17.749541,-0.523429],[16.194598,-2.182036],[16.225603,-3.313233],[15.912134,-3.917434],[14.672727,-4.899907],[14.400702,-4.886264],[14.387059,-4.277102],[13.714956,-4.453009],[13.39265,-4.885334],[12.761681,-4.391204],[12.009608,-5.019631],[11.114016,-3.936856],[11.482585,-3.509294],[11.905505,-3.643549],[11.566198,-2.329727],[12.45927,-2.329934],[12.632386,-1.825159],[12.969006,-2.372412],[13.458899,-2.441039],[13.743171,-2.09708],[14.090023,-2.498606],[14.448761,-1.686253],[14.489999,-0.600944],[13.831228,-0.205413],[14.468088,0.913227],[14.14449,1.391622],[13.794744,1.434436],[13.543442,1.283489],[13.150184,1.256617],[13.294568,2.161058],[14.562139,2.208807],[16.069851,1.654551],[16.598501,3.501674],[17.458913,3.708276],[18.626387,3.476869]]]}},{"type":"Feature","properties":{"ISO3166-1-Alpha-3":"COD"},"geometry":{"type":"MultiPolygon","coordinates":[[[[18.626387,3.476869],[18.541948,4.327851],[19.408975,5.130386],[19.82466,5.096977],[20.580273,4.415003],[22.303269,4.128716],[22.898374,4.823583],[23.414519,4.590832],[24.396371,5.122298],[25.307633,5.032278],[25.543743,5.37528],[26.502547,5.047471],[27.301878,5.131988],[28.381502,4.275296],[29.618533,4.641578],[30.896388,3.519967],[30.710559,2.445123],[31.271455,2.102999],[29.947298,0.824602],[29.577915,-1.38839],[28.857236,-2.518346],[29.234629,-3.046583],[29.537711,-6.312378],[30.29446,-7.149433],[30.752107,-8.194124],[28.889172,-8.483099],[28.35246,-9.271991],[28.698486,-9.791959],[28.360315,-11.533558],[29.035106,-12.378882],[29.499677,-12.453089],[29.799297,-12.154089],[29.782244,-13.455663],[29.574401,-13.225393],[28.993971,-13.395925],[28.42274,-12.521302],[27.638189,-12.293615],[27.180129,-11.569629],[26.717418,-12.013012],[25.981132,-11.903045],[25.344943,-11.642182],[25.31032,-11.194768],[24.293948,-11.3992],[24.370533,-11.1002],[24.00146,-10.873444],[22.23764,-11.249545],[22.313397,-10.368565],[21.791982,-9.406143],[21.784954,-7.283379],[20.520535,-7.286376],[20.611486,-6.915959],[19.521836,-7.001949],[19.355542,-8.001991],[17.600197,-8.098523],[16.945663,-7.204624],[16.552922,-5.902378],[12.896169,-5.814548],[12.449498,-6.051928],[12.249278,-5.82879],[12.508983,-5.726264],[12.444387,-5.055091],[13.087966,-4.579513],[13.39265,-4.885334],[13.714956,-4.453009],[14.387059,-4.277102],[14.400702,-4.886264],[14.672727,-4.899907],[15.912134,-3.917434],[16.225603,-3.313233],[16.194598,-2.182036],[17.749541,-0.523429],[18.072416,2.160024],[18.626387,3.476869]]],[[[12.828161,-5.871794],[12.99459,-5.868244],[12.745128,-5.940199],[12.828161,-5.871794]]]]}},{"type":"Feature","properties":{"ISO3166-1-Alpha-3":"BTN"},"geometry":{"type":"Polygon","coordinates":[[[90.475232,28.072344],[91.637951,27.939743],[91.59506,27.546382],[92.023598,27.44678],[92.072757,26.887766],[89.81367,26.696149],[88.851713,26.945437],[88.754355,27.212604],[89.561489,28.13464],[90.225591,28.358399],[90.587726,28.233298],[90.475232,28.072344]]]}},{"type":"Feature","properties":{"ISO3166-1-Alpha-3":"UKR"},"geometry":{"type":"MultiPolygon","coordinates":[[[[30.918815,52.059175],[33.804065,52.354609],[34.41271,51.777693],[34.089113,51.666615],[34.185954,51.248914],[35.078716,51.207625],[35.611397,50.351708],[36.594386,50.20443],[37.415214,50.431858],[38.000398,49.899798],[38.299915,50.060511],[40.115515,49.590566],[40.141663,49.245781],[39.673991,48.970139],[40.05278,48.849733],[39.63172,48.586906],[39.990665,48.253748],[39.733833,47.815997],[38.319035,47.591308],[38.142263,47.037665],[35.901622,46.652737],[35.161794,46.128241],[34.982107,46.077826],[35.342133,46.335761],[35.188324,46.512437],[34.812266,46.176663],[34.975667,45.717322],[33.846216,46.195705],[31.801117,46.285061],[32.06186,46.393785],[31.686534,46.429877],[31.508311,46.587592],[32.317556,46.464342],[32.645518,46.649604],[32.022797,46.629136],[31.976899,47.009345],[31.865245,47.026353],[31.896821,47.092719],[31.830577,47.186754],[31.75766,47.216213],[31.74171,47.259101],[31.899425,46.649604],[31.440684,46.800482],[29.860118,45.668931],[29.638194,45.826321],[29.75587,45.427883],[29.67449,45.213568],[28.199498,45.461774],[28.956868,46.001379],[28.945809,46.454788],[29.828132,46.339395],[30.131576,46.422826],[29.558691,46.94574],[29.556573,47.324038],[29.155615,47.449999],[29.123989,47.975987],[27.582998,48.486034],[24.896599,47.710061],[24.542098,47.943819],[22.877601,47.946739],[22.13284,48.404798],[22.539637,49.0722],[22.866955,49.009981],[22.665831,49.567363],[24.107706,50.540844],[23.616677,51.624783],[25.767915,51.928511],[27.714256,51.463707],[28.21004,51.651965],[28.728768,51.401256],[29.063218,51.630596],[29.319946,51.365574],[30.14863,51.48443],[30.539613,51.235168],[30.918815,52.059175]]],[[[29.730968,45.591376],[30.075694,45.792426],[30.125987,45.811469],[29.908051,45.666449],[29.807465,45.614325],[29.730968,45.591376]]],[[[32.619395,46.060004],[33.057465,46.025214],[33.04005,46.012152],[32.619395,46.060004]]],[[[31.504405,46.373358],[32.070811,46.18244],[32.16627,46.149359],[31.580333,46.262763],[31.521983,46.313218],[31.504405,46.373358]]]]}},{"type":"Feature","properties":{"ISO3166-1-Alpha-3":"BLR"},"geometry":{"type":"Polygon","coordinates":[[[24.39079,51.880013],[23.532444,51.658967],[23.637451,52.084471],[23.165645,52.289393],[23.922498,52.742596],[23.485625,53.939293],[25.763057,54.156437],[25.528653,54.320975],[25.782695,54.869675],[26.80072,55.27332],[26.450044,55.327063],[26.615615,55.687971],[27.592713,55.794244],[28.110976,56.156806],[29.395601,55.947723],[29.480867,55.681099],[30.200254,55.857987],[30.886156,55.600483],[31.005632,55.022999],[30.770607,54.786011],[31.822636,54.053446],[31.744656,53.794857],[32.719532,53.439478],[32.117295,53.081102],[31.378529,53.182026],[31.247064,53.014388],[31.764345,52.100568],[30.918815,52.059175],[30.515119,51.603673],[30.550672,51.236796],[30.14863,51.48443],[29.319946,51.365574],[29.063218,51.630596],[28.728768,51.401256],[28.21004,51.651965],[27.714256,51.463707],[25.767915,51.928511],[24.39079,51.880013]]]}},{"type":"Feature","properties":{"ISO3166-1-Alpha-3":"NAM"},"geometry":{"type":"Polygon","coordinates":[[[16.487071,-28.572931],[15.295258,-27.322442],[14.459239,-24.098321],[14.508556,-22.548028],[12.031889,-18.50535],[11.755138,-17.266697],[13.166307,-16.951057],[13.980573,-17.423587],[18.453581,-17.389893],[18.89004,-17.799274],[20.806202,-18.031405],[24.220464,-17.4795],[25.036952,-17.5812],[25.259781,-17.794107],[24.350586,-17.95606],[23.609856,-18.477682],[23.292769,-17.998952],[20.975081,-18.319346],[20.984796,-21.963981],[19.978346,-22.000671],[19.981653,-28.422347],[19.120207,-28.957508],[18.166467,-28.901904],[17.403619,-28.704293],[17.076404,-28.026815],[16.487071,-28.572931]]]}},{"type":"Feature","properties":{"ISO3166-1-Alpha-3":"ZAF"},"geometry":{"type":"MultiPolygon","coordinates":[[[[19.981447,-24.752493],[20.656547,-25.467798],[20.690757,-26.891794],[21.664548,-26.863062],[22.545114,-26.207391],[23.030666,-25.299437],[24.664985,-25.823332],[25.458425,-25.711194],[25.868374,-24.748152],[26.404362,-24.632811],[27.127419,-23.525023],[29.038723,-22.223914],[31.152599,-22.316414],[31.986554,-24.423108],[31.995752,-25.636884],[31.891882,-25.983839],[31.401473,-25.735999],[31.119836,-25.910045],[30.80244,-26.808905],[31.52653,-27.31089],[31.96826,-27.316264],[31.990068,-26.808285],[32.865245,-27.017348],[32.3921,-28.535333],[31.365001,-29.332615],[30.062755,-31.238702],[27.100922,-33.525323],[24.834158,-34.205662],[22.583669,-33.994073],[19.653168,-34.774102],[19.139903,-34.294366],[18.817638,-34.376886],[18.800059,-34.089532],[18.478363,-34.106866],[18.470063,-34.347426],[18.316254,-34.157485],[18.484386,-33.843927],[17.843028,-32.823337],[18.296397,-32.608575],[18.276866,-31.892673],[16.469981,-28.62005],[17.076404,-28.026815],[17.403619,-28.704293],[18.166467,-28.901904],[19.120207,-28.957508],[19.981653,-28.422347],[19.981447,-24.752493]],[[29.435908,-29.342394],[28.634303,-28.570761],[27.747432,-28.908622],[27.002155,-29.666508],[27.366164,-30.311017],[28.078782,-30.658799],[28.383879,-30.144205],[29.144246,-29.919723],[29.435908,-29.342394]]],[[[37.602061,-46.948663],[37.821056,-46.844171],[37.895763,-46.889907],[37.602061,-46.948663]]],[[[37.93865,-46.654392],[37.900401,-46.599705],[37.977794,-46.615655],[37.93865,-46.654392]]]]}},{"type":"Feature","properties":{"ISO3166-1-Alpha-3":"MAF"},"geometry":{"type":"Polygon","coordinates":[[[-63.017649,18.122138],[-63.107004,18.066962],[-63.14684,18.070299],[-63.017649,18.122138]]]}},{"type":"Feature","properties":{"ISO3166-1-Alpha-3":"SXM"},"geometry":{"type":"Polygon","coordinates":[[[-63.097646,18.035956],[-63.085886,18.058511],[-63.017569,18.033391],[-63.097646,18.035956]]]}},{"type":"Feature","properties":{"ISO3166-1-Alpha-3":"OMN"},"geometry":{"type":"MultiPolygon","coordinates":[[[[56.260625,25.331075],[56.344375,25.266528],[56.219958,25.215258],[56.208375,25.255374],[56.260625,25.331075]],[[56.265075,25.281175],[56.282979,25.255476],[56.288328,25.271926],[56.265075,25.281175]]],[[[56.077397,26.061048],[56.36378,26.385972],[56.500987,26.35871],[56.279055,25.627446],[56.077397,26.061048]]],[[[56.383311,24.978217],[57.151541,23.953559],[58.762055,23.54206],[59.82488,22.508857],[59.811778,22.237372],[58.518565,20.416815],[58.20574,20.613349],[57.85613,20.260647],[57.815684,18.991767],[56.807791,18.745592],[56.356293,17.940009],[55.44516,17.84101],[55.026866,17.011135],[53.090343,16.642401],[51.978615,18.995638],[54.97838,19.995421],[55.637565,21.97897],[55.186843,22.703577],[55.456801,23.963164],[55.997853,24.08127],[55.755697,24.230331],[55.829388,24.921167],[56.099139,24.730507],[56.383311,24.978217]]],[[[55.875824,17.495917],[55.862966,17.518866],[55.89088,17.504584],[55.875824,17.495917]]],[[[55.964203,17.519924],[56.095551,17.518866],[55.97283,17.498358],[55.964203,17.519924]]],[[[58.648204,20.368842],[58.950043,20.508938],[58.652192,20.170478],[58.648204,20.368842]]]]}},{"type":"Feature","properties":{"ISO3166-1-Alpha-3":"UZB"},"geometry":{"type":"MultiPolygon","coordinates":[[[[71.681753,39.955082],[71.757304,39.903095],[71.665527,39.940199],[71.681753,39.955082]]],[[[71.707178,40.144269],[70.371394,40.364927],[70.767132,40.737618],[70.445705,41.025921],[69.690919,40.630028],[69.355074,40.780354],[69.285259,40.194964],[68.581116,40.164216],[68.986982,40.091714],[68.51745,39.54844],[67.427284,39.47661],[67.35008,39.219829],[68.100938,38.979276],[68.055153,38.536305],[68.35622,38.212604],[67.780544,37.188868],[66.519588,37.36418],[66.624336,37.993832],[63.709268,39.190891],[62.452808,40.009239],[61.877907,41.124984],[60.094244,41.389516],[60.252684,41.780061],[59.906451,41.966613],[60.028201,42.199518],[58.587876,42.791188],[58.121341,42.624247],[58.490621,42.297574],[58.016024,42.499707],[57.850453,42.191431],[56.978361,41.895118],[57.029521,41.262599],[55.978422,41.321717],[55.975839,44.994412],[58.554906,45.557169],[61.036305,44.382822],[62.026115,43.480629],[64.922941,43.719115],[65.795239,42.877203],[66.101267,42.990323],[66.008663,42.002657],[66.504137,41.993484],[66.73296,41.158057],[67.937434,41.20038],[67.990919,40.811102],[68.461743,40.584656],[69.036178,41.374013],[71.045772,42.29096],[71.238215,42.160244],[70.166549,41.520206],[71.18013,41.108138],[71.671418,41.547388],[72.165135,40.999359],[73.14337,40.833839],[71.707178,40.144269]],[[70.61665,40.99352],[70.56146,40.994605],[70.645072,40.935177],[70.61665,40.99352]]],[[[71.008564,40.157757],[71.021897,39.880823],[70.954046,40.095797],[71.008564,40.157757]]]]}},{"type":"Feature","properties":{"ISO3166-1-Alpha-3":"KAZ"},"geometry":{"type":"MultiPolygon","coordinates":[[[[87.323796,49.085274],[86.859483,49.105324],[86.565083,48.527323],[85.718674,48.358832],[85.498636,47.051832],[84.739613,46.814766],[83.021475,47.205905],[82.291493,45.533191],[82.631989,45.415834],[82.539747,45.123655],[81.665227,45.347982],[79.858205,44.90372],[80.492275,44.727969],[80.338899,44.121494],[80.793445,43.14946],[80.227485,42.790981],[80.249086,42.204893],[79.148274,42.790981],[76.956884,42.988514],[75.620428,42.805295],[74.178759,43.261702],[73.57094,43.031922],[73.505105,42.402943],[71.245449,42.747133],[70.610243,42.02741],[69.036178,41.374013],[68.461743,40.584656],[67.990919,40.811102],[67.937434,41.20038],[66.73296,41.158057],[66.504137,41.993484],[66.008663,42.002657],[66.101267,42.990323],[65.795239,42.877203],[64.922941,43.719115],[62.026115,43.480629],[61.036305,44.382822],[58.554906,45.557169],[55.976149,44.995084],[55.978422,41.321717],[55.450289,41.278877],[54.122618,42.337598],[52.437671,41.748876],[52.736339,42.701361],[51.275727,43.154486],[50.847179,44.189276],[50.22462,44.567694],[51.560313,44.511379],[50.962413,44.863674],[51.415701,45.38996],[53.261241,45.342841],[52.731944,45.554145],[53.118419,46.114325],[53.060395,46.89232],[52.112559,46.81273],[51.212576,47.120917],[49.817393,46.540432],[49.305349,46.587592],[49.227131,46.327879],[48.455109,46.660796],[49.00629,46.76911],[48.174351,47.712851],[47.359672,47.683344],[47.098913,48.265375],[46.478279,48.41056],[47.020881,49.096849],[46.775108,49.332545],[47.30567,50.294864],[47.599296,50.452684],[48.239308,49.864761],[48.784598,49.933387],[48.56828,50.636549],[50.325383,51.303459],[50.767009,51.7594],[51.304238,51.47164],[52.307794,51.774541],[52.545815,51.459522],[53.407313,51.484171],[54.478566,50.853486],[54.499443,50.523274],[54.638246,51.027687],[55.659992,50.530043],[56.47834,51.073034],[57.467634,50.858499],[58.308409,51.150031],[59.522806,50.474646],[60.021276,50.854055],[61.372098,50.782483],[61.663657,51.258397],[61.473798,51.425803],[59.985723,51.952282],[61.039922,52.334998],[60.672606,52.672161],[60.974603,52.971238],[62.094173,52.992477],[61.162706,53.299151],[61.555343,53.505727],[60.880242,53.6328],[61.199086,53.797131],[60.996101,53.941411],[62.525258,53.871855],[63.156744,54.180053],[65.184217,54.310433],[65.449782,54.627468],[68.166051,54.95613],[68.943161,55.43455],[70.213678,55.131985],[70.820359,55.294145],[71.264673,54.661729],[70.970841,54.305007],[71.161268,54.10197],[72.17764,54.135973],[72.043178,54.378026],[72.482945,54.135611],[72.392201,53.908235],[72.624228,54.134991],[73.740646,54.057942],[73.229669,53.66241],[73.41095,53.430021],[73.90415,53.639156],[74.388358,53.462216],[74.772004,53.830876],[76.895905,54.46386],[76.376661,54.154267],[76.495206,53.992313],[77.866802,53.272331],[80.021296,50.766877],[80.682754,51.302012],[81.152028,51.186541],[81.051517,50.955702],[81.460226,50.730341],[83.433956,50.992651],[83.950565,50.780416],[84.249978,50.259931],[84.986729,50.066971],[85.223614,49.595734],[86.177251,49.463339],[86.748379,49.782957],[86.599344,49.573513],[87.323796,49.085274]],[[63.383914,45.565824],[63.964085,46.0205],[63.26635,46.382441],[62.803639,45.936164],[63.383914,45.565824]]],[[[50.324555,44.973212],[50.27711,45.071519],[50.348399,45.084906],[50.324555,44.973212]]],[[[50.052013,45.065619],[50.079356,44.833482],[49.986095,44.946763],[50.052013,45.065619]]],[[[50.713715,44.953803],[50.697765,44.857856],[50.62794,44.967027],[50.713715,44.953803]]],[[[52.635509,45.525621],[52.677094,45.396959],[52.552013,45.478339],[52.635509,45.525621]]],[[[49.750011,46.357489],[49.804698,46.210517],[49.719981,46.356757],[49.750011,46.357489]]]]}},{"type":"Feature","properties":{"ISO3166-1-Alpha-3":"TJK"},"geometry":{"type":"MultiPolygon","coordinates":[[[[70.56146,40.994605],[70.61665,40.99352],[70.645072,40.935177],[70.56146,40.994605]]],[[[70.958955,40.238372],[70.477227,39.900925],[70.004595,40.208761],[69.518009,40.125097],[69.286189,39.539707],[70.477227,39.601201],[70.770129,39.382093],[71.459545,39.612105],[72.228903,39.189237],[73.604323,39.459608],[73.816403,38.586586],[74.832879,38.463648],[74.891893,37.599205],[75.164125,37.400638],[73.709227,37.217006],[73.753462,37.428388],[73.296332,37.464949],[71.653021,36.687012],[71.431123,37.066989],[71.597727,37.89836],[71.258265,37.926472],[71.358156,38.251258],[70.950739,38.473053],[70.17213,37.946083],[70.157867,37.541431],[69.508656,37.578973],[69.323913,37.120991],[68.887867,37.338135],[68.032725,36.925241],[67.78535,37.096548],[68.35622,38.212604],[68.055153,38.536305],[68.100938,38.979276],[67.35008,39.219829],[67.487642,39.538001],[68.51745,39.54844],[68.986982,40.091714],[68.581116,40.164216],[69.285259,40.194964],[69.355074,40.780354],[69.717687,40.63628],[70.363539,41.032432],[70.767132,40.737618],[70.371394,40.364927],[70.958955,40.238372]]],[[[70.581614,39.766566],[70.698919,39.858447],[70.70481,39.822067],[70.581614,39.766566]]]]}},{"type":"Feature","properties":{"ISO3166-1-Alpha-3":"LTU"},"geometry":{"type":"MultiPolygon","coordinates":[[[[26.594531,55.666991],[26.450044,55.327063],[26.80072,55.27332],[25.782695,54.869675],[25.528653,54.320975],[25.763057,54.156437],[23.627116,53.89821],[22.706965,54.418747],[22.848352,54.813813],[22.565475,55.067803],[21.267589,55.248684],[21.053396,56.072618],[22.094082,56.41741],[24.870967,56.442602],[26.594531,55.666991]]],[[[21.106212,55.42121],[20.924569,55.282658],[21.085216,55.722846],[21.106212,55.42121]]]]}},{"type":"Feature","properties":{"ISO3166-1-Alpha-3":"BRA"},"geometry":{"type":"MultiPolygon","coordinates":[[[[-57.602793,-30.190517],[-57.325153,-29.981011],[-57.291511,-29.81513],[-57.112866,-29.766037],[-56.819034,-29.474996],[-56.617289,-29.160906],[-56.427972,-29.069852],[-56.286146,-28.780154],[-56.040812,-28.609002],[-56.011589,-28.496554],[-55.902035,-28.465135],[-55.905601,-28.378008],[-55.694244,-28.400126],[-55.6636,-28.326539],[-55.772534,-28.231971],[-55.440746,-28.078905],[-55.314113,-27.914987],[-55.029634,-27.850702],[-55.081155,-27.778252],[-54.913207,-27.736911],[-54.805048,-27.526381],[-54.690326,-27.551289],[-54.589454,-27.452587],[-54.448377,-27.458891],[-54.444553,-27.408972],[-54.286888,-27.428402],[-54.177024,-27.243401],[-54.091758,-27.285155],[-53.964117,-27.154],[-53.830017,-27.156791],[-53.712505,-26.904507],[-53.77431,-26.714337],[-53.661552,-26.259791],[-53.833428,-25.962238],[-53.90996,-25.629236],[-53.967735,-25.653213],[-54.082715,-25.550067],[-54.09889,-25.597196],[-54.116408,-25.494567],[-54.2148,-25.531464],[-54.190253,-25.580763],[-54.395409,-25.581073],[-54.447344,-25.68918],[-54.600203,-25.574945],[-54.597981,-25.397518],[-54.426621,-25.149472],[-54.462278,-25.03723],[-54.262187,-24.358512],[-54.334637,-24.148912],[-54.245289,-24.050624],[-54.639218,-23.804437],[-55.165439,-24.016827],[-55.420669,-23.954506],[-55.445319,-23.735449],[-55.530533,-23.603468],[-55.535236,-23.229124],[-55.637814,-23.000714],[-55.62368,-22.638669],[-55.723932,-22.569629],[-55.760235,-22.391965],[-55.86103,-22.289543],[-56.214264,-22.275383],[-56.407637,-22.075809],[-56.5113,-22.091415],[-56.648811,-22.263498],[-56.715371,-22.215439],[-56.85606,-22.29316],[-56.90368,-22.236936],[-57.384994,-22.213268],[-57.614075,-22.176991],[-57.663685,-22.100614],[-57.843881,-22.143712],[-57.986249,-22.074465],[-57.895609,-21.688442],[-57.949145,-21.508298],[-57.855559,-21.330738],[-57.90429,-21.274928],[-57.833959,-21.173849],[-57.817577,-20.953604],[-57.914832,-20.905648],[-57.859642,-20.831647],[-57.940412,-20.793613],[-57.86021,-20.730258],[-57.918088,-20.669797],[-57.980616,-20.692741],[-57.989401,-20.433119],[-58.156316,-20.261656],[-58.158797,-20.165125],[-57.859745,-19.980123],[-58.124639,-19.729906],[-57.789,-19.059249],[-57.715826,-19.044573],[-57.731794,-18.921996],[-57.782334,-18.910421],[-57.56674,-18.256094],[-57.465661,-18.21775],[-57.551082,-18.183643],[-57.730089,-17.846093],[-57.800731,-17.533451],[-58.010175,-17.49676],[-58.399144,-17.237448],[-58.480276,-16.683683],[-58.342661,-16.473154],[-58.339561,-16.289289],[-58.464721,-16.33125],[-60.16069,-16.264794],[-60.246395,-15.478279],[-60.582241,-15.098871],[-60.269805,-15.083368],[-60.291716,-14.630062],[-60.464341,-14.278352],[-60.473513,-14.117225],[-60.387188,-13.98328],[-60.472635,-13.797865],[-61.022007,-13.535245],[-61.047225,-13.464552],[-61.149105,-13.519845],[-61.83635,-13.540619],[-62.109408,-13.248958],[-62.114679,-13.150204],[-62.424118,-13.126536],[-62.686634,-12.964996],[-62.789832,-13.000652],[-62.988011,-12.843866],[-63.075034,-12.652663],[-63.317913,-12.701963],[-63.485758,-12.557475],[-63.801398,-12.454949],[-63.921236,-12.544349],[-64.287544,-12.497117],[-64.48978,-12.373611],[-64.489392,-12.239459],[-64.66486,-12.180961],[-64.689923,-12.104376],[-64.739532,-12.144581],[-64.7925,-12.032546],[-64.997449,-11.996269],[-65.065559,-11.75308],[-65.113411,-11.690551],[-65.151497,-11.77313],[-65.196197,-11.741814],[-65.167439,-11.615517],[-65.319548,-11.476404],[-65.326447,-11.327783],[-65.38727,-11.277553],[-65.394738,-11.153427],[-65.299601,-10.969665],[-65.404737,-10.799236],[-65.44998,-10.468094],[-65.284822,-10.206818],[-65.336834,-9.967246],[-65.29911,-9.841259],[-65.397993,-9.686746],[-65.583977,-9.837228],[-65.788564,-9.733048],[-65.806418,-9.784415],[-66.086995,-9.784518],[-66.64262,-9.907921],[-67.0643,-10.256944],[-67.323509,-10.318852],[-67.58463,-10.501787],[-67.721727,-10.705495],[-68.043775,-10.666945],[-68.29332,-10.978967],[-68.61573,-11.112499],[-68.775926,-11.140611],[-68.757633,-11.011937],[-68.804659,-10.994677],[-69.39594,-10.935042],[-69.956113,-10.919332],[-70.2894,-11.06475],[-70.437272,-11.036741],[-70.534114,-10.938143],[-70.641342,-11.0108],[-70.638448,-9.851801],[-70.541865,-9.708244],[-70.624418,-9.565823],[-70.564525,-9.56541],[-70.524993,-9.430948],[-71.2997,-9.993394],[-72.195666,-10.00559],[-72.162903,-9.877225],[-72.265223,-9.762194],[-72.312661,-9.532544],[-72.813303,-9.410897],[-73.214984,-9.409037],[-72.972001,-9.134428],[-72.976084,-8.985394],[-73.174573,-8.720707],[-73.350583,-8.598337],[-73.356422,-8.479791],[-73.540829,-8.359075],[-73.668031,-8.013773],[-73.784949,-7.940393],[-73.712163,-7.788154],[-74.018475,-7.543518],[-73.944319,-7.448743],[-73.982895,-7.356449],[-73.713093,-7.304669],[-73.812337,-7.102924],[-73.759421,-6.887434],[-73.147804,-6.476193],[-73.234776,-6.077561],[-72.97691,-5.651747],[-72.917948,-5.132089],[-72.644786,-5.060569],[-72.386094,-4.79397],[-71.907208,-4.518431],[-71.363262,-4.45921],[-71.264818,-4.375494],[-70.968687,-4.385313],[-70.832235,-4.179434],[-70.646768,-4.115665],[-70.585273,-4.194523],[-70.549694,-4.140676],[-70.515975,-4.182328],[-70.330612,-4.143157],[-70.316711,-4.247026],[-70.205632,-4.342938],[-70.138892,-4.260462],[-70.037038,-4.340871],[-69.971822,-4.290951],[-69.399454,-1.182717],[-69.442863,-1.008361],[-69.628381,-0.733442],[-69.584223,-0.644559],[-69.619751,-0.524566],[-70.068044,-0.160144],[-70.054246,0.588131],[-69.619157,0.650659],[-69.47808,0.732825],[-69.297057,0.618103],[-69.137455,0.650142],[-69.192258,0.728949],[-69.152389,0.867803],[-69.288815,1.038439],[-69.852192,1.05942],[-69.856171,1.707675],[-69.541952,1.772709],[-69.352403,1.720206],[-68.163302,1.721291],[-68.280246,1.829398],[-68.192189,2.014891],[-68.031786,1.777515],[-67.928846,1.74129],[-67.424639,2.138114],[-67.340614,2.090106],[-67.117165,1.709793],[-67.086107,1.176002],[-66.875061,1.22251],[-66.285071,0.745847],[-66.134382,0.731119],[-65.74544,0.974154],[-65.596043,0.98361],[-65.517004,0.862791],[-65.585217,0.691483],[-65.497832,0.658721],[-65.327196,0.910281],[-65.203044,0.923821],[-65.136769,1.126909],[-64.839293,1.270828],[-64.730876,1.247574],[-64.40901,1.507506],[-64.352941,1.365835],[-64.092957,1.622615],[-64.036629,1.927274],[-63.411758,2.149379],[-63.372639,2.266839],[-63.384834,2.420577],[-64.047972,2.471323],[-63.997562,2.714926],[-64.222923,3.123996],[-64.202976,3.594717],[-64.642897,3.972963],[-64.813042,4.210571],[-64.791622,4.284417],[-64.69987,4.264159],[-64.58967,4.118871],[-64.1467,4.110551],[-64.037663,3.882503],[-63.671587,3.946246],[-63.510666,3.854546],[-63.4254,3.968364],[-63.35171,3.958726],[-62.997054,3.599135],[-62.889412,3.560817],[-62.749576,3.660372],[-62.766216,4.020712],[-62.560957,4.037791],[-62.536979,4.125408],[-62.428097,4.183182],[-62.153592,4.090294],[-62.035046,4.159876],[-61.88813,4.150161],[-61.756355,4.246357],[-61.552156,4.254961],[-61.501874,4.401851],[-61.29305,4.44805],[-61.315581,4.520785],[-60.977281,4.53497],[-60.895813,4.708525],[-60.71815,4.784283],[-60.59193,4.949725],[-60.664303,5.170254],[-60.739854,5.202138],[-60.448967,5.174233],[-60.213426,5.267225],[-59.983104,5.085944],[-60.032455,4.725423],[-60.159992,4.527787],[-59.809626,4.465749],[-59.68674,4.381181],[-59.738468,4.202768],[-59.527654,3.939528],[-59.686223,3.690215],[-59.862879,3.58172],[-59.82177,3.356592],[-59.993724,2.857294],[-59.913444,2.378719],[-59.741698,2.263791],[-59.758751,1.862136],[-59.646458,1.839966],[-59.680849,1.757387],[-59.530729,1.703075],[-59.259918,1.387436],[-58.966499,1.310154],[-58.834001,1.18582],[-58.69773,1.28106],[-58.51893,1.267262],[-58.513659,1.43888],[-58.38638,1.490194],[-58.320492,1.601221],[-58.027229,1.516859],[-57.985009,1.657704],[-57.561159,1.708967],[-57.319416,1.977141],[-57.238439,1.948539],[-57.104494,2.021454],[-57.011167,1.918566],[-56.806476,1.873582],[-56.481819,1.941614],[-55.953815,1.853273],[-55.918262,2.050393],[-56.146775,2.256194],[-55.971023,2.530338],[-55.724294,2.396909],[-55.399585,2.430189],[-55.32052,2.518297],[-55.120894,2.524808],[-54.959095,2.608989],[-54.978577,2.54305],[-54.880289,2.447345],[-54.703194,2.445847],[-54.704124,2.32482],[-54.588162,2.324355],[-54.476644,2.21413],[-54.134908,2.110673],[-53.764801,2.368694],[-53.742167,2.308542],[-53.531792,2.247047],[-53.344104,2.349625],[-53.234188,2.250975],[-53.268501,2.195733],[-52.959683,2.175217],[-52.590403,2.504706],[-52.355327,3.151592],[-52.227918,3.260112],[-51.783191,3.980947],[-51.631744,4.067816],[-51.585347,4.233818],[-51.436838,3.929511],[-51.546702,4.255032],[-51.516498,4.441122],[-51.18693,4.078849],[-51.176137,3.648342],[-51.136383,3.867743],[-51.079905,3.88227],[-51.092742,3.376329],[-51.016779,3.035572],[-50.67927,2.171698],[-50.792551,2.161811],[-50.779693,2.07095],[-50.702056,2.130316],[-50.619555,2.105238],[-50.466542,1.815416],[-50.164598,1.815634],[-49.950597,1.721326],[-49.883026,1.307714],[-50.149741,1.221209],[-49.887563,1.174872],[-49.978831,1.072211],[-50.031565,1.105943],[-50.453359,0.664049],[-50.790639,0.169501],[-50.979848,0.120429],[-51.08141,-0.032525],[-51.326975,-0.079522],[-51.25121,-0.127374],[-51.453603,-0.486749],[-51.58019,-0.52516],[-51.532379,-0.551853],[-51.713735,-0.793227],[-51.715484,-1.02752],[-51.929351,-1.178318],[-51.93456,-1.339532],[-52.065785,-1.405043],[-52.238108,-1.346368],[-52.708119,-1.60003],[-52.279124,-1.518243],[-52.260243,-1.695245],[-52.203969,-1.690199],[-51.283437,-1.231378],[-51.003407,-1.013767],[-50.997304,-0.922459],[-50.839589,-0.912774],[-50.82665,-1.045343],[-50.95641,-1.128513],[-50.819936,-1.231703],[-50.819203,-1.436293],[-50.654693,-1.73797],[-50.737294,-1.73797],[-50.717283,-1.822473],[-50.787567,-1.89737],[-50.879803,-1.851951],[-50.844215,-1.955301],[-50.610581,-1.814203],[-50.466664,-1.92783],[-50.484039,-1.977634],[-50.443023,-1.935968],[-50.415761,-2.073175],[-50.312539,-1.908774],[-50.161936,-1.915623],[-49.976918,-1.826104],[-49.869293,-1.888767],[-49.887563,-2.087498],[-49.853424,-2.045831],[-49.812489,-2.108005],[-49.846588,-1.901788],[-49.832346,-1.94964],[-49.810455,-1.900567],[-49.676096,-1.908624],[-49.592763,-2.011651],[-49.654775,-1.895115],[-49.537465,-1.860935],[-49.485219,-1.76393],[-49.422027,-1.778985],[-49.451161,-1.82464],[-49.454213,-1.856134],[-49.434804,-1.879978],[-49.370432,-1.905043],[-49.381093,-1.991306],[-49.545766,-2.516534],[-49.663686,-2.677667],[-49.527415,-2.628351],[-49.232004,-1.948175],[-48.965589,-1.599719],[-48.856369,-1.559031],[-49.033269,-1.846568],[-48.929465,-1.787832],[-48.656946,-1.38338],[-48.428334,-1.662286],[-48.4829,-1.511407],[-48.325307,-1.470473],[-48.496571,-1.461358],[-48.482753,-1.2813],[-48.435903,-1.218688],[-48.425387,-1.297312],[-48.334584,-1.313653],[-48.305043,-1.188246],[-48.250152,-1.189386],[-48.278147,-1.128513],[-48.22289,-1.113539],[-48.291737,-1.043634],[-48.187489,-1.01865],[-48.140289,-0.9013],[-48.154042,-0.781834],[-48.037913,-0.661716],[-47.962148,-0.781834],[-47.866238,-0.673505],[-47.802444,-0.690334],[-47.809071,-0.565167],[-47.770253,-0.63714],[-47.725168,-0.644138],[-47.728668,-0.756524],[-47.610585,-0.693943],[-47.584514,-0.578247],[-47.496693,-0.764744],[-47.393056,-0.812595],[-47.393056,-0.747166],[-47.468739,-0.730645],[-47.461903,-0.592869],[-47.39981,-0.592869],[-47.414133,-0.613946],[-47.414703,-0.66131],[-47.407338,-0.681573],[-47.294016,-0.592869],[-47.255849,-0.676039],[-47.242787,-0.620212],[-47.19811,-0.651544],[-47.235951,-0.716404],[-47.160878,-0.681573],[-47.194407,-0.761],[-47.13976,-0.798923],[-47.077545,-0.665704],[-47.0572,-0.86712],[-46.969106,-0.695896],[-46.922231,-0.834568],[-46.963002,-0.865004],[-46.947377,-0.9013],[-46.819203,-0.711684],[-46.782867,-0.9013],[-46.755523,-0.819431],[-46.714589,-0.877699],[-46.749379,-0.942966],[-46.697865,-0.880792],[-46.68871,-0.825779],[-46.63268,-0.863214],[-46.655913,-0.80182],[-46.598541,-0.86712],[-46.619008,-0.935479],[-46.667388,-0.922459],[-46.737457,-0.984308],[-46.749379,-1.01865],[-46.427629,-0.86855],[-46.475006,-1.045343],[-46.364898,-1.008396],[-46.324818,-1.107354],[-46.296864,-1.031671],[-46.248443,-1.093683],[-46.278979,-0.986261],[-46.200307,-0.907647],[-46.262115,-1.183201],[-46.139231,-1.113539],[-46.146067,-1.176365],[-46.101674,-1.073337],[-46.050445,-1.210382],[-45.979454,-1.055084],[-45.948069,-1.141534],[-46.002675,-1.192804],[-45.948069,-1.251397],[-45.867487,-1.063471],[-45.899648,-1.257582],[-45.838206,-1.202895],[-45.840566,-1.279555],[-45.810902,-1.32643],[-45.721588,-1.134942],[-45.675535,-1.366316],[-45.543853,-1.270278],[-45.529693,-1.415785],[-45.415679,-1.287693],[-45.542714,-1.490981],[-45.50178,-1.469985],[-45.460805,-1.546157],[-45.326161,-1.312921],[-45.296295,-1.415785],[-45.40095,-1.560154],[-45.340199,-1.583185],[-45.323638,-1.744806],[-45.221262,-1.672784],[-45.247467,-1.579278],[-45.163197,-1.482843],[-45.078928,-1.483575],[-45.062978,-1.428888],[-44.967356,-1.546157],[-45.020375,-1.578709],[-45.021962,-1.600844],[-44.967356,-1.594008],[-44.868031,-1.421319],[-44.933827,-1.65545],[-44.885365,-1.600844],[-44.847401,-1.64129],[-44.83019,-1.634942],[-44.837026,-1.566095],[-44.773183,-1.724298],[-44.821929,-1.75921],[-44.707875,-1.717462],[-44.810374,-1.813165],[-44.679351,-1.81113],[-44.652699,-1.717462],[-44.598012,-1.744806],[-44.659535,-1.839776],[-44.530181,-1.833754],[-44.590647,-1.901788],[-44.521718,-1.895115],[-44.488149,-1.987481],[-44.617299,-2.038995],[-44.494374,-2.045831],[-44.693593,-2.265558],[-44.751373,-2.252048],[-44.824045,-2.279229],[-44.665639,-2.270929],[-44.720937,-2.402114],[-44.663971,-2.356703],[-44.663482,-2.420587],[-44.652699,-2.429457],[-44.631581,-2.271742],[-44.461659,-2.144627],[-44.363596,-2.333917],[-44.395375,-2.402114],[-44.51065,-2.36712],[-44.551422,-2.391046],[-44.507436,-2.389825],[-44.521596,-2.500095],[-44.655995,-2.593194],[-44.540395,-2.538263],[-44.686147,-2.916681],[-44.693593,-2.994887],[-44.622222,-3.051039],[-44.781565,-3.196954],[-44.79601,-3.300226],[-44.432973,-2.950291],[-44.368072,-2.549574],[-44.28893,-2.580255],[-44.292633,-2.481052],[-44.034413,-2.415216],[-44.092152,-2.443455],[-44.032704,-2.513279],[-44.137196,-2.67018],[-44.213857,-2.669041],[-44.3485,-2.810235],[-44.186513,-2.759047],[-44.200185,-2.86891],[-44.106028,-2.749607],[-44.068105,-2.79518],[-43.923248,-2.546808],[-43.878041,-2.634942],[-43.879465,-2.571222],[-43.72411,-2.477227],[-43.721059,-2.560317],[-43.644643,-2.477227],[-43.665761,-2.511977],[-43.542226,-2.525079],[-43.537343,-2.435968],[-43.45287,-2.552911],[-43.459788,-2.443048],[-43.411936,-2.45672],[-43.48705,-2.395278],[-43.426298,-2.33785],[-42.700022,-2.563572],[-42.580881,-2.672052],[-42.487131,-2.669041],[-42.452992,-2.752211],[-42.264272,-2.759047],[-42.23941,-2.834161],[-41.943918,-2.83766],[-42.010404,-2.727189],[-41.838565,-2.72948],[-41.686147,-2.875909],[-41.343088,-2.920343],[-41.244537,-3.015232],[-41.315256,-2.903009],[-41.256907,-2.875177],[-41.082509,-2.916681],[-41.103017,-2.875177],[-40.828603,-2.882501],[-40.499623,-2.78631],[-39.985707,-2.848403],[-38.985178,-3.395929],[-38.659657,-3.676446],[-38.477406,-3.697442],[-38.029612,-4.2374],[-37.768625,-4.396417],[-37.607249,-4.608087],[-37.292551,-4.71795],[-37.182932,-4.910903],[-36.898752,-4.938246],[-36.790883,-5.051202],[-36.544423,-5.127618],[-36.579986,-5.080987],[-36.281361,-5.104587],[-35.997182,-5.04754],[-35.510569,-5.143731],[-35.390045,-5.244561],[-35.223134,-5.582615],[-35.105051,-5.995538],[-35.092844,-6.185805],[-35.150868,-6.215997],[-35.038197,-6.236505],[-34.942738,-6.766209],[-34.860097,-6.914646],[-34.914662,-7.130548],[-34.839589,-6.972914],[-34.793609,-7.176202],[-34.804799,-7.514093],[-34.928944,-7.555759],[-34.805304,-7.622716],[-34.830304,-7.680888],[-34.873769,-7.617771],[-34.907216,-7.733819],[-34.865876,-7.71754],[-34.892096,-7.762618],[-34.893525,-7.804927],[-34.811635,-7.93255],[-34.851186,-8.068617],[-34.928944,-8.034926],[-34.880605,-8.089532],[-34.938588,-8.347101],[-35.305084,-9.193048],[-35.696156,-9.672947],[-35.778066,-9.700128],[-35.746246,-9.641778],[-35.799916,-9.584731],[-35.858144,-9.734552],[-35.905426,-9.62477],[-35.963043,-9.610772],[-35.873647,-9.755466],[-35.810618,-9.744806],[-36.40807,-10.50213],[-36.903066,-10.772882],[-37.138295,-11.125909],[-37.275136,-11.022719],[-37.149159,-11.187433],[-37.330068,-11.420668],[-37.402455,-11.399672],[-37.272084,-11.249444],[-37.299387,-11.194757],[-37.305572,-11.242608],[-37.344106,-11.184259],[-37.319203,-11.269952],[-37.415395,-11.406427],[-37.470082,-11.358657],[-37.395579,-11.437433],[-37.491851,-11.51629],[-37.360829,-11.454848],[-37.654652,-12.049737],[-38.320424,-12.935235],[-38.532704,-13.016534],[-38.477406,-12.935235],[-38.508901,-12.722914],[-38.62621,-12.702407],[-38.690989,-12.571466],[-38.80663,-12.835138],[-38.864003,-12.795099],[-38.861684,-12.654067],[-38.923695,-12.736586],[-38.853993,-12.851251],[-38.724477,-12.873224],[-38.895009,-13.080987],[-38.806996,-13.143813],[-38.947621,-13.246759],[-38.954579,-13.372491],[-39.039784,-13.332452],[-39.115549,-13.599379],[-39.01183,-13.497003],[-38.97997,-13.83587],[-39.091624,-13.71266],[-39.148752,-13.736912],[-38.994456,-13.863458],[-39.074534,-13.89422],[-38.979563,-14.06113],[-39.071034,-14.076349],[-39.074534,-14.140558],[-39.039784,-14.175388],[-39.063385,-14.109959],[-38.957265,-14.066095],[-38.98998,-13.930841],[-38.929921,-13.897638],[-38.923695,-14.004083],[-39.067128,-14.674981],[-38.861684,-15.854262],[-39.208608,-17.162205],[-39.137115,-17.67962],[-39.275054,-17.866876],[-39.450185,-17.948012],[-39.659413,-18.273614],[-39.744862,-18.681736],[-39.701405,-19.376153],[-39.786204,-19.601983],[-40.026845,-19.764418],[-40.157053,-19.958917],[-40.232777,-20.266778],[-40.369293,-20.23268],[-40.365971,-20.323231],[-40.259511,-20.321466],[-40.348744,-20.500095],[-40.583424,-20.801972],[-40.758463,-20.864194],[-41.05724,-21.483819],[-40.995269,-22.014255],[-41.666493,-22.281834],[-41.966298,-22.535414],[-41.993031,-22.699884],[-41.93456,-22.768731],[-41.869781,-22.75213],[-41.989613,-22.826349],[-42.013539,-22.981703],[-42.531728,-22.934177],[-43.031402,-22.974298],[-43.130767,-22.91961],[-43.025136,-22.735528],[-43.075551,-22.665704],[-43.270172,-22.747003],[-43.170766,-22.969822],[-43.560374,-23.067478],[-44.003733,-23.091078],[-43.891713,-23.021417],[-43.603749,-23.007745],[-43.850168,-22.892267],[-44.056223,-22.939548],[-44.186391,-23.049005],[-44.352651,-22.999282],[-44.325917,-22.921645],[-44.411366,-22.937433],[-44.70051,-23.10768],[-44.707997,-23.214614],[-44.62678,-23.195245],[-44.651357,-23.284763],[-44.556508,-23.227472],[-44.50121,-23.296482],[-44.826975,-23.385431],[-44.919301,-23.34881],[-45.04308,-23.405532],[-45.008372,-23.46087],[-45.070424,-23.515395],[-45.147776,-23.4874],[-45.200673,-23.572035],[-45.412994,-23.617852],[-45.426666,-23.830743],[-45.864369,-23.756443],[-46.146067,-23.844415],[-46.235422,-23.912693],[-46.111928,-23.864923],[-46.166493,-23.981622],[-46.287668,-24.021173],[-46.317372,-24.016371],[-46.276357,-23.981622],[-46.299469,-23.925063],[-46.385406,-23.873468],[-46.453928,-23.926446],[-46.376047,-24.024509],[-46.936635,-24.27337],[-47.01537,-24.422947],[-47.63386,-24.755629],[-47.825551,-24.894138],[-47.960561,-25.0499],[-48.051584,-25.036798],[-47.949696,-25.080011],[-47.887074,-25.057306],[-48.209055,-25.457615],[-48.222157,-25.339125],[-48.127309,-25.279962],[-48.284332,-25.289972],[-48.332753,-25.358331],[-48.325307,-25.228611],[-48.367421,-25.304783],[-48.455678,-25.248468],[-48.428334,-25.324151],[-48.496571,-25.338474],[-48.414052,-25.410089],[-48.472727,-25.475681],[-48.743031,-25.352146],[-48.710846,-25.496352],[-48.361195,-25.570977],[-48.541005,-25.845473],[-48.578521,-25.797133],[-48.583241,-25.854669],[-48.769439,-25.867364],[-48.563466,-25.865818],[-48.592519,-26.183852],[-48.733795,-26.224705],[-48.796457,-26.068455],[-48.756215,-26.249444],[-48.798248,-26.304864],[-48.6079,-26.4367],[-48.683339,-26.662367],[-48.678944,-26.731052],[-48.577952,-26.776544],[-48.628774,-26.864841],[-48.607167,-27.104425],[-48.579498,-27.158461],[-48.476145,-27.153985],[-48.492909,-27.215997],[-48.54186,-27.182387],[-48.619985,-27.246677],[-48.551869,-27.387302],[-48.64745,-27.479587],[-48.579091,-27.576349],[-48.64745,-27.647393],[-48.565541,-27.860284],[-48.635894,-28.230157],[-48.76122,-28.4874],[-48.79483,-28.370538],[-48.874013,-28.346287],[-48.854888,-28.475274],[-48.756093,-28.528416],[-49.342763,-28.923517],[-49.810658,-29.443129],[-50.045318,-29.814548],[-50.315663,-30.461521],[-50.721425,-31.044529],[-51.151845,-31.481541],[-51.863515,-31.931736],[-52.077382,-32.16725],[-52.012196,-31.950616],[-52.08727,-31.827813],[-51.836334,-31.854913],[-51.834096,-31.80047],[-51.666168,-31.769708],[-51.498687,-31.574884],[-51.447621,-31.612726],[-51.422515,-31.485121],[-51.377797,-31.526951],[-51.244985,-31.464044],[-51.158559,-31.286391],[-51.161855,-31.077732],[-51.013987,-31.062758],[-50.975942,-31.130955],[-50.935902,-31.087823],[-50.98766,-31.045587],[-50.978424,-30.893324],[-50.760121,-30.815118],[-50.692616,-30.726495],[-50.725657,-30.363051],[-50.607533,-30.485121],[-50.565012,-30.450128],[-50.539866,-30.267511],[-50.614817,-30.186212],[-50.671986,-30.288995],[-50.912994,-30.316664],[-50.936391,-30.431573],[-51.034088,-30.375665],[-51.023101,-30.263767],[-51.233022,-30.189874],[-51.283518,-30.00742],[-51.326975,-30.224542],[-51.204091,-30.285333],[-51.187734,-30.360121],[-51.090647,-30.351983],[-51.250478,-30.462335],[-51.269683,-30.781834],[-51.322499,-30.642185],[-51.377105,-30.642267],[-51.361887,-30.879164],[-51.455434,-30.889418],[-51.485707,-30.967055],[-51.443023,-31.080987],[-51.623606,-31.135349],[-51.637522,-31.256524],[-51.963531,-31.332289],[-52.007924,-31.646173],[-52.083323,-31.558689],[-52.063344,-31.66546],[-52.218617,-31.740655],[-52.248443,-31.861993],[-52.13386,-31.930841],[-52.23766,-31.966404],[-52.258616,-32.053643],[-52.08141,-32.031996],[-52.168935,-32.100681],[-52.08727,-32.067315],[-52.091176,-32.166111],[-52.253407,-32.282485],[-52.644887,-33.136977],[-53.379095,-33.740676],[-53.539647,-33.649263],[-53.536857,-33.170842],[-53.110836,-32.722394],[-53.5613,-32.449543],[-53.757308,-32.055045],[-54.274228,-31.823379],[-54.604543,-31.459784],[-54.849903,-31.425057],[-55.029375,-31.268788],[-55.087253,-31.326769],[-55.244349,-31.244603],[-55.368579,-31.037381],[-55.591873,-30.848348],[-55.854596,-31.074588],[-56.011357,-31.082133],[-56.011357,-30.798222],[-56.831281,-30.102037],[-57.077106,-30.106068],[-57.245054,-30.293344],[-57.535992,-30.27443],[-57.602793,-30.190517]]],[[[-39.032582,-13.392511],[-38.896352,-13.453546],[-38.902013,-13.671812],[-38.979056,-13.599695],[-38.967844,-13.498305],[-39.045888,-13.458185],[-39.032582,-13.392511]]],[[[-38.697133,-12.880548],[-38.587473,-12.986912],[-38.786529,-13.133884],[-38.791249,-13.058364],[-38.66926,-12.961847],[-38.697133,-12.880548]]],[[[-44.480784,-2.70436],[-44.497304,-2.949314],[-44.598012,-3.060154],[-44.576324,-2.799981],[-44.480784,-2.70436]]],[[[-42.041412,-2.70436],[-42.085194,-2.758722],[-42.186025,-2.676446],[-42.091379,-2.678399],[-42.041412,-2.70436]]],[[[-43.627309,-2.252048],[-43.634805,-2.399895],[-43.7329,-2.419875],[-43.715403,-2.289239],[-43.627309,-2.252048]]],[[[-49.287953,-1.758477],[-49.367421,-1.895115],[-49.442494,-1.867771],[-49.352162,-1.722426],[-49.287953,-1.758477]]],[[[-44.974355,-1.260349],[-44.885365,-1.32643],[-45.01891,-1.377699],[-44.974355,-1.260349]]],[[[-48.338979,-1.066502],[-48.334096,-1.205011],[-48.462066,-1.164483],[-48.421498,-1.079522],[-48.338979,-1.066502]]],[[[-48.194936,-0.819431],[-48.155873,-0.866306],[-48.201894,-1.011489],[-48.307118,-1.020685],[-48.194936,-0.819431]]],[[[-47.982655,-0.676039],[-47.887074,-0.669122],[-47.962148,-0.730645],[-47.982655,-0.676039]]],[[[-50.840932,-0.558689],[-50.843129,-0.715997],[-51.100413,-0.826267],[-51.066274,-0.676039],[-50.840932,-0.558689]]],[[[-47.660512,-0.579197],[-47.643422,-0.692966],[-47.701527,-0.709568],[-47.71562,-0.636555],[-47.761379,-0.575771],[-47.660512,-0.579197]]],[[[-51.308339,-0.518731],[-51.149973,-0.658949],[-51.275624,-1.02516],[-51.331451,-1.009942],[-51.434804,-1.1867],[-51.740834,-1.420017],[-51.930287,-1.470798],[-51.884267,-1.25628],[-51.683949,-1.096938],[-51.675771,-0.846775],[-51.534047,-0.634698],[-51.347401,-0.531996],[-51.381581,-0.65488],[-51.353668,-0.580173],[-51.299631,-0.592869],[-51.308339,-0.518731]]],[[[-51.4051,-0.459649],[-51.120269,-0.14544],[-51.166737,-0.305597],[-51.4051,-0.459649]]],[[[-48.369781,-0.36061],[-48.496571,-0.743748],[-48.572336,-0.681573],[-48.527659,-0.872654],[-48.664784,-1.001235],[-48.642812,-1.083591],[-48.818715,-1.202895],[-48.921132,-1.141534],[-48.796254,-1.268487],[-48.832997,-1.415785],[-48.942209,-1.295831],[-48.990061,-1.292413],[-48.946034,-1.309015],[-48.990061,-1.374282],[-48.945058,-1.346368],[-48.839223,-1.449965],[-49.065785,-1.531915],[-49.197743,-1.38836],[-49.181874,-1.566095],[-49.229604,-1.5735],[-49.168202,-1.586602],[-49.222768,-1.621189],[-49.353179,-1.5735],[-49.387318,-1.484145],[-49.358306,-1.637587],[-49.443025,-1.635422],[-49.496571,-1.497735],[-49.531321,-1.497735],[-49.558705,-1.724216],[-49.688344,-1.769301],[-49.744211,-1.580336],[-49.776438,-1.807224],[-50.002309,-1.745538],[-50.028188,-1.65545],[-50.155019,-1.778985],[-50.224517,-1.739028],[-50.23766,-1.62127],[-50.278554,-1.597426],[-50.249623,-1.563084],[-50.258168,-1.484145],[-50.292226,-1.597426],[-50.242584,-1.641534],[-50.264963,-1.744806],[-50.306508,-1.65545],[-50.284779,-1.75506],[-50.366689,-1.772149],[-50.296986,-1.803481],[-50.405181,-1.830987],[-50.603871,-1.772149],[-50.58788,-1.684503],[-50.803212,-1.434991],[-50.792551,-1.086196],[-50.559722,-1.183201],[-50.616689,-1.119887],[-50.476633,-1.039158],[-50.663808,-1.094903],[-50.792551,-1.01865],[-50.737294,-0.551853],[-50.684071,-0.639825],[-50.548451,-0.67783],[-50.682688,-0.623793],[-50.69636,-0.36004],[-50.583363,-0.192153],[-50.368153,-0.105645],[-49.653472,-0.241143],[-49.387318,-0.257582],[-49.38683,-0.184747],[-49.206044,-0.140313],[-48.427235,-0.259942],[-48.369781,-0.36061]]],[[[-50.923411,-0.330499],[-51.038686,-0.200291],[-50.947266,-0.011974],[-50.766004,0.046367],[-50.655263,-0.023777],[-50.675852,-0.154555],[-50.923411,-0.330499]]],[[[-49.832346,-0.103123],[-49.740468,-0.000339],[-49.496571,0.085598],[-49.347524,-0.009698],[-49.463368,-0.128025],[-49.832346,-0.103123]]],[[[-50.634267,0.071275],[-50.610585,0.183417],[-50.490224,0.159362],[-50.437729,-3.3e-05],[-50.559722,-0.003839],[-50.634267,0.071275]]],[[[-50.113324,0.338182],[-50.165648,0.261734],[-50.220461,0.246212],[-50.113324,0.338182]]],[[[-50.036888,0.299741],[-49.650227,0.386373],[-49.530356,0.35378],[-49.867055,-0.010675],[-50.004506,-0.052789],[-50.097279,0.030911],[-50.345123,0.047431],[-50.377797,0.208319],[-50.107289,0.222154],[-50.036888,0.299741]]],[[[-50.31697,0.308751],[-50.41902,0.167944],[-50.516754,0.208645],[-50.366689,0.61994],[-50.31697,0.308751]]],[[[-50.312123,0.413967],[-50.258168,0.585191],[-50.120351,0.571601],[-50.065663,0.647284],[-50.042714,0.510321],[-50.249595,0.361016],[-50.312123,0.413967]]],[[[-50.103383,0.755683],[-50.283364,0.769186],[-50.225476,0.8592],[-50.111666,0.918253],[-50.015723,0.892493],[-50.103383,0.755683]]],[[[-49.964019,0.973822],[-50.100317,0.959063],[-49.92638,1.069857],[-49.964019,0.973822]]],[[[-50.523813,2.001482],[-50.399578,2.115108],[-50.314027,1.968266],[-50.419119,1.862978],[-50.523813,2.001482]]],[[[-50.543521,2.146197],[-50.463348,2.186938],[-50.415158,2.126931],[-50.497932,2.107398],[-50.543521,2.146197]]],[[[-29.316884,-20.56878],[-29.348256,-20.561293],[-29.344309,-20.550958],[-29.316884,-20.56878]]],[[[-28.877838,-20.514255],[-28.880483,-20.510837],[-28.877065,-20.511651],[-28.877838,-20.514255]]],[[[-48.43456,-27.404718],[-48.379872,-27.435724],[-48.407216,-27.579197],[-48.486073,-27.774347],[-48.563791,-27.817315],[-48.537506,-27.47617],[-48.43456,-27.404718]]],[[[-48.489125,-26.236017],[-48.583241,-26.421075],[-48.703277,-26.311944],[-48.547597,-26.16725],[-48.489125,-26.236017]]],[[[-47.831858,-24.913263],[-47.448313,-24.6867],[-47.900136,-25.036798],[-47.831858,-24.913263]]],[[[-46.393666,-23.92018],[-46.29186,-23.990899],[-46.4204,-23.947442],[-46.393666,-23.92018]]],[[[-45.213735,-23.906508],[-45.241689,-23.96795],[-45.452952,-23.891371],[-45.308461,-23.721368],[-45.228098,-23.772393],[-45.271108,-23.86891],[-45.213735,-23.906508]]],[[[-44.100901,-23.149021],[-44.327707,-23.221287],[-44.367096,-23.165216],[-44.235097,-23.06878],[-44.100901,-23.149021]]],[[[-32.43692,-3.849867],[-32.399729,-3.861993],[-32.462799,-3.878351],[-32.43692,-3.849867]]],[[[-29.410268,0.834866],[-29.356191,0.882758],[-29.349029,0.852607],[-29.410268,0.834866]]],[[[-48.339525,-25.425535],[-48.255379,-25.348212],[-48.291107,-25.489117],[-48.339525,-25.425535]]],[[[-34.85275,-7.697379],[-34.822331,-7.738797],[-34.845373,-7.813504],[-34.884229,-7.804026],[-34.85275,-7.697379]]],[[[-42.228703,-2.693311],[-42.149024,-2.735403],[-42.105776,-2.772749],[-42.249767,-2.736441],[-42.228703,-2.693311]]],[[[-43.809175,-2.512778],[-43.823499,-2.40771],[-43.756834,-2.447669],[-43.809175,-2.512778]]],[[[-43.611692,-2.385001],[-43.542039,-2.371153],[-43.573656,-2.423468],[-43.611692,-2.385001]]],[[[-49.525482,-1.672855],[-49.424018,-1.696843],[-49.508609,-1.744872],[-49.525482,-1.672855]]]]}},{"type":"Feature","properties":{"ISO3166-1-Alpha-3":"URY"},"geometry":{"type":"Polygon","coordinates":[[[-57.602793,-30.190517],[-56.831281,-30.102037],[-56.011357,-30.798222],[-56.011357,-31.082133],[-55.591873,-30.848348],[-53.119776,-32.707408],[-53.511639,-33.099426],[-53.379095,-33.740676],[-53.764882,-34.390395],[-54.93932,-34.969903],[-55.693448,-34.764741],[-56.156088,-34.941188],[-58.20873,-34.147638],[-58.439361,-33.6985],[-58.048492,-32.911716],[-58.202618,-31.893143],[-57.602793,-30.190517]]]}},{"type":"Feature","properties":{"ISO3166-1-Alpha-3":"MNG"},"geometry":{"type":"Polygon","coordinates":[[[116.684278,49.823265],[115.575715,47.909738],[117.360826,47.650865],[117.766899,47.993144],[118.472799,47.989449],[119.699959,47.159526],[119.872662,46.673225],[117.393795,46.57137],[117.337468,46.357275],[116.568316,46.290871],[115.667389,45.454281],[114.533711,45.3855],[113.604776,44.739699],[111.958261,45.084536],[111.397055,44.387369],[111.933353,43.696636],[110.406728,42.768605],[109.485131,42.449296],[106.767829,42.286619],[104.97383,41.586145],[104.504918,41.656554],[104.500784,41.870598],[103.691427,41.759235],[102.034164,42.18461],[101.524945,42.537456],[96.357767,42.724499],[95.318967,44.017108],[95.397722,44.280502],[93.525278,44.951263],[90.873243,45.186184],[90.651138,45.493142],[91.047496,46.566409],[90.3448,47.658642],[88.635809,48.175846],[87.735709,48.886733],[88.174752,49.443857],[89.160738,49.502716],[89.702411,49.719964],[89.667684,49.92729],[92.360905,50.868369],[94.25867,50.557535],[94.603455,50.019739],[97.343339,49.734175],[98.262457,50.283805],[97.80636,51.001126],[98.886398,52.128551],[102.074679,51.374824],[102.302933,50.563892],[103.276776,50.197557],[105.32864,50.476455],[106.656518,50.327007],[107.946517,49.933491],[107.927448,49.670044],[108.538057,49.32743],[110.731359,49.137674],[112.777126,49.501372],[114.286285,50.276881],[116.684278,49.823265]]]}},{"type":"Feature","properties":{"ISO3166-1-Alpha-3":"RUS"},"geometry":{"type":"MultiPolygon","coordinates":[[[[87.816324,49.165837],[87.024538,49.248933],[86.591799,49.587207],[86.748379,49.782957],[86.177251,49.463339],[85.223614,49.595734],[84.986729,50.066971],[84.249978,50.259931],[83.950565,50.780416],[83.433956,50.992651],[81.460226,50.730341],[81.051517,50.955702],[81.152028,51.186541],[80.682754,51.302012],[80.021296,50.766877],[77.866802,53.272331],[76.495206,53.992313],[76.376661,54.154267],[76.895905,54.46386],[74.772004,53.830876],[74.388358,53.462216],[73.90415,53.639156],[73.41095,53.430021],[73.229669,53.66241],[73.740646,54.057942],[72.624228,54.134991],[72.392201,53.908235],[72.482945,54.135611],[72.043178,54.378026],[72.17764,54.135973],[71.161268,54.10197],[70.970841,54.305007],[71.264673,54.661729],[70.820359,55.294145],[70.213678,55.131985],[68.927296,55.433723],[68.166051,54.95613],[65.449782,54.627468],[65.184217,54.310433],[63.156744,54.180053],[62.525258,53.871855],[60.996101,53.941411],[61.199086,53.797131],[60.880242,53.6328],[61.555343,53.505727],[61.162706,53.299151],[62.094173,52.992477],[60.974603,52.971238],[60.672606,52.672161],[61.039922,52.334998],[59.985723,51.952282],[61.473798,51.425803],[61.663657,51.258397],[61.372098,50.782483],[60.021276,50.854055],[59.522806,50.474646],[58.308409,51.150031],[57.467634,50.858499],[56.47834,51.073034],[55.659992,50.530043],[54.638246,51.027687],[54.499443,50.523274],[54.478566,50.853486],[53.407313,51.484171],[52.545815,51.459522],[52.307794,51.774541],[51.304238,51.47164],[50.767009,51.7594],[50.325383,51.303459],[48.56828,50.636549],[48.784598,49.933387],[48.239308,49.864761],[47.469795,50.411756],[46.899907,49.820319],[46.775108,49.332545],[47.040002,49.150334],[46.478279,48.41056],[47.098913,48.265375],[47.359672,47.683344],[48.174351,47.712851],[49.00629,46.76911],[48.455109,46.660796],[48.539393,46.56796],[48.917975,46.474322],[49.306,46.263129],[48.626964,46.087307],[48.752208,45.965562],[48.716319,45.813544],[47.560069,45.771552],[47.653656,45.559068],[47.503429,45.717353],[47.384776,45.75019],[47.572113,45.566962],[47.370128,45.185614],[46.680431,44.528469],[47.245942,44.211982],[47.404307,43.511379],[47.544444,43.86522],[47.701508,43.874498],[47.461925,43.020819],[48.578949,41.845282],[47.871114,41.208183],[47.268411,41.302803],[45.122961,42.702278],[43.939726,42.55221],[42.829768,43.168761],[40.23313,43.575765],[39.962576,43.392646],[38.758311,44.273627],[36.577322,45.194159],[36.961681,45.282945],[36.668142,45.326361],[36.833263,45.44302],[37.729259,45.301663],[37.595063,45.635321],[37.940115,46.020331],[38.039561,45.816067],[38.167491,46.12051],[38.559906,46.03266],[37.730724,46.670111],[38.57545,46.653795],[38.414724,46.833319],[39.388682,47.11518],[38.216645,47.103258],[38.190568,47.316906],[38.830942,47.848243],[39.759051,47.832947],[39.993248,48.27323],[39.63172,48.586906],[40.053813,48.869215],[39.681123,49.020316],[40.141663,49.245781],[40.130708,49.579817],[38.299915,50.060511],[38.000398,49.899798],[37.415214,50.431858],[36.594386,50.20443],[35.611397,50.351708],[35.078716,51.207625],[34.185954,51.248914],[34.089113,51.666615],[34.41271,51.777693],[33.804065,52.354609],[31.764345,52.100568],[31.247064,53.014388],[32.201114,53.097561],[32.719532,53.439478],[31.744656,53.794857],[31.822636,54.053446],[30.770607,54.786011],[31.005632,55.022999],[30.912821,55.571596],[28.289828,56.046606],[27.913521,56.82015],[27.62837,56.844154],[27.840295,57.290639],[27.328027,57.583153],[27.799316,57.861069],[27.410606,58.754864],[28.181825,59.356068],[28.007009,59.758246],[30.246104,59.974921],[28.616954,60.381985],[28.438975,60.559882],[28.70281,60.461168],[28.69044,60.738471],[27.794119,60.533189],[31.569525,62.905929],[29.980785,63.741537],[30.558475,64.219699],[29.633622,64.90715],[29.850198,65.121504],[29.580085,65.235399],[29.702869,65.62938],[30.111733,65.712011],[29.051539,66.907803],[30.009413,67.685844],[28.690321,68.183178],[28.447907,68.52972],[28.801477,68.835489],[28.410234,68.898535],[30.119071,69.634562],[31.810557,69.68773],[32.054454,69.963772],[33.133311,69.728664],[32.111664,69.752875],[32.016124,69.564195],[32.501964,69.517035],[32.193614,69.434516],[33.523692,69.42829],[33.235118,69.270006],[33.5442,69.208564],[33.060557,69.083319],[33.023448,68.954739],[33.064301,69.057766],[33.426606,69.104682],[33.723969,69.336819],[35.873546,69.194892],[41.039887,67.677802],[41.390391,67.124905],[41.178071,66.809556],[40.084972,66.288764],[38.554373,66.054999],[34.480154,66.537584],[32.929942,67.100002],[32.382579,67.159654],[31.850922,67.152818],[33.324474,66.645738],[32.901378,66.574774],[33.259613,66.618394],[33.536794,66.535875],[33.192719,66.578803],[32.940929,66.528469],[33.735362,66.426011],[33.310802,66.316799],[34.852387,65.900336],[34.681895,65.453355],[34.297048,65.385077],[35.009031,64.743184],[34.743337,64.555854],[37.534362,63.800858],[38.073741,64.017401],[38.020193,64.308539],[37.121501,64.39474],[36.439952,64.91706],[37.007677,65.172977],[38.385021,64.844627],[38.048106,64.645941],[38.448031,64.817878],[39.566524,64.545268],[40.5171,64.541449],[40.517345,64.774115],[39.749278,65.552069],[42.200938,66.532172],[43.302094,66.426011],[43.692638,66.237209],[43.288341,66.090237],[43.352794,66.04149],[43.836436,66.185777],[44.179698,65.864325],[44.096365,66.261949],[44.521658,66.91942],[43.766699,67.277689],[44.411794,68.063422],[43.317154,68.666612],[45.582137,68.514198],[46.534923,68.132554],[46.698253,67.816474],[45.350434,67.730414],[44.91212,67.371975],[46.025157,66.833401],[46.597911,66.857978],[46.406749,66.746161],[47.581391,66.869859],[47.845714,67.600898],[49.1067,67.639472],[48.585948,67.934272],[52.177094,68.582424],[52.402029,68.337714],[52.731293,68.474189],[52.328461,68.63345],[53.878591,68.974107],[54.56129,68.999701],[53.5949,68.906928],[54.026215,68.845445],[53.72047,68.656928],[53.944347,68.405992],[53.210704,68.269355],[54.831879,68.173285],[55.392914,68.564276],[57.329845,68.564765],[58.878754,69.003119],[59.423025,68.757025],[59.087087,68.416897],[59.674815,68.336168],[59.963878,68.46601],[59.811209,68.687934],[60.968761,68.906928],[60.138845,69.577867],[60.926606,69.867499],[64.127615,69.550116],[65.004405,69.304145],[64.831065,69.29442],[64.785899,69.147121],[67.090099,68.855658],[67.039724,68.797065],[67.1963,68.707343],[68.134939,68.423407],[68.288097,68.1883],[69.218923,68.962144],[68.458018,68.984565],[68.026215,69.319403],[68.106619,69.548733],[67.017263,69.70307],[66.795746,69.586168],[66.884776,70.012885],[67.143321,69.98314],[67.327647,70.106024],[67.094249,70.220893],[67.334483,70.757799],[66.688731,70.769843],[66.889496,71.078681],[66.620453,71.057847],[68.348806,71.675198],[69.35377,72.952582],[71.563243,72.915961],[72.836925,72.709906],[72.874278,72.281073],[71.803396,71.480292],[72.836925,70.859605],[72.771332,70.425238],[72.435557,70.285875],[72.691661,69.836859],[72.577403,68.940375],[73.539073,68.581],[73.646251,68.457831],[73.090831,68.21426],[73.114268,67.690375],[72.581309,67.620185],[71.747569,66.916083],[71.301931,66.953559],[71.576915,66.658759],[70.68865,66.515367],[70.295177,66.638251],[70.679942,66.71601],[70.723399,66.761786],[70.315684,66.679877],[69.897797,66.871649],[68.965017,66.809556],[69.902843,66.415473],[72.075694,66.235826],[72.473806,66.610989],[73.869151,67.00141],[73.899587,67.29621],[74.730317,67.686265],[74.725434,68.152411],[74.331554,68.385565],[74.62794,68.774604],[76.582367,68.975165],[77.325694,68.523342],[77.079845,67.790351],[77.693044,67.545315],[79.052501,67.570543],[77.494151,67.751288],[77.536957,68.128607],[78.172618,68.274359],[77.646983,68.911119],[76.042003,69.239081],[73.7588,69.169379],[73.899587,69.420844],[73.515961,69.746405],[74.317882,70.667792],[73.022472,71.428778],[73.52589,71.822211],[74.994884,72.137844],[75.058849,72.595038],[74.75115,72.820014],[75.708181,72.565863],[75.742442,72.26553],[75.253673,71.942206],[75.532888,71.542304],[75.263031,71.365546],[76.914236,71.072455],[78.411388,70.895453],[79.039561,70.937323],[79.114513,71.004218],[78.442393,70.914252],[78.278982,71.258938],[76.272309,71.572903],[75.996837,71.907904],[78.109548,71.880439],[77.985606,72.109524],[77.377208,72.110175],[78.497569,72.408189],[80.834646,72.083319],[80.632335,72.046088],[81.736664,71.699897],[83.25172,71.725653],[83.047862,71.415107],[82.272634,71.278795],[82.417247,70.777045],[82.082042,70.565375],[82.348888,70.202297],[82.157237,70.571601],[82.901622,71.001044],[83.137218,70.763983],[82.643809,70.18122],[83.111095,70.069485],[82.951671,70.325141],[83.774669,70.47663],[83.116059,71.113471],[83.618907,71.631171],[82.19809,72.281562],[80.704112,72.545356],[80.814301,72.97427],[80.23113,73.175971],[80.563487,73.221503],[80.254893,73.329739],[80.51295,73.567043],[87.080089,73.871527],[85.786794,73.48078],[85.833181,73.331773],[86.782481,73.000881],[85.844005,73.439846],[87.164806,73.611396],[87.664073,73.890855],[85.905528,74.354682],[87.26238,74.354682],[86.535492,74.512356],[86.782481,74.560736],[85.740408,74.635891],[86.090587,74.820787],[86.95753,74.608832],[86.762055,74.704088],[87.385753,74.944322],[87.172862,74.985297],[87.789887,75.026272],[87.024587,75.164211],[87.952647,75.100043],[89.245779,75.506741],[89.703624,75.443508],[89.954112,75.577623],[91.580251,75.637763],[91.700206,75.736396],[92.371349,75.740465],[93.549815,75.853013],[94.163097,75.944281],[92.826834,75.965399],[93.998709,76.054145],[93.685802,76.13227],[96.664561,75.965399],[96.461436,75.871894],[98.816417,76.267035],[99.754893,76.049018],[99.570649,75.779731],[99.865733,76.107652],[98.817882,76.494208],[102.249522,76.383124],[100.878266,76.554999],[101.23463,76.767279],[100.857677,76.873236],[102.075694,77.391181],[104.290294,77.737535],[106.292003,77.370022],[104.141938,77.088853],[107.499766,76.924506],[106.417003,76.509223],[111.090343,76.762274],[112.199067,76.471869],[111.829112,76.341498],[112.747813,76.335273],[112.500743,76.239081],[112.857677,76.1435],[112.569672,76.047309],[113.259288,76.266425],[113.480805,75.855536],[113.890147,75.85399],[113.555919,75.540229],[113.617442,75.656236],[113.067556,75.683498],[113.137543,75.711493],[112.559093,75.851304],[112.336925,75.84809],[113.72047,75.409857],[111.772309,74.668524],[109.561209,74.313707],[109.979503,74.296332],[108.06658,73.635321],[107.146821,73.617662],[105.073009,72.765082],[107.103263,72.856406],[106.175629,73.094387],[110.924815,73.704169],[109.531098,73.775295],[110.021495,74.014472],[111.536469,74.051174],[111.198497,73.977932],[112.371837,73.705308],[112.945323,73.790473],[112.846934,73.994534],[113.427908,73.633979],[113.131358,73.449693],[113.498302,73.335883],[113.487071,72.96369],[113.117686,72.860663],[113.177257,72.732978],[113.497244,72.64525],[114.090343,72.600653],[113.158214,72.822699],[113.542247,72.977362],[113.562348,73.253404],[114.035818,73.347317],[113.466563,73.50495],[118.450206,73.588772],[118.997569,73.49136],[118.467133,73.478095],[118.394216,73.238023],[119.722504,72.95893],[122.732188,72.826565],[122.308279,72.941352],[123.234548,72.934719],[123.670665,73.203315],[123.21811,73.408759],[123.36964,73.662665],[124.383067,73.806383],[125.562511,73.408759],[126.288097,73.557278],[126.158458,73.381496],[126.565196,73.233466],[127.050466,73.549018],[129.443508,73.028944],[128.290782,72.908637],[128.129242,72.786078],[129.198416,72.655178],[128.479177,72.724555],[127.905447,72.667141],[128.611339,72.482733],[129.258311,72.463935],[129.564138,72.230658],[129.241954,72.134467],[129.489024,72.127631],[128.934093,72.072984],[127.665782,72.43008],[128.926606,71.738756],[129.18393,71.809272],[129.041189,72.018785],[129.543712,71.722968],[128.820486,71.658108],[129.626231,71.086127],[131.042003,70.738756],[132.188324,71.215888],[131.941905,71.267401],[132.717784,71.946234],[133.066274,71.971291],[133.341361,71.886265],[132.715099,71.810696],[133.151622,71.579169],[134.66863,71.264309],[135.621593,71.623114],[137.812999,71.119615],[138.362966,71.318915],[137.828624,71.387152],[138.098643,71.581448],[140.033214,71.472113],[139.809255,71.860785],[139.336192,71.94953],[140.197113,72.213813],[139.094005,72.248236],[141.11085,72.586982],[140.725841,72.898627],[146.854015,72.354193],[144.105479,72.277899],[144.415538,72.175035],[145.068696,72.26435],[146.92921,72.312649],[145.972504,71.856269],[146.346934,72.127631],[145.613292,72.24433],[145.805675,71.929023],[144.970958,71.980292],[145.215994,71.843329],[144.886404,71.771389],[144.89324,71.675198],[146.036306,71.786363],[147.195567,72.329901],[149.611339,72.148383],[150.074229,71.894232],[148.827159,71.675198],[150.670665,71.49018],[150.046723,71.209662],[151.591156,71.310248],[152.136729,71.017279],[151.681488,70.975898],[152.540782,70.791327],[155.936371,71.099351],[159.237804,70.829291],[160.094249,70.309882],[159.68865,70.133979],[159.914561,70.098578],[159.769054,69.76203],[161.006358,69.577338],[160.962901,69.105536],[161.415375,68.982001],[160.821056,68.527411],[161.574067,68.921129],[161.415375,69.331448],[161.702647,69.495917],[164.027029,69.77383],[166.893809,69.495917],[167.802013,69.775214],[168.288259,69.242662],[170.625173,68.748603],[170.449229,68.863471],[171.159434,69.044094],[170.60613,69.589789],[170.160733,69.613367],[170.591776,69.764725],[170.481619,70.142035],[173.198009,69.783433],[176.127615,69.893785],[180.0,68.98105],[180.0,65.06619],[178.561534,64.591539],[178.75587,64.682196],[177.625011,64.72016],[176.93686,65.082831],[176.306326,65.055487],[177.300059,64.82274],[176.045665,64.962795],[174.441742,64.69245],[176.082367,64.918931],[176.423676,64.709621],[176.145274,64.62759],[176.114513,64.590033],[176.114268,64.541938],[177.491873,64.767524],[177.453624,64.42064],[178.183849,64.205797],[178.200043,64.440172],[178.588634,64.035102],[178.382579,63.973049],[178.64324,64.000963],[178.759288,63.622992],[178.268809,63.565416],[178.698985,63.385688],[178.777029,63.59516],[179.005544,63.321357],[178.809337,63.350491],[179.386485,63.1612],[179.241954,63.006496],[179.562999,62.624742],[179.073578,62.287177],[177.306814,62.582099],[177.457774,62.814846],[176.992198,62.869452],[176.927908,62.672919],[177.26588,62.588324],[172.715587,61.430732],[172.955089,61.314032],[170.51588,60.450629],[170.66212,60.332017],[170.265147,59.920356],[169.214366,60.62873],[167.024913,60.42768],[166.245128,59.830634],[166.373302,60.499457],[164.999278,60.135321],[165.212087,59.99136],[164.838634,59.787421],[164.488536,60.111029],[164.19044,59.854193],[164.204845,59.997504],[163.628673,60.046576],[163.180186,59.558254],[163.261869,59.08083],[162.88266,59.132799],[163.068549,58.968053],[161.993228,58.087392],[162.354503,57.688544],[162.689952,57.969713],[163.32951,57.708945],[162.800196,57.346434],[162.7835,56.763029],[163.238969,56.733021],[163.366069,56.180659],[163.051208,56.005404],[162.556814,56.228502],[163.116052,56.500504],[163.020133,56.537641],[162.414042,56.38387],[162.59254,56.26849],[162.056752,56.069135],[161.764131,55.554846],[162.127609,54.760405],[160.052989,54.175727],[159.791026,53.516303],[160.058604,53.097357],[159.825043,53.282945],[158.708669,52.891791],[158.437836,53.025336],[158.647146,52.899359],[158.286876,51.967515],[156.669988,50.863917],[156.446625,52.51142],[156.111196,52.93542],[155.551177,55.284205],[155.946544,56.621894],[157.001288,57.425505],[156.749034,57.72956],[158.338227,57.95303],[161.938555,60.416788],[163.75104,60.883058],[163.487303,61.001664],[164.028819,61.346625],[163.751475,61.443305],[164.127194,62.262379],[165.65089,62.459174],[163.398934,62.575902],[162.976734,61.79957],[163.326549,61.657856],[162.417247,61.675849],[160.185933,60.578406],[160.444215,61.03622],[159.797539,60.931103],[160.000141,61.106118],[159.775618,61.242206],[160.28514,61.554107],[160.345714,61.944729],[159.577213,61.652771],[159.117796,61.91666],[157.027599,61.65058],[155.913621,60.703583],[154.22077,59.86962],[154.368251,59.574686],[154.138438,59.456977],[154.962901,59.49608],[155.194102,59.175767],[153.369151,59.241278],[152.899913,58.903632],[152.363292,59.059719],[151.353665,58.832562],[151.08805,59.10202],[152.322238,59.207409],[151.396057,59.604163],[150.779912,59.432263],[149.375255,59.772203],[149.040701,59.64289],[149.212087,59.469143],[148.743429,59.471578],[148.934522,59.233273],[143.164806,59.381008],[140.904307,58.382758],[140.495728,57.844774],[138.454448,56.839337],[138.223477,56.42416],[135.17335,54.821275],[135.750173,54.57095],[136.823497,54.647528],[136.775157,53.773098],[137.18572,53.85106],[137.061371,54.145697],[137.73585,54.32099],[137.307872,54.118354],[137.862804,53.967597],[137.335134,53.529364],[138.578624,53.999335],[138.215587,53.491767],[138.43922,53.513658],[138.771821,54.01557],[138.643565,54.297187],[139.767589,54.303941],[141.407481,53.303778],[141.188813,52.987494],[140.706716,53.111029],[141.26059,52.85224],[141.128184,52.422919],[141.555837,52.162299],[140.68629,51.312812],[140.442149,50.530097],[140.690929,50.080268],[140.415212,49.874579],[140.560802,49.575385],[140.177013,48.461819],[135.139903,43.508368],[133.157725,42.688422],[132.763438,42.908149],[132.404389,42.942288],[132.311534,42.845445],[132.345795,43.297919],[131.929942,43.069566],[132.052013,43.314765],[131.826671,43.337958],[131.219547,42.554712],[130.65667,42.66408],[130.872895,42.527655],[130.703603,42.295241],[130.379669,42.696671],[131.103036,42.910431],[131.280906,43.380221],[130.933434,44.841708],[131.853068,45.337596],[133.09878,45.10779],[133.902452,46.258986],[134.183571,47.3275],[134.772579,47.710732],[134.559362,48.009525],[134.718733,48.263412],[133.091958,48.10678],[132.524655,47.707528],[130.96568,47.703937],[130.529738,48.616258],[130.674328,48.870817],[130.201799,48.882599],[129.480603,49.421274],[127.538654,49.789934],[127.590641,50.208719],[126.088045,52.77541],[123.614294,53.563347],[120.874255,53.28016],[120.032962,52.760657],[120.72398,52.542169],[120.705789,51.979955],[120.100452,51.659949],[119.137565,50.392532],[119.31621,50.092654],[117.873766,49.513206],[114.286285,50.276881],[112.777126,49.501372],[110.731359,49.137674],[108.538057,49.32743],[107.927448,49.670044],[107.946517,49.933491],[106.656518,50.327007],[105.32864,50.476455],[103.276776,50.197557],[102.302933,50.563892],[102.074679,51.374824],[98.927636,52.129584],[97.80636,51.001126],[98.262457,50.283805],[97.343339,49.734175],[94.603455,50.019739],[94.25867,50.557535],[92.360905,50.868369],[87.816324,49.165837]]],[[[22.76722,54.35627],[19.680276,54.436678],[19.609548,54.456732],[19.976736,54.964586],[20.924569,55.282658],[20.530935,54.964667],[21.090668,54.901557],[21.37485,55.28996],[22.580668,55.057622],[22.844321,54.832261],[22.76722,54.35627]]],[[[33.628517,46.124935],[34.688637,45.974015],[35.480724,45.297797],[35.833263,45.470893],[36.638357,45.351264],[36.440115,45.06745],[35.506196,45.113511],[33.720958,44.399644],[33.372325,44.576483],[33.537446,45.117377],[32.481619,45.408881],[33.691661,45.860745],[33.628517,46.124935]]],[[[-180.0,65.066229],[-180.0,68.98237],[-178.844813,68.752361],[-178.073679,68.259263],[-177.704701,68.34455],[-178.375071,68.55744],[-175.920725,67.85102],[-176.205792,67.645152],[-175.265529,67.658555],[-175.12677,67.49989],[-175.366883,67.357789],[-174.756436,67.303237],[-174.907608,67.037385],[-174.68782,66.732417],[-174.971335,66.665413],[-174.435663,66.531545],[-174.4635,66.279748],[-173.69113,66.439099],[-174.26395,66.565876],[-173.930551,66.667627],[-174.026214,66.961111],[-174.612,67.061414],[-173.646469,67.115615],[-173.07126,67.044233],[-173.272159,67.051951],[-173.302542,66.822105],[-172.362487,66.933213],[-172.986344,67.039175],[-171.718517,66.950777],[-170.385193,66.316532],[-170.625681,66.234809],[-169.641384,66.068327],[-170.606313,65.861314],[-170.588166,65.604566],[-171.463265,65.83259],[-171.038654,65.466987],[-172.859609,65.699856],[-172.093403,65.483571],[-172.188539,65.24245],[-172.701975,65.247626],[-172.080093,65.075905],[-173.164116,64.764603],[-172.220244,64.407338],[-172.883346,64.494711],[-173.106265,64.24098],[-173.41454,64.616645],[-173.635434,64.332231],[-174.653223,64.897901],[-175.411452,64.771264],[-176.044057,65.452094],[-178.461101,65.472741],[-178.424235,65.712879],[-178.978383,66.049262],[-178.684256,66.012572],[-178.477124,66.382762],[-179.692983,66.183905],[-179.766672,65.81981],[-179.26051,65.532179],[-180.0,65.066229]]],[[[180.0,71.53642],[179.80698,70.913097],[178.793305,70.804999],[178.622732,71.037746],[180.0,71.53642]]],[[[-180.0,70.99201],[-180.0,71.536688],[-179.735951,71.586412],[-177.44343,71.237006],[-180.0,70.99201]]],[[[131.826508,43.065172],[131.883311,42.960761],[131.757009,42.990058],[131.826508,43.065172]]],[[[142.282563,54.303941],[142.635102,54.266059],[142.723155,54.425605],[143.01295,54.119086],[142.851817,53.871975],[143.360525,52.871405],[143.118663,52.337795],[143.224132,51.522162],[143.447765,51.508368],[143.790294,50.309231],[144.756602,48.643256],[144.057872,49.253404],[143.258637,49.393378],[143.666759,49.314887],[143.0088,49.123033],[142.545258,47.766669],[143.625743,46.374701],[143.430512,46.025214],[143.368663,46.555487],[142.618419,46.718573],[142.085297,45.900824],[141.81422,46.538398],[142.191091,47.966742],[141.857432,48.774237],[142.269216,51.112413],[141.686778,51.747301],[141.641856,52.318183],[141.928396,53.020657],[141.768809,53.371649],[142.455333,53.380276],[142.804454,53.706977],[142.282563,54.303941]]],[[[28.604503,60.645006],[28.575531,60.58039],[28.561046,60.629462],[28.604503,60.645006]]],[[[-172.461344,64.827595],[-172.043356,64.751183],[-172.633193,64.684439],[-172.461344,64.827595]]],[[[70.049815,66.70893],[69.870616,66.477851],[69.130707,66.796576],[70.049815,66.70893]]],[[[51.171723,68.501451],[51.498302,68.488593],[50.792491,68.379299],[51.171723,68.501451]]],[[[55.239757,68.927395],[55.506602,68.913764],[55.225434,68.913764],[55.239757,68.927395]]],[[[54.628917,69.005845],[54.697927,68.982001],[54.570811,68.964057],[54.628917,69.005845]]],[[[161.487071,69.026679],[161.134776,69.091864],[161.092459,69.464789],[161.374522,69.545885],[161.319102,69.242662],[161.487071,69.026679]]],[[[161.475108,69.638007],[161.615733,69.450385],[161.360688,69.414008],[161.475108,69.638007]]],[[[71.249522,73.417873],[71.34254,73.331366],[71.137462,73.29267],[71.249522,73.417873]]],[[[51.409516,71.806138],[51.610037,72.091702],[52.868175,72.346747],[52.680024,72.478746],[53.102061,72.600653],[52.754893,72.638373],[53.21811,72.648424],[52.375255,72.730373],[53.382009,72.888617],[53.141938,72.96247],[53.32252,73.220852],[54.190766,73.272203],[54.934825,73.42536],[55.30421,73.339342],[56.435232,73.230129],[55.80836,73.066107],[56.377208,73.006659],[55.616466,72.96369],[56.2199,72.826565],[55.480724,72.805813],[55.946056,72.668891],[55.115571,72.450385],[55.574962,72.199652],[55.225434,71.929023],[56.105724,71.258979],[57.638682,70.729885],[55.162608,70.553127],[53.539724,70.804999],[53.300141,70.8664],[53.704763,70.845933],[53.50172,71.094428],[54.243988,71.12287],[53.450938,71.264309],[53.951182,71.462226],[51.840343,71.456041],[51.409516,71.806138]]],[[[127.404796,73.518622],[127.690929,73.542873],[128.063324,73.49136],[127.775076,73.49258],[127.404796,73.518622]]],[[[86.509613,73.641832],[86.783946,73.608222],[86.398936,73.594387],[86.509613,73.641832]]],[[[96.747732,76.030992],[97.334809,76.10871],[96.698578,75.995795],[96.747732,76.030992]]],[[[95.101573,76.225409],[95.197276,76.164008],[95.006033,76.17768],[95.101573,76.225409]]],[[[94.778656,76.210924],[94.848888,76.186103],[94.410167,76.212388],[94.778656,76.210924]]],[[[96.383311,76.335273],[96.72462,76.346381],[96.766938,76.335273],[96.383311,76.335273]]],[[[97.07545,76.30801],[97.04127,76.239081],[96.760916,76.176418],[96.715994,76.208686],[96.854015,76.355658],[97.07545,76.30801]]],[[[93.944102,76.616441],[94.362315,76.574897],[93.868337,76.588568],[93.944102,76.616441]]],[[[95.122081,76.718899],[95.327485,76.664252],[94.817638,76.653998],[95.122081,76.718899]]],[[[56.98699,74.690497],[55.832693,74.800035],[56.678477,74.948676],[55.726329,75.081488],[57.741059,75.327867],[57.500824,75.499213],[60.734711,76.005357],[61.076915,76.279975],[64.090831,76.312812],[67.588064,77.013373],[69.033946,76.712063],[68.287934,76.281317],[61.276622,75.327867],[59.927257,75.005805],[60.687511,74.923814],[60.276378,74.749661],[59.5088,74.79975],[59.755219,74.58747],[59.090505,74.738267],[59.145763,74.444037],[58.186778,74.581244],[58.728038,74.238593],[58.123302,73.986721],[57.531749,74.19184],[57.260753,74.080308],[57.911876,73.915839],[57.748709,73.72602],[57.395356,73.845526],[56.555675,73.888577],[57.617524,73.66885],[56.735118,73.680243],[57.253917,73.45718],[56.729828,73.244534],[55.917491,73.448391],[55.924001,73.311998],[54.900076,73.448391],[54.250011,73.328274],[54.033051,73.374661],[55.34962,73.717231],[53.631114,73.759589],[55.018891,74.173],[55.864431,74.105943],[55.075857,74.265937],[56.287364,74.491685],[55.529552,74.654853],[56.98699,74.690497]]],[[[93.920874,78.157024],[93.62908,78.15705],[93.592914,78.172398],[93.920874,78.157024]]],[[[92.21339,79.139553],[92.724376,79.07685],[92.175629,79.130845],[92.21339,79.139553]]],[[[92.990571,79.419501],[92.79184,79.383246],[92.58725,79.415107],[92.79127,79.440009],[92.990571,79.419501]]],[[[91.784679,79.419501],[92.470551,79.432563],[92.243826,79.38231],[91.784679,79.419501]]],[[[91.144216,79.53734],[91.531261,79.449286],[90.793793,79.563544],[91.144216,79.53734]]],[[[99.982921,79.697903],[100.309825,79.665961],[99.905772,79.603827],[99.982921,79.697903]]],[[[93.984386,80.015367],[94.154145,79.983344],[93.929861,79.974433],[93.984386,80.015367]]],[[[146.131684,43.540839],[146.151866,43.462795],[146.079356,43.517646],[146.131684,43.540839]]],[[[146.604666,43.80858],[146.914561,43.80272],[146.602224,43.73607],[146.604666,43.80858]]],[[[146.469249,44.428778],[145.556163,43.652655],[145.443126,43.724514],[146.119314,44.506049],[146.469249,44.428778]]],[[[148.799164,45.415676],[147.653801,44.994851],[146.861796,44.445337],[147.939952,45.426256],[148.799164,45.415676]]],[[[149.667328,45.853217],[150.56935,46.231758],[149.436697,45.586982],[149.667328,45.853217]]],[[[151.712169,46.806627],[152.294932,47.142483],[151.850601,46.790473],[151.712169,46.806627]]],[[[152.42628,47.38349],[152.524444,47.298646],[152.413154,47.340671],[152.42628,47.38349]]],[[[152.970189,47.75157],[153.068819,47.743296],[152.978254,47.684333],[152.970189,47.75157]]],[[[153.214727,48.125725],[153.233301,48.039809],[153.164556,48.121415],[153.214727,48.125725]]],[[[154.119477,48.899604],[154.056407,48.737779],[153.973318,48.739488],[154.119477,48.899604]]],[[[153.91505,48.982489],[153.960704,48.926703],[153.90211,48.956488],[153.91505,48.982489]]],[[[154.457042,49.171454],[154.511729,49.080227],[154.439464,49.157172],[154.457042,49.171454]]],[[[154.373904,49.778467],[154.491338,49.783252],[154.411917,49.733096],[154.373904,49.778467]]],[[[156.125255,50.637519],[155.884939,50.25373],[155.216563,50.067084],[155.201915,50.293524],[156.125255,50.637519]]],[[[156.46046,50.873725],[156.405772,50.630113],[156.180024,50.688422],[156.199392,50.780504],[156.46046,50.873725]]],[[[155.672862,50.870307],[155.467621,50.852484],[155.474132,50.92182],[155.672862,50.870307]]],[[[142.540701,54.297797],[142.587169,54.3133],[142.604177,54.310207],[142.540701,54.297797]]],[[[137.716482,54.392157],[137.917979,54.509426],[137.715099,54.367174],[137.716482,54.392157]]],[[[137.546723,54.516262],[137.641124,54.400458],[137.568126,54.396633],[137.546723,54.516262]]],[[[167.73406,54.762641],[168.110362,54.503485],[167.439138,54.866278],[167.73406,54.762641]]],[[[137.171235,55.119534],[137.074962,54.933173],[136.670421,54.907294],[136.809255,55.018052],[137.171235,55.119534]]],[[[138.046723,55.058051],[137.718923,54.624335],[137.225922,54.777818],[137.567882,55.194648],[138.046723,55.058051]]],[[[166.664399,54.756415],[166.356456,54.839545],[165.74643,55.297065],[166.253673,55.331855],[166.664399,54.756415]]],[[[150.69853,59.140446],[150.7828,59.090864],[150.472076,59.004153],[150.69853,59.140446]]],[[[164.7069,58.976828],[163.490019,58.444503],[163.412854,58.535369],[163.749283,59.01896],[164.558116,59.239691],[164.7069,58.976828]]],[[[155.509036,59.320148],[155.566932,59.340424],[155.600049,59.319429],[155.509036,59.320148]]],[[[29.713552,60.021877],[29.786876,59.975084],[29.6574,60.025458],[29.713552,60.021877]]],[[[27.820079,60.030829],[27.820486,59.982733],[27.802582,59.999335],[27.820079,60.030829]]],[[[26.964122,60.099433],[26.984711,60.017727],[26.950043,60.099555],[26.964122,60.099433]]],[[[28.580333,60.348944],[28.624197,60.270209],[28.541352,60.347357],[28.580333,60.348944]]],[[[28.484874,60.361884],[28.503673,60.311021],[28.425548,60.360785],[28.484874,60.361884]]],[[[35.856781,64.387356],[36.031261,64.373114],[36.044932,64.360338],[35.856781,64.387356]]],[[[35.78645,65.165106],[35.74466,64.961551],[35.506113,65.121288],[35.78645,65.165106]]],[[[-169.076527,65.755072],[-169.063222,65.828192],[-168.994618,65.815863],[-169.076527,65.755072]]],[[[42.504491,66.777906],[42.668029,66.666691],[42.4265,66.752009],[42.504491,66.777906]]],[[[32.35613,67.139065],[32.393728,67.100328],[32.337657,67.124905],[32.35613,67.139065]]],[[[59.150727,69.254625],[59.24464,69.145697],[58.762055,69.338935],[59.150727,69.254625]]],[[[33.975597,69.369615],[34.215831,69.407782],[34.406912,69.352525],[33.975597,69.369615]]],[[[50.323009,69.150539],[49.248546,68.779975],[48.219412,68.895657],[48.30421,69.276801],[48.906261,69.507961],[50.323009,69.150539]]],[[[169.446462,69.849107],[168.874522,69.567857],[167.753754,69.832343],[168.264659,70.024115],[169.446462,69.849107]]],[[[60.539806,69.818671],[59.563487,69.715033],[58.41212,70.260321],[58.824229,70.215888],[58.49464,70.331977],[59.023611,70.479804],[60.539806,69.818671]]],[[[56.843028,70.60635],[57.22169,70.526068],[57.06365,70.502427],[56.843028,70.60635]]],[[[162.345551,70.662055],[162.484141,70.65412],[162.237804,70.65412],[162.345551,70.662055]]],[[[161.530528,70.84162],[161.694591,70.750434],[161.463145,70.804999],[161.530528,70.84162]]],[[[160.674385,70.914211],[160.504066,70.805012],[160.40797,70.914252],[160.674385,70.914211]]],[[[53.231781,71.215888],[53.009776,70.968207],[52.211762,71.308092],[52.741059,71.405829],[53.231781,71.215888]]],[[[137.914236,71.558498],[137.69337,71.419379],[136.991873,71.517524],[137.218272,71.576239],[137.914236,71.558498]]],[[[78.279063,72.552191],[77.770763,72.304999],[76.852712,72.333075],[77.610199,72.634711],[78.279063,72.552191]]],[[[128.652517,72.675767],[128.974457,72.593817],[128.103689,72.634711],[128.652517,72.675767]]],[[[128.317149,72.812323],[128.994083,72.932471],[129.417139,72.812596],[129.207043,72.761895],[128.317149,72.812323]]],[[[79.173106,73.101386],[79.395274,72.704047],[78.584646,72.841864],[79.173106,73.101386]]],[[[74.093272,73.027777],[74.845225,73.093695],[74.961599,73.059963],[74.656261,72.858629],[74.093272,73.027777]]],[[[120.278575,73.100898],[119.720714,73.03384],[119.634451,73.12816],[120.021983,73.168118],[120.278575,73.100898]]],[[[76.184581,73.216986],[76.632579,73.131252],[76.133311,73.208319],[76.184581,73.216986]]],[[[70.980317,73.265367],[71.730236,73.034409],[69.874848,73.038275],[69.959321,73.39883],[70.469574,73.499213],[71.229177,73.464748],[70.980317,73.265367]]],[[[76.250743,73.554185],[76.754405,73.429877],[76.071951,73.525458],[76.250743,73.554185]]],[[[76.079356,73.559556],[75.900645,73.470852],[75.30421,73.408759],[76.079356,73.559556]]],[[[143.474946,73.320624],[143.174945,73.17658],[139.767088,73.418345],[142.045177,73.916571],[143.474946,73.320624]]],[[[124.381033,73.939399],[124.660655,73.891995],[124.287852,73.880927],[124.381033,73.939399]]],[[[84.418305,74.039984],[84.418305,73.970445],[83.884532,74.018866],[84.418305,74.039984]]],[[[83.180024,74.155178],[83.620128,74.090888],[82.814464,74.09398],[83.180024,74.155178]]],[[[82.398692,74.152899],[82.740001,74.101386],[82.317556,74.116848],[82.398692,74.152899]]],[[[136.010753,74.103461],[136.135265,73.879218],[135.354015,74.259101],[136.010753,74.103461]]],[[[141.09783,74.149237],[140.545095,73.915839],[140.164716,74.070638],[140.3499,74.254216],[141.09783,74.149237]]],[[[115.980724,74.377509],[116.052989,74.285224],[115.885753,74.323635],[115.980724,74.377509]]],[[[84.87086,74.505561],[84.54184,74.457099],[84.732758,74.395697],[84.386567,74.457668],[84.87086,74.505561]]],[[[113.405772,74.444037],[112.774913,74.08808],[111.459239,74.313707],[112.110118,74.551215],[113.405772,74.444037]]],[[[85.237478,74.575263],[85.630707,74.511298],[85.148123,74.537177],[85.237478,74.575263]]],[[[85.802989,74.574408],[86.207205,74.512356],[85.658458,74.471381],[85.802989,74.574408]]],[[[79.244314,74.658637],[79.490001,74.516913],[79.148692,74.607896],[79.244314,74.658637]]],[[[85.706228,74.731431],[85.09669,74.755601],[85.49586,74.81387],[85.706228,74.731431]]],[[[87.028982,74.991523],[86.68686,74.895941],[86.919607,74.81981],[86.21339,74.903388],[87.028982,74.991523]]],[[[82.08253,75.158026],[82.150401,75.09516],[82.026703,75.12873],[82.08253,75.158026]]],[[[82.170746,75.519721],[82.013031,75.177151],[81.492442,75.362047],[82.170746,75.519721]]],[[[150.827647,75.163398],[150.609223,74.8935],[149.208995,74.758002],[146.071788,75.240302],[146.436209,75.596747],[146.796723,75.36636],[150.827647,75.163398]]],[[[137.081309,75.568183],[136.967621,75.601793],[136.969819,75.609036],[137.081309,75.568183]]],[[[136.98463,75.621649],[137.139903,75.652818],[136.970225,75.609687],[136.98463,75.621649]]],[[[136.184337,75.615912],[135.983409,75.417182],[135.450043,75.375678],[135.693126,75.86933],[136.184337,75.615912]]],[[[81.627615,75.936754],[82.259044,75.875963],[81.553884,75.930609],[81.627615,75.936754]]],[[[83.27947,75.956285],[82.862315,75.917182],[82.259044,75.972235],[82.657481,75.998847],[83.27947,75.956285]]],[[[145.366222,75.540229],[143.998546,75.02497],[142.884451,75.146796],[142.494314,75.375678],[143.00115,75.707953],[142.337901,75.725653],[142.008311,75.622748],[142.439464,75.203111],[143.707774,74.947455],[139.652029,74.98078],[139.127208,74.652289],[137.895274,74.846177],[136.862153,75.362047],[137.422374,75.369818],[137.067638,75.725775],[137.742686,75.749091],[137.432953,75.953192],[138.43214,76.063381],[138.532725,76.186103],[139.048839,76.239081],[140.475841,75.640326],[141.062266,75.650092],[140.864431,75.738837],[141.000987,76.047431],[141.624685,76.013129],[141.310069,76.184475],[145.366222,75.540229]]],[[[96.644054,76.267035],[96.344737,76.105048],[95.266124,76.218573],[95.349946,76.288764],[96.644054,76.267035]]],[[[113.446625,76.369452],[113.137543,76.369452],[113.117686,76.376899],[113.446625,76.369452]]],[[[111.958832,76.6022],[112.367198,76.658149],[112.714122,76.520453],[112.567882,76.443508],[111.958832,76.6022]]],[[[96.232432,76.712063],[96.313487,76.622545],[95.889903,76.616441],[96.232432,76.712063]]],[[[95.417003,76.705268],[95.834727,76.691596],[95.528656,76.648749],[95.417003,76.705268]]],[[[97.4463,76.714748],[97.596202,76.6022],[97.288259,76.691596],[97.4463,76.714748]]],[[[149.453497,76.768779],[149.20009,76.626806],[148.431789,76.629326],[149.453497,76.768779]]],[[[96.527354,77.205512],[96.235037,76.990465],[95.231944,77.006293],[95.420665,77.055487],[96.527354,77.205512]]],[[[105.861827,77.254869],[105.90268,77.304023],[106.011485,77.287421],[105.861827,77.254869]]],[[[89.304373,77.307929],[89.81702,77.21059],[89.134613,77.217719],[89.304373,77.307929]]],[[[106.333018,77.321601],[106.408458,77.331],[106.456554,77.321601],[106.333018,77.321601]]],[[[107.395356,77.360256],[107.72169,77.269721],[107.204845,77.23432],[107.395356,77.360256]]],[[[106.943126,77.458726],[106.700938,77.383612],[106.52475,77.390448],[106.730317,77.470445],[106.943126,77.458726]]],[[[107.704112,78.137152],[107.45102,78.053168],[106.39503,78.130927],[107.337901,78.190741],[107.704112,78.137152]]],[[[106.765636,78.308498],[106.193858,78.193061],[105.990977,78.219143],[106.765636,78.308498]]],[[[105.415538,78.583441],[104.787364,78.336371],[99.268321,78.041571],[100.385265,78.751614],[101.166352,78.760972],[100.823741,78.808783],[100.907237,78.985093],[101.070079,79.034654],[101.591645,78.976996],[101.625662,78.986884],[100.988129,79.062649],[101.194184,79.202867],[102.302908,79.432807],[103.153168,79.309638],[102.379161,78.822455],[103.624278,79.17121],[105.415538,78.583441]]],[[[77.613617,79.521918],[76.696056,79.477607],[76.620616,79.54857],[76.174327,79.569078],[76.051443,79.648505],[77.613617,79.521918]]],[[[90.866547,80.062567],[93.813731,79.898668],[93.052094,79.715277],[91.921886,79.678941],[92.353282,79.734198],[90.866547,80.062567]]],[[[51.000987,80.102525],[51.505138,79.933417],[50.045258,79.974433],[51.000987,80.102525]]],[[[36.785899,80.139838],[36.652599,80.174872],[36.853689,80.151923],[36.785899,80.139838]]],[[[99.885997,79.04149],[97.442231,78.817206],[94.826671,79.066636],[94.312266,79.479193],[93.696951,79.459866],[93.882009,79.603827],[93.23585,79.438951],[92.854177,79.556098],[94.690115,79.816107],[94.22462,79.898668],[94.951996,80.104478],[97.592133,80.174872],[98.08961,80.056342],[97.19158,79.706936],[98.556977,80.058539],[100.022472,79.823554],[99.666677,79.312242],[99.034923,79.295966],[99.885997,79.04149]]],[[[50.335623,80.181586],[49.883149,80.069892],[49.531261,80.158759],[50.335623,80.181586]]],[[[56.329112,80.624905],[55.431651,80.71426],[56.946056,80.693793],[56.329112,80.624905]]],[[[48.764008,80.659613],[44.857432,80.617418],[47.536306,80.856676],[48.764008,80.659613]]],[[[62.221934,80.813218],[61.044607,80.405178],[59.221446,80.652777],[59.693858,80.837144],[62.221934,80.813218]]],[[[58.542735,80.754299],[57.815684,80.809882],[59.029063,80.824123],[58.542735,80.754299]]],[[[55.986501,80.803656],[54.87672,80.721137],[53.980317,80.81623],[55.986501,80.803656]]],[[[51.689301,80.727281],[48.839529,80.387844],[48.626964,80.295315],[49.107188,80.189521],[48.372406,80.091783],[46.618419,80.295315],[48.132986,80.326483],[47.379405,80.453559],[49.188243,80.52143],[49.681977,80.721137],[48.955333,80.734768],[50.237153,80.933498],[50.443044,80.906073],[49.997325,80.865058],[51.689301,80.727281]]],[[[79.210704,80.96133],[80.437185,80.940172],[78.97462,80.842597],[79.210704,80.96133]]],[[[58.653656,81.043769],[58.366954,80.94595],[57.840994,81.047675],[58.069509,81.111518],[58.653656,81.043769]]],[[[58.2824,80.9265],[56.896739,81.016099],[56.095551,81.09101],[58.2824,80.9265]]],[[[57.716075,80.793158],[54.417328,81.00845],[56.019216,81.043606],[57.716075,80.793158]]],[[[50.374278,81.022773],[50.347423,81.09101],[50.976817,81.105902],[50.374278,81.022773]]],[[[91.547211,81.153795],[91.186209,81.05683],[89.893891,81.17357],[90.071544,81.214545],[91.547211,81.153795]]],[[[95.776622,81.288804],[97.972911,80.721137],[97.130626,80.665839],[97.422862,80.326972],[97.187999,80.233588],[94.53004,80.131008],[93.749848,79.996772],[92.065766,80.172431],[93.244395,80.309556],[91.42213,80.309556],[92.627615,80.391547],[91.887706,80.460395],[92.769298,80.51675],[93.270274,80.797105],[92.497244,80.775702],[93.052745,80.995429],[95.547211,81.220771],[95.103526,81.271308],[95.776622,81.288804]]],[[[57.797618,81.378892],[56.740489,81.453518],[58.570486,81.413153],[57.797618,81.378892]]],[[[63.467459,81.589057],[62.106456,81.68008],[63.805919,81.660142],[63.467459,81.589057]]],[[[59.439952,81.817816],[57.891287,81.707953],[58.156098,81.830268],[59.439952,81.817816]]],[[[150.808481,46.486438],[150.832856,46.440863],[150.780077,46.457159],[150.808481,46.486438]]],[[[154.836681,49.650051],[154.815115,49.310207],[154.605968,49.29267],[154.638357,49.424262],[154.836681,49.650051]]],[[[58.7317,75.916897],[59.262462,75.965399],[58.693207,75.903266],[58.7317,75.916897]]],[[[59.372081,79.919664],[58.768728,80.021064],[59.927257,79.994859],[59.372081,79.919664]]],[[[55.712087,80.103461],[56.129893,80.351223],[57.153575,80.198961],[56.956798,80.066311],[55.712087,80.103461]]],[[[53.489919,80.17182],[52.182872,80.276068],[53.869477,80.270941],[53.489919,80.17182]]],[[[57.528819,80.131415],[56.946056,80.481513],[59.276134,80.330024],[58.390961,80.320217],[57.528819,80.131415]]],[[[54.288259,80.420356],[53.883311,80.610745],[54.465099,80.481513],[54.288259,80.420356]]],[[[60.022716,80.995429],[60.612804,81.092475],[61.701671,81.105292],[60.022716,80.995429]]],[[[62.503673,80.824123],[64.704845,81.205268],[65.465668,80.934882],[62.503673,80.824123]]],[[[56.994395,81.166164],[57.887869,81.245551],[58.083751,81.214545],[56.994395,81.166164]]],[[[56.614513,81.178534],[55.431651,81.283433],[57.90504,81.297105],[56.614513,81.178534]]],[[[59.054373,81.287055],[58.464122,81.334947],[59.385427,81.330552],[59.054373,81.287055]]],[[[61.653982,81.604926],[62.141124,81.586086],[62.1963,81.564846],[61.653982,81.604926]]],[[[40.431407,64.612698],[40.194835,64.574164],[39.824229,64.679755],[40.188487,64.708238],[40.302257,64.635484],[40.431407,64.612698]]],[[[39.949718,64.741929],[39.980479,64.729438],[39.943696,64.727973],[39.949718,64.741929]]],[[[40.406749,64.642483],[40.034841,64.760565],[40.333507,64.772406],[40.406749,64.642483]]],[[[35.927419,65.054104],[36.005138,65.026516],[35.891856,65.040717],[35.927419,65.054104]]],[[[35.990408,65.19123],[36.260997,65.154527],[35.942231,65.154608],[35.990408,65.19123]]],[[[54.239431,68.303778],[54.316905,68.259101],[54.199474,68.256496],[54.239431,68.303778]]],[[[53.865733,68.306952],[53.991466,68.345852],[53.957693,68.293362],[53.865733,68.306952]]],[[[48.812348,68.696519],[49.124278,68.66767],[48.765961,68.696601],[48.812348,68.696519]]],[[[49.570323,68.817084],[49.598481,68.814765],[49.491954,68.792426],[49.570323,68.817084]]],[[[54.192719,68.813707],[54.374848,68.790961],[54.395356,68.782538],[54.192719,68.813707]]],[[[49.753103,68.880316],[49.841807,68.906236],[49.75172,68.877427],[49.753103,68.880316]]],[[[54.927989,68.940172],[55.019542,68.915432],[54.911876,68.930976],[54.927989,68.940172]]],[[[50.000743,68.932318],[50.107677,68.963528],[50.069835,68.943061],[50.000743,68.932318]]],[[[67.217296,69.420559],[67.308279,69.43769],[67.132172,69.363918],[66.93865,69.439399],[67.217296,69.420559]]],[[[67.188243,69.57099],[67.258962,69.438625],[67.021821,69.476955],[67.188243,69.57099]]],[[[66.590343,70.473049],[66.867524,70.380805],[66.763682,70.403144],[66.590343,70.473049]]],[[[66.559255,70.544257],[66.397309,70.630316],[66.427989,70.799506],[66.479828,70.763861],[66.559255,70.544257]]],[[[66.59962,71.004381],[66.508474,70.827948],[66.43393,70.827135],[66.59962,71.004381]]],[[[53.239919,71.354438],[53.395356,71.280504],[53.161469,71.354885],[53.239919,71.354438]]],[[[152.829275,76.196194],[152.773448,76.083401],[152.554861,76.13935],[152.829275,76.196194]]],[[[156.550304,77.1258],[156.653331,77.084174],[156.49171,77.098212],[156.550304,77.1258]]],[[[91.943614,77.643948],[92.110118,77.610907],[91.865977,77.628648],[91.943614,77.643948]]],[[[58.613943,79.979438],[58.870372,79.901313],[58.248302,79.933417],[58.613943,79.979438]]],[[[60.052257,80.18769],[60.21046,80.149156],[59.891287,80.175442],[60.052257,80.18769]]],[[[54.407725,80.284817],[54.178071,80.189276],[54.101248,80.272895],[54.193533,80.307115],[54.407725,80.284817]]],[[[55.49879,80.31684],[55.234874,80.227932],[54.929698,80.259589],[55.296397,80.33218],[55.49879,80.31684]]],[[[55.129893,80.374335],[55.244965,80.438463],[55.270518,80.409369],[55.129893,80.374335]]],[[[54.62672,80.47724],[54.771495,80.393012],[54.390391,80.386542],[54.62672,80.47724]]],[[[54.981944,80.44892],[54.622406,80.511298],[55.073009,80.484076],[54.981944,80.44892]]],[[[59.097667,81.213121],[59.755544,81.169989],[58.99464,81.198188],[59.097667,81.213121]]],[[[60.031993,81.311103],[60.432302,81.244371],[59.840587,81.291571],[60.031993,81.311103]]],[[[58.493012,81.579088],[58.275727,81.592719],[58.702322,81.612616],[58.493012,81.579088]]],[[[132.453624,42.860907],[132.401541,42.831977],[132.427501,42.895901],[132.453624,42.860907]]],[[[47.665701,43.996283],[47.76295,43.928412],[47.628184,43.962592],[47.665701,43.996283]]],[[[47.997081,45.520494],[47.917735,45.570054],[47.957042,45.650458],[47.997081,45.520494]]],[[[139.243593,54.581032],[139.261462,54.599234],[139.27675,54.61311],[139.243593,54.581032]]],[[[138.195944,54.70111],[138.226783,54.715626],[138.240995,54.713712],[138.195944,54.70111]]],[[[149.103481,59.161529],[149.040029,59.20293],[149.141108,59.20769],[149.103481,59.161529]]],[[[-172.696034,64.652533],[-172.519399,64.593004],[-172.725046,64.626451],[-172.696034,64.652533]]],[[[67.235606,68.82038],[67.393077,68.75731],[67.115815,68.798367],[67.235606,68.82038]]],[[[-175.617299,71.381049],[-175.628651,71.351752],[-175.81078,71.411689],[-175.617299,71.381049]]],[[[161.667244,69.636683],[161.866936,69.554554],[161.665617,69.620548],[161.667244,69.636683]]],[[[170.053701,69.763764],[170.275277,69.773371],[169.95521,69.726742],[170.053701,69.763764]]],[[[83.065271,70.365329],[83.469408,70.737735],[83.309572,70.4431],[83.065271,70.365329]]],[[[97.639008,76.773098],[97.459809,76.718451],[97.160737,76.753607],[97.639008,76.773098]]],[[[89.047128,77.140895],[88.919571,76.977101],[88.663875,77.080351],[88.785649,77.123572],[89.047128,77.140895]]]]}},{"type":"Feature","properties":{"ISO3166-1-Alpha-3":"CZE"},"geometry":{"type":"Polygon","coordinates":[[[14.287531,51.036834],[15.144429,51.011564],[16.331644,50.644042],[16.199559,50.406278],[16.660616,50.093016],[17.014806,50.218486],[16.892953,50.432943],[17.707994,50.311039],[17.632753,50.106348],[18.559208,49.907187],[18.833196,49.510261],[16.945043,48.604166],[15.003973,49.009774],[14.675621,48.576235],[14.315746,48.557916],[12.643548,49.42949],[12.079552,50.242722],[14.287531,51.036834]]]}},{"type":"Feature","properties":{"ISO3166-1-Alpha-3":"DEU"},"geometry":{"type":"MultiPolygon","coordinates":[[[[13.815725,48.76643],[12.738943,48.113447],[13.001873,47.466019],[12.242229,47.732023],[11.237019,47.393956],[10.429213,47.57702],[10.428283,47.396049],[10.159876,47.271121],[9.945935,47.540769],[8.558216,47.801166],[8.574133,47.592445],[8.232965,47.621952],[8.042279,47.560561],[7.609747,47.564746],[7.578948,48.11448],[8.200305,48.958563],[6.725563,49.155554],[6.345307,49.455349],[6.502579,49.79567],[6.096403,50.048626],[6.374525,50.315483],[5.858174,51.019342],[6.207817,51.387666],[5.931451,51.81565],[6.743753,51.908331],[7.02632,52.230637],[6.671716,52.541678],[7.018465,52.625988],[7.366547,53.302802],[7.023611,53.37641],[7.226085,53.66649],[8.031423,53.708075],[8.504405,53.358059],[8.587576,53.870429],[9.210704,53.871975],[9.582367,53.591295],[9.832042,53.543606],[9.395193,53.831],[9.257823,53.885565],[8.98463,53.89704],[8.916026,53.937405],[8.963145,54.317613],[8.599864,54.33808],[9.011567,54.506334],[8.660776,54.896311],[9.94752,54.779527],[9.840099,54.475287],[10.141775,54.324408],[11.135509,54.385891],[10.90211,53.961371],[11.457693,53.906155],[12.115001,54.097886],[12.108897,54.18301],[12.533865,54.488267],[12.921153,54.433498],[12.624197,54.422919],[12.527029,54.37226],[12.438487,54.387519],[12.368826,54.269192],[13.0088,54.438056],[13.114919,54.280015],[13.483572,54.091295],[13.711925,54.173651],[13.817068,53.852932],[14.264496,53.751614],[14.44163,53.251841],[14.123923,52.850651],[14.644821,52.576921],[14.585807,51.803893],[14.955293,51.064042],[14.759233,50.810181],[14.287531,51.036834],[12.300417,50.160815],[12.239645,50.256572],[12.076141,50.315173],[12.643548,49.42949],[13.815725,48.76643]]],[[[14.210053,53.938463],[13.840099,53.850287],[14.05128,54.005072],[13.75294,54.153144],[14.210053,53.938463]]],[[[6.784679,53.620063],[6.756521,53.562893],[6.659516,53.599107],[6.784679,53.620063]]],[[[6.87379,53.672756],[7.047048,53.694159],[7.08546,53.686998],[6.87379,53.672756]]],[[[7.173595,53.701402],[7.232921,53.729438],[7.34669,53.723212],[7.173595,53.701402]]],[[[7.421235,53.721137],[7.403494,53.736721],[7.435557,53.727973],[7.421235,53.721137]]],[[[8.15089,53.714301],[8.152354,53.739163],[8.195974,53.727973],[8.15089,53.714301]]],[[[7.472992,53.731879],[7.606619,53.7626],[7.627208,53.750922],[7.472992,53.731879]]],[[[7.74822,53.760932],[7.68629,53.780992],[7.812836,53.783149],[7.74822,53.760932]]],[[[7.955577,53.782904],[7.854503,53.784573],[7.897634,53.796291],[7.955577,53.782904]]],[[[11.457693,53.961371],[11.426606,54.022935],[11.497895,54.022773],[11.457693,53.961371]]],[[[11.539561,54.056952],[11.533946,54.084866],[11.615896,54.112128],[11.539561,54.056952]]],[[[8.844493,54.519721],[8.88795,54.468451],[8.812836,54.482123],[8.844493,54.519721]]],[[[11.121267,54.535956],[11.31422,54.413804],[11.005707,54.468451],[11.121267,54.535956]]],[[[13.102306,54.596096],[13.118907,54.586412],[13.061371,54.468451],[13.102306,54.596096]]],[[[13.698253,54.392076],[13.407237,54.228217],[13.115489,54.33808],[13.143403,54.542914],[13.507091,54.488267],[13.253266,54.564643],[13.390798,54.688178],[13.698253,54.392076]]],[[[8.291515,54.66706],[8.382335,54.639146],[8.401378,54.632961],[8.291515,54.66706]]],[[[8.436778,54.748481],[8.593761,54.721666],[8.394542,54.71483],[8.436778,54.748481]]],[[[8.284434,54.742377],[8.388357,54.894232],[8.65447,54.893622],[8.284434,54.742377]]],[[[8.618826,54.492621],[8.698904,54.55858],[8.700938,54.547756],[8.618826,54.492621]]],[[[7.894542,54.194648],[7.899181,54.178168],[7.879893,54.193915],[7.894542,54.194648]]],[[[7.917654,54.186998],[7.929861,54.195299],[7.933442,54.189887],[7.917654,54.186998]]]]}},{"type":"Feature","properties":{"ISO3166-1-Alpha-3":"EST"},"geometry":{"type":"MultiPolygon","coordinates":[[[[24.306159,57.868186],[24.551036,58.333726],[23.740977,58.343085],[23.497732,58.696601],[23.87436,58.771674],[23.429454,58.764838],[23.470876,59.212144],[25.484874,59.669827],[28.186475,59.37493],[27.410606,58.754864],[27.799316,57.861069],[27.352935,57.527601],[26.49955,57.515819],[25.281692,58.073407],[24.306159,57.868186]]],[[[24.002452,58.108547],[23.955333,58.151801],[24.013357,58.15351],[24.002452,58.108547]]],[[[23.230642,58.504828],[22.04835,57.915107],[22.202973,58.147895],[21.843761,58.293606],[21.832367,58.510972],[22.550304,58.629584],[23.230642,58.504828]]],[[[23.197765,58.680609],[23.234874,58.534654],[23.059337,58.603461],[23.197765,58.680609]]],[[[23.170177,59.045885],[23.299083,58.970893],[23.114106,59.021796],[23.170177,59.045885]]],[[[22.555675,58.686998],[22.044688,58.936184],[22.666677,59.084906],[23.040538,58.840766],[22.555675,58.686998]]],[[[24.489106,59.559638],[24.550059,59.557766],[24.542817,59.547797],[24.489106,59.559638]]],[[[23.224294,57.823717],[23.270193,57.785631],[23.217784,57.80093],[23.224294,57.823717]]]]}},{"type":"Feature","properties":{"ISO3166-1-Alpha-3":"LVA"},"geometry":{"type":"Polygon","coordinates":[[[26.49955,57.515819],[27.840295,57.290639],[27.62837,56.844154],[27.913521,56.82015],[28.217275,56.270727],[27.592713,55.794244],[26.48105,55.678308],[24.870967,56.442602],[20.973399,56.232001],[21.433604,57.306464],[22.483735,57.742499],[23.69516,56.967271],[24.400645,57.258124],[24.306159,57.868186],[25.094209,58.067309],[26.49955,57.515819]]]}},{"type":"Feature","properties":{"ISO3166-1-Alpha-3":"-99"},"geometry":{"type":"MultiPolygon","coordinates":[[[[21.638813,69.27138],[20.102266,69.022145],[20.356514,68.804587],[19.971215,68.351281],[18.436218,68.573852],[18.161506,68.530185],[17.921004,67.972855],[16.782882,67.896994],[16.127108,67.422759],[16.415566,67.052704],[15.426272,66.491214],[15.481876,66.274871],[14.540538,66.125448],[14.514287,65.318081],[13.642764,64.584018],[14.096948,64.465317],[14.147797,64.169004],[12.982442,64.05883],[12.170295,63.598135],[12.161717,61.724838],[12.888184,61.349616],[12.253288,61.001704],[12.605308,60.419156],[11.674925,59.607112],[11.664383,58.920074],[10.738129,59.216702],[10.688731,59.91177],[10.542735,59.535549],[10.436697,59.518378],[10.397634,59.688056],[10.224376,59.723822],[10.514171,59.302924],[10.306895,59.059719],[9.539073,59.120551],[9.723969,58.983954],[8.122895,58.102037],[6.6185,58.068305],[6.845958,58.271389],[5.477951,58.754747],[5.550548,59.03856],[5.715587,58.867255],[6.228852,58.839993],[6.057628,58.902045],[6.626231,59.052802],[5.875499,59.06623],[6.5442,59.559963],[5.505382,59.277737],[5.201671,59.546291],[5.489106,59.738105],[5.416759,59.504706],[6.291759,59.840318],[5.646169,59.854193],[6.351817,60.368109],[6.640391,60.41649],[6.530528,60.262274],[6.510102,60.135321],[6.523774,60.080756],[7.105968,60.505845],[6.177501,60.471015],[5.739268,59.994452],[5.790701,60.211086],[5.543712,60.162665],[5.736583,60.392035],[5.409841,60.131334],[5.140961,60.351386],[5.653575,60.430813],[5.714041,60.48428],[5.749766,60.718166],[5.675629,60.757758],[5.526622,60.62873],[5.22283,60.574164],[4.926768,60.800116],[5.433849,60.62873],[5.23585,60.77619],[5.536876,60.8758],[5.131033,60.812079],[5.016124,61.046536],[6.355968,61.010932],[6.600597,61.175238],[7.105968,60.861558],[7.000336,61.092922],[7.435557,61.101142],[7.694998,61.232082],[7.312022,61.287299],[7.572032,61.485338],[7.263682,61.395941],[7.305186,61.163235],[6.557872,61.224595],[6.695079,61.344713],[6.701915,61.402777],[6.434337,61.114732],[5.193858,61.105292],[4.9546,61.25259],[5.633067,61.361802],[4.947927,61.416409],[5.804454,61.457994],[4.988129,61.746894],[5.167654,61.725531],[5.394786,61.911078],[5.899262,61.738593],[6.818614,61.87641],[6.476248,61.825344],[5.729259,61.88939],[5.961436,61.916693],[5.427013,61.937812],[5.155772,61.896064],[5.400157,62.020006],[5.084972,62.191067],[6.36671,62.061347],[5.926036,62.225491],[6.310802,62.372056],[6.530528,62.109117],[6.400238,62.387193],[6.708751,62.451728],[6.955821,62.102281],[7.021251,62.090766],[7.139985,62.116604],[7.187836,62.102281],[7.028087,62.266018],[7.41505,62.239447],[6.790701,62.47842],[6.242931,62.451117],[6.674571,62.492743],[6.24936,62.574652],[8.147472,62.691962],[7.359711,62.698188],[7.681326,62.794379],[7.312511,62.744045],[6.970388,62.725572],[6.948985,62.732896],[7.237641,63.014716],[7.50115,62.910834],[8.075531,62.950873],[8.154307,62.814846],[8.545258,62.657172],[8.147472,62.951402],[7.877208,63.010403],[8.086681,63.109687],[8.329275,62.880683],[8.702973,62.822252],[8.165538,63.115302],[8.943126,63.212063],[8.47641,63.294013],[8.672374,63.42121],[9.093435,63.294013],[9.434581,63.380439],[9.148611,63.485826],[9.699067,63.644477],[9.833263,63.328803],[10.908051,63.456244],[10.656423,63.554755],[11.457693,63.789984],[11.096446,63.889635],[11.497895,64.020819],[11.299978,64.107164],[9.980154,63.493354],[9.799083,63.69184],[9.999848,63.723863],[10.10141,63.767564],[9.545909,63.7744],[10.197032,63.9383],[9.93629,63.959418],[10.483084,64.423733],[10.971202,64.602607],[11.247406,64.325588],[11.779796,64.596869],[11.396169,64.706732],[12.224864,64.939439],[11.267263,64.869818],[12.194021,64.994859],[12.193126,65.050482],[12.636241,65.131293],[12.931,65.312405],[12.245291,65.233629],[12.780284,65.459621],[12.355154,65.604193],[12.78712,65.638373],[12.682302,65.926663],[13.176036,65.85578],[13.040375,66.083441],[12.670421,66.062893],[13.821625,66.14704],[13.609548,66.185777],[14.143891,66.333808],[13.040375,66.179633],[13.534434,66.309312],[12.972016,66.522203],[13.10255,66.542711],[13.225352,66.453925],[13.362071,66.455512],[13.726248,66.604804],[13.225352,66.714016],[13.993012,66.78974],[13.54363,66.921861],[15.740408,67.173285],[14.328298,67.241604],[15.049001,67.447008],[14.822439,67.447008],[14.726817,67.488674],[15.058849,67.577338],[14.829275,67.475002],[15.429047,67.482978],[15.658458,67.275702],[15.528656,67.467475],[15.89796,67.556871],[15.239268,67.529242],[15.836599,67.694037],[15.432791,67.860745],[15.181977,67.714545],[14.836111,67.642524],[15.117198,67.741889],[14.77296,67.815985],[15.860118,67.899644],[16.063162,68.016181],[15.877452,68.070868],[15.789236,68.034329],[15.602387,68.038275],[15.545421,68.074693],[15.398204,67.99494],[15.281749,68.036689],[15.979666,68.250067],[16.042003,68.029853],[16.192882,67.981513],[16.236827,67.883612],[16.484711,67.797797],[16.207042,68.00259],[16.688975,68.071031],[16.103363,68.283149],[16.802989,68.13227],[16.220063,68.351386],[17.333995,68.16706],[17.247895,68.405992],[17.871837,68.393012],[16.46461,68.509996],[17.679373,68.660468],[17.234386,68.756049],[17.78297,68.748603],[17.426117,68.899482],[18.152354,69.153957],[18.158458,69.459621],[19.01295,69.287055],[18.4546,69.454332],[18.852712,69.552314],[19.014415,69.39704],[19.379405,69.321845],[19.177501,69.253485],[19.477224,69.220771],[19.429535,69.341742],[18.992686,69.48314],[19.229259,69.567939],[18.944347,69.615302],[19.78419,69.804389],[19.530284,69.400336],[20.112559,69.585354],[19.824474,69.7119],[20.292654,69.971015],[20.382579,69.598782],[19.91684,69.269273],[20.853038,69.495917],[20.482432,69.763414],[21.17921,69.819485],[21.289887,70.021064],[22.098155,69.749823],[21.913585,69.945258],[22.113617,70.030341],[21.79835,70.037177],[22.099376,70.120347],[21.209239,70.208482],[21.552989,70.321031],[21.874034,70.14704],[22.967052,70.207465],[22.284923,70.044013],[23.329845,69.948391],[23.539317,70.024115],[23.175548,70.092434],[23.513194,70.365546],[24.723481,70.621039],[24.245128,70.784491],[24.666026,70.977688],[25.925792,70.863674],[25.073578,70.503323],[25.28712,70.456122],[24.979828,70.229438],[25.004242,70.064032],[26.613617,70.949123],[26.691173,70.736029],[26.341645,70.647935],[26.656993,70.64053],[26.50587,70.36286],[27.102061,70.469794],[27.110606,70.728705],[27.629649,70.804999],[27.1338,70.950019],[27.650157,71.127102],[28.548839,70.972602],[27.650157,70.60635],[28.30128,70.702582],[27.849376,70.482856],[28.335297,70.517646],[28.160655,70.382799],[28.167247,70.135484],[28.013845,70.071357],[28.18393,70.115546],[28.794688,70.873236],[31.076996,70.284247],[28.616547,70.176907],[29.685883,69.96955],[29.36378,69.859687],[29.741222,69.907457],[29.487315,69.661078],[30.18629,69.68773],[30.289236,69.886542],[30.337087,69.674058],[30.927703,69.672131],[30.119071,69.634562],[29.064768,69.034702],[28.826953,69.106842],[29.344544,69.464392],[29.14714,69.663914],[27.866908,70.07531],[26.00511,69.689339],[25.79582,68.993309],[24.905177,68.556953],[23.929009,68.816214],[22.409205,68.712913],[21.638813,69.27138]]],[[[14.953136,68.277411],[14.795584,68.246161],[14.940115,68.302151],[14.953136,68.277411]]],[[[14.117198,68.337307],[14.26824,68.28262],[14.040375,68.312567],[14.117198,68.337307]]],[[[13.636729,68.294338],[14.158865,68.255276],[13.456716,68.07099],[13.636729,68.294338]]],[[[14.891938,68.494859],[14.604177,68.558661],[15.000011,68.554755],[14.891938,68.494859]]],[[[5.185883,59.41474],[5.297091,59.168884],[5.208551,59.142886],[5.185883,59.41474]]],[[[5.153982,59.874661],[5.152843,59.59162],[5.070649,59.782782],[5.153982,59.874661]]],[[[5.326182,59.976508],[5.389659,59.758612],[5.250173,59.90941],[5.326182,59.976508]]],[[[5.461681,60.052802],[5.639903,59.915595],[5.361827,59.995347],[5.461681,60.052802]]],[[[5.093761,60.320217],[4.947927,60.258857],[4.948904,60.439154],[5.093761,60.320217]]],[[[5.125011,60.402411],[5.150157,60.50137],[5.204356,60.43183],[5.125011,60.402411]]],[[[5.608409,60.688422],[5.608897,60.443793],[5.323985,60.54682],[5.569672,60.625067],[5.608409,60.688422]]],[[[4.844737,61.197333],[4.985362,61.104885],[4.803233,61.046536],[4.844737,61.197333]]],[[[4.91627,61.780951],[4.952973,61.896959],[5.22283,61.848456],[4.91627,61.780951]]],[[[5.502126,62.225816],[5.790701,62.214993],[5.546886,62.192694],[5.502126,62.225816]]],[[[5.815603,62.385728],[6.078787,62.341864],[5.81129,62.245673],[5.815603,62.385728]]],[[[6.201671,62.444892],[6.33253,62.410793],[6.023448,62.437445],[6.201671,62.444892]]],[[[6.684744,62.73017],[6.914073,62.698188],[6.646658,62.67829],[6.684744,62.73017]]],[[[6.770356,62.816962],[6.924327,62.856594],[6.942149,62.825914],[6.770356,62.816962]]],[[[7.681326,63.05508],[7.886729,63.099758],[7.914724,63.081732],[7.681326,63.05508]]],[[[7.585134,63.116523],[7.526541,62.946031],[7.366547,62.996731],[7.585134,63.116523]]],[[[8.07781,63.241156],[8.188487,63.157457],[7.928396,63.177924],[8.07781,63.241156]]],[[[8.428722,63.287787],[8.565766,63.177924],[8.264171,63.232611],[8.428722,63.287787]]],[[[8.086681,63.328803],[7.778168,63.411322],[8.181651,63.390204],[8.086681,63.328803]]],[[[9.138682,63.567776],[8.503591,63.434231],[8.277843,63.466539],[8.788259,63.640041],[9.138682,63.567776]]],[[[8.743419,63.687934],[8.271739,63.685045],[8.825531,63.734076],[8.743419,63.687934]]],[[[11.085785,64.652045],[11.451427,64.51496],[11.037364,64.614447],[11.085785,64.652045]]],[[[11.266368,64.893704],[11.005707,64.898505],[10.826915,64.850084],[11.101329,64.953111],[11.266368,64.893704]]],[[[10.898936,64.908271],[10.710948,64.863715],[11.115001,64.972968],[10.898936,64.908271]]],[[[11.979015,65.082831],[12.309093,65.110582],[12.156505,65.055487],[11.979015,65.082831]]],[[[12.258637,65.574612],[12.506602,65.398139],[12.053477,65.219957],[12.258637,65.574612]]],[[[11.824474,65.69302],[11.91684,65.589993],[11.759288,65.617906],[11.824474,65.69302]]],[[[12.491222,65.990627],[12.903819,66.015082],[12.368826,65.891588],[12.491222,65.990627]]],[[[12.551443,66.220364],[12.533376,66.060696],[12.2942,66.015082],[12.551443,66.220364]]],[[[14.057302,67.133043],[14.192231,67.003567],[13.993012,67.077704],[14.057302,67.133043]]],[[[12.78712,67.810126],[13.156993,68.08511],[13.123871,67.943996],[12.78712,67.810126]]],[[[13.172699,68.009019],[13.437673,68.126044],[13.366222,68.012763],[13.172699,68.009019]]],[[[15.172374,68.454413],[14.718761,68.337633],[14.198497,68.152777],[14.383556,68.372504],[15.172374,68.454413]]],[[[16.22169,68.523749],[16.398611,68.413479],[16.0949,68.397528],[16.22169,68.523749]]],[[[17.000987,68.858588],[17.145681,68.770331],[16.816661,68.735582],[17.000987,68.858588]]],[[[17.083507,68.913764],[17.319672,68.918443],[17.44044,68.865912],[17.223643,68.793036],[17.083507,68.913764]]],[[[16.528575,68.721991],[15.940929,68.380316],[14.986827,68.269477],[15.630544,68.612128],[15.438731,68.707668],[15.713634,68.701402],[15.455577,68.769029],[15.644786,68.954739],[15.989594,68.763495],[15.774425,68.632554],[15.740408,68.530097],[16.254649,68.903225],[16.528575,68.721991]]],[[[16.306326,68.995307],[16.476248,68.88581],[16.261729,68.968329],[16.306326,68.995307]]],[[[14.397227,68.660468],[14.628429,68.829901],[15.158865,68.817532],[15.084483,69.011217],[15.384044,68.852281],[15.062673,68.578518],[14.806407,68.615953],[15.151378,68.756049],[14.397227,68.660468]]],[[[16.149913,69.290839],[15.425059,68.962144],[15.569672,69.105536],[16.149913,69.290839]]],[[[18.070811,69.437934],[17.988455,69.187445],[16.773123,69.088202],[17.172374,69.201117],[16.926524,69.393541],[17.645274,69.461819],[17.467621,69.599555],[18.070811,69.437934]]],[[[18.999034,69.828599],[18.769298,69.571682],[17.995372,69.592108],[18.762462,69.68773],[18.678884,69.886054],[18.999034,69.828599]]],[[[21.695811,69.927924],[21.701996,69.954779],[21.736176,69.948391],[21.695811,69.927924]]],[[[19.949962,70.009711],[19.947927,70.026801],[19.99586,70.01675],[19.949962,70.009711]]],[[[20.760509,69.999661],[21.099376,70.010484],[20.891938,69.937974],[20.760509,69.999661]]],[[[20.991873,70.051459],[21.046641,70.03913],[20.955333,70.024115],[20.991873,70.051459]]],[[[19.619151,70.01675],[19.374766,69.82331],[19.121593,69.787828],[18.728852,69.947821],[19.619151,70.01675]]],[[[20.733897,70.236721],[20.60255,70.044013],[20.389903,70.102688],[20.733897,70.236721]]],[[[19.53712,70.250067],[20.154063,70.11286],[19.776134,70.067328],[19.53712,70.250067]]],[[[22.756358,70.394965],[23.016287,70.254299],[22.373709,70.331977],[22.756358,70.394965]]],[[[23.656016,70.503323],[23.216319,70.282782],[22.854015,70.407701],[23.390961,70.617987],[23.656016,70.503323]]],[[[24.066905,70.660956],[23.80421,70.513332],[23.635509,70.692043],[23.815684,70.751166],[24.066905,70.660956]]],[[[22.42213,70.510728],[21.950369,70.647935],[22.724864,70.603583],[22.722992,70.748481],[23.484141,70.798774],[22.42213,70.510728]]],[[[23.885753,70.996161],[24.245128,70.955797],[24.043142,70.91413],[23.885753,70.996161]]],[[[25.292491,71.028144],[26.21811,71.031562],[26.072602,70.975165],[25.553396,70.927883],[25.292491,71.028144]]],[[[12.793793,66.311225],[12.824962,66.215888],[12.700206,66.243232],[12.793793,66.311225]]],[[[12.817231,66.442572],[12.898936,66.355048],[12.800792,66.384711],[12.817231,66.442572]]],[[[14.961192,67.941596],[15.253673,67.916571],[15.163097,67.910712],[14.961192,67.941596]]],[[[15.574067,68.02558],[15.883962,67.984117],[15.482432,68.002631],[15.574067,68.02558]]],[[[15.184825,67.966783],[15.230317,68.036689],[15.286632,67.976996],[15.184825,67.966783]]],[[[14.899669,68.930854],[14.958344,68.875312],[14.840099,68.891669],[14.899669,68.930854]]],[[[20.562755,69.895982],[20.706716,69.817288],[20.526703,69.821112],[20.562755,69.895982]]],[[[29.842459,69.908922],[30.107432,69.828599],[29.713227,69.763414],[29.842459,69.908922]]],[[[19.546886,69.925482],[19.720551,69.864691],[19.434255,69.840522],[19.546886,69.925482]]],[[[18.701671,69.984687],[18.721365,70.116034],[18.975597,70.073635],[18.701671,69.984687]]],[[[20.856944,70.144924],[20.825531,70.073065],[20.792979,70.119045],[20.856944,70.144924]]],[[[19.40797,70.162055],[19.358653,70.113105],[19.334972,70.127916],[19.40797,70.162055]]],[[[19.168305,70.254869],[19.174164,70.115139],[18.99586,70.152086],[19.168305,70.254869]]],[[[21.684581,70.363837],[21.793712,70.323432],[21.703136,70.261786],[21.684581,70.363837]]],[[[-9.117421,70.874905],[-8.005971,71.032538],[-8.986562,70.810777],[-9.117421,70.874905]]],[[[19.16033,74.526028],[19.073741,74.347357],[18.789806,74.478217],[18.874848,74.516181],[19.16033,74.526028]]],[[[25.094737,76.544135],[25.580821,76.698432],[24.94337,76.445136],[25.094737,76.544135]]],[[[24.424765,77.825936],[23.234541,77.263683],[22.401622,77.284003],[22.778331,77.554918],[20.831798,77.540717],[21.661794,77.918036],[20.876964,78.098578],[21.696788,78.211086],[22.966075,78.256293],[23.47047,78.158271],[23.120453,77.985907],[24.424765,77.825936]]],[[[22.271251,78.267524],[20.153575,78.475409],[22.064789,78.597113],[22.271251,78.267524]]],[[[27.020763,78.69892],[26.737559,78.626451],[26.396332,78.775214],[26.615489,78.808783],[27.020763,78.69892]]],[[[12.142833,78.237047],[11.121837,78.43887],[10.484386,78.890692],[10.999848,78.834174],[12.142833,78.237047]]],[[[28.41863,78.966986],[29.707042,78.898139],[27.84197,78.843492],[28.41863,78.966986]]],[[[30.136241,78.96894],[30.309255,79.008002],[30.337087,78.99433],[30.136241,78.96894]]],[[[20.098888,79.124091],[20.467784,79.1258],[20.831798,79.055162],[20.358246,78.994696],[20.098888,79.124091]]],[[[19.804535,79.405219],[20.177989,79.35342],[19.626475,79.391588],[19.804535,79.405219]]],[[[10.871755,79.727362],[10.821544,79.650539],[10.710948,79.721177],[10.871755,79.727362]]],[[[10.984223,79.731391],[10.645763,79.761135],[11.011974,79.741645],[10.984223,79.731391]]],[[[21.545421,78.834052],[18.961762,78.45246],[19.098318,78.103013],[18.406261,78.021145],[18.299815,77.520209],[17.624766,77.445746],[16.919119,76.793931],[17.192068,76.696845],[16.343761,76.572414],[15.501475,76.876532],[16.528575,77.000067],[14.447765,77.181383],[13.910655,77.534491],[16.221365,77.440863],[14.740489,77.664211],[17.124522,77.78148],[16.789317,77.877143],[17.007823,77.938544],[13.957042,77.719916],[13.589122,78.055854],[14.330089,77.964423],[17.296397,78.432603],[16.329926,78.45246],[16.827159,78.648017],[16.55421,78.719306],[15.439464,78.458401],[15.192882,78.589586],[15.465099,78.654608],[15.381521,78.851386],[14.445567,78.678412],[14.733653,78.391059],[13.009613,78.203843],[12.362559,78.48725],[13.198009,78.542467],[11.903575,78.638088],[11.334158,78.973212],[12.506602,78.911811],[11.683604,79.069403],[12.115001,79.302191],[11.228282,79.100653],[10.676768,79.542426],[11.457693,79.631781],[11.227306,79.788031],[13.797048,79.881903],[13.972667,79.775214],[12.451427,79.569078],[13.451671,79.592434],[13.259532,79.473538],[14.041677,79.265815],[13.883149,79.542426],[14.548595,79.811469],[16.435232,78.911444],[15.644786,79.768297],[16.294688,80.067369],[18.098399,79.727362],[17.653168,79.369371],[18.346934,79.62995],[18.881847,79.441107],[18.591807,79.261217],[18.945079,79.156968],[21.545421,78.834052]]],[[[31.496349,80.115709],[33.640391,80.220771],[31.477061,80.103949],[31.496349,80.115709]]],[[[18.491384,80.238837],[18.118826,80.28974],[18.755626,80.30272],[18.491384,80.238837]]],[[[24.167166,80.383368],[24.242849,80.454047],[24.381602,80.391547],[24.167166,80.383368]]],[[[24.174815,80.511623],[24.21697,80.46955],[23.97755,80.494574],[24.174815,80.511623]]],[[[27.171072,80.073432],[27.207367,79.873684],[25.829112,79.442206],[24.053071,79.18887],[19.633311,79.611314],[21.154552,79.569078],[20.475597,79.686428],[21.850352,79.706936],[22.287446,79.805732],[18.783865,79.72309],[18.11199,79.905504],[18.789806,79.974433],[18.933767,80.056342],[17.78297,80.138251],[19.851817,80.220771],[19.468761,80.408881],[19.656749,80.505032],[21.84669,80.272121],[21.59962,80.12523],[22.283214,79.983059],[22.57602,80.299018],[22.337738,80.383857],[22.781586,80.517279],[23.360606,80.433051],[23.120942,80.391547],[23.35377,80.337551],[23.055024,80.248358],[23.006684,80.162095],[23.122325,80.11758],[24.259776,80.3758],[27.171072,80.073432]]],[[[19.987315,80.489407],[19.852224,80.505032],[20.133556,80.515041],[19.987315,80.489407]]],[[[20.791515,80.659613],[20.666515,80.642157],[20.496104,80.659613],[20.791515,80.659613]]],[[[21.17449,80.659613],[21.024262,80.693793],[21.366954,80.680121],[21.17449,80.659613]]],[[[20.821544,80.680121],[20.517833,80.769477],[21.003184,80.71426],[20.821544,80.680121]]],[[[3.377208,-54.391371],[3.46754,-54.441339],[3.350841,-54.455662],[3.377208,-54.391371]]],[[[10.991466,59.033596],[11.082367,59.067857],[11.046397,59.026801],[10.991466,59.033596]]],[[[10.855479,59.115383],[10.8838,59.07217],[10.829112,59.099433],[10.855479,59.115383]]],[[[5.205333,60.117377],[5.268809,59.994859],[5.171723,60.049465],[5.205333,60.117377]]],[[[4.882823,60.929999],[4.878754,60.865139],[4.776866,60.929999],[4.882823,60.929999]]],[[[4.700043,61.082221],[4.706879,60.988511],[4.643809,61.057603],[4.700043,61.082221]]],[[[4.992931,62.035061],[5.095225,61.927436],[4.984223,62.009467],[4.992931,62.035061]]],[[[5.728526,62.326646],[5.603038,62.328762],[5.741466,62.360663],[5.728526,62.326646]]],[[[5.581716,62.358832],[5.521332,62.334866],[5.509939,62.364],[5.581716,62.358832]]],[[[8.235118,63.222235],[8.209809,63.161363],[8.165294,63.213446],[8.235118,63.222235]]],[[[9.057872,63.661078],[9.076345,63.612982],[9.014008,63.626695],[9.057872,63.661078]]],[[[9.88852,64.049058],[9.892263,63.997016],[9.843761,64.033189],[9.88852,64.049058]]],[[[11.366466,64.634426],[11.432872,64.542426],[11.344493,64.573676],[11.366466,64.634426]]],[[[11.303966,64.692084],[11.312266,64.599677],[11.167979,64.659735],[11.303966,64.692084]]],[[[11.580333,65.109687],[11.669444,65.044908],[11.518809,65.054592],[11.580333,65.109687]]],[[[17.419688,69.079169],[17.418956,68.996405],[17.344086,69.003241],[17.419688,69.079169]]],[[[24.712576,71.107571],[24.77003,71.02619],[24.614268,71.056627],[24.712576,71.107571]]],[[[5.607921,59.134426],[5.750743,59.072333],[5.575206,59.12401],[5.607921,59.134426]]],[[[5.403819,59.242092],[5.443207,59.158922],[5.375336,59.218817],[5.403819,59.242092]]],[[[5.952485,59.283922],[6.099864,59.276557],[5.929861,59.243476],[5.952485,59.283922]]],[[[4.79127,60.666083],[4.843923,60.589748],[4.77947,60.598538],[4.79127,60.666083]]],[[[4.902843,61.652493],[4.879893,61.711982],[4.903494,61.676174],[4.902843,61.652493]]],[[[14.371755,67.441107],[14.366466,67.390937],[14.226736,67.377346],[14.371755,67.441107]]]]}},{"type":"Feature","properties":{"ISO3166-1-Alpha-3":"SWE"},"geometry":{"type":"MultiPolygon","coordinates":[[[[20.102266,69.022145],[23.662152,67.950427],[23.431262,67.48552],[23.765195,67.420072],[23.58133,67.153137],[24.004043,66.8052],[23.662772,66.316522],[24.163097,65.822699],[22.653005,65.908393],[22.209239,65.761217],[22.405284,65.541938],[21.764171,65.727729],[22.202973,65.548977],[21.277843,65.350043],[21.585948,65.069159],[21.037364,64.832709],[21.606456,64.452216],[20.674653,63.789252],[19.4463,63.560858],[18.195079,62.777411],[17.935313,62.817043],[17.830821,62.999823],[17.693614,62.993598],[18.06422,62.595771],[17.330821,62.487738],[17.65268,62.232001],[17.344574,61.936672],[17.496349,61.635077],[17.056326,61.58218],[17.186697,60.692369],[17.974864,60.587836],[19.071625,59.896308],[18.885997,59.929877],[18.733897,59.768785],[19.074474,59.749701],[18.008962,59.408515],[18.095144,59.326809],[18.220551,59.31977],[18.48463,59.434231],[18.646495,59.330268],[18.29127,59.322699],[18.424164,59.143948],[18.013682,59.044908],[17.892833,58.861029],[17.658946,59.168891],[17.357758,58.751166],[16.17921,58.634508],[16.940196,58.491116],[16.412608,58.477484],[16.799164,58.323635],[16.768809,57.887844],[16.460297,57.902086],[16.706798,57.750637],[16.419444,57.89468],[16.688975,57.471747],[15.851736,56.086371],[15.586436,56.208889],[14.724946,56.167629],[14.234711,55.862698],[14.181163,55.390815],[12.832774,55.382554],[13.054861,55.694037],[12.451427,56.304429],[12.814464,56.236151],[12.621593,56.419338],[12.934418,56.547065],[11.903331,57.394355],[11.656261,57.839423],[11.759288,57.902086],[11.882823,58.332831],[11.220876,58.346259],[11.108165,58.953559],[11.664383,58.920074],[11.674925,59.607112],[12.605308,60.419156],[12.253288,61.001704],[12.888184,61.349616],[12.161717,61.724838],[12.314266,62.286122],[11.992425,63.288903],[12.755273,63.991392],[14.147797,64.169004],[14.096948,64.465317],[13.642764,64.584018],[14.514287,65.318081],[14.540538,66.125448],[15.481876,66.274871],[15.426272,66.491214],[16.39965,67.035961],[16.180748,67.496398],[17.321454,68.105301],[17.921004,67.972855],[18.171841,68.535921],[20.010282,68.36389],[20.356514,68.804587],[20.102266,69.022145]]],[[[17.124522,57.319281],[16.541189,56.306138],[16.428477,56.217963],[16.419444,56.585639],[17.124522,57.319281]]],[[[19.040212,57.867906],[18.764659,57.626899],[18.92628,57.392646],[18.138682,56.922024],[18.128184,57.548163],[19.040212,57.867906]]],[[[19.098318,57.976549],[19.129649,57.846869],[19.036794,57.905219],[19.098318,57.976549]]],[[[11.73878,58.058539],[11.594737,57.935614],[11.497895,58.028062],[11.52475,58.050727],[11.73878,58.058539]]],[[[11.686371,58.291205],[11.708181,58.098212],[11.406586,58.13109],[11.686371,58.291205]]],[[[19.222423,58.394965],[19.250336,58.342841],[19.187755,58.394965],[19.222423,58.394965]]],[[[18.551606,59.225898],[18.344737,59.299262],[18.612315,59.258287],[18.551606,59.225898]]],[[[18.48463,60.3664],[18.402192,60.369818],[18.378754,60.507799],[18.48463,60.3664]]],[[[20.873546,63.753974],[20.864919,63.79682],[20.920421,63.773749],[20.873546,63.753974]]],[[[18.374766,59.078355],[18.413585,59.011664],[18.344412,59.025702],[18.374766,59.078355]]],[[[18.690929,59.208808],[18.750011,59.205146],[18.659679,59.176907],[18.690929,59.208808]]],[[[18.75766,59.294582],[18.775157,59.252183],[18.722667,59.262397],[18.75766,59.294582]]],[[[18.677501,59.299547],[18.638031,59.367987],[18.747081,59.331855],[18.677501,59.299547]]],[[[18.165538,59.340644],[18.122732,59.389106],[18.249278,59.366685],[18.165538,59.340644]]],[[[18.847667,59.38935],[18.865082,59.399848],[18.869477,59.393459],[18.847667,59.38935]]],[[[18.92156,59.405911],[18.937673,59.373236],[18.899425,59.400702],[18.92156,59.405911]]],[[[18.898611,59.445705],[18.893891,59.407172],[18.860606,59.424506],[18.898611,59.445705]]],[[[18.739106,59.540432],[18.556407,59.422309],[18.510509,59.48314],[18.739106,59.540432]]],[[[18.937755,59.649075],[18.905284,59.583238],[18.858572,59.595771],[18.937755,59.649075]]],[[[18.924327,59.656928],[18.823904,59.583889],[18.756847,59.572659],[18.924327,59.656928]]],[[[18.959158,59.863715],[18.972016,59.786607],[18.885753,59.793931],[18.959158,59.863715]]],[[[18.724376,60.155463],[18.753103,60.209174],[18.806895,60.16059],[18.724376,60.155463]]],[[[15.669119,56.123928],[15.696788,56.074286],[15.642345,56.104641],[15.669119,56.123928]]],[[[16.83253,58.304185],[16.87908,58.280585],[16.847423,58.275458],[16.83253,58.304185]]],[[[16.859711,58.400295],[16.827403,58.327541],[16.785167,58.380072],[16.859711,58.400295]]],[[[18.22641,58.944729],[18.357107,58.976996],[18.193614,58.911322],[18.22641,58.944729]]],[[[18.103526,59.02265],[18.144705,58.969062],[18.050629,58.960924],[18.103526,59.02265]]],[[[17.686697,59.05036],[17.684825,58.900824],[17.652192,59.071519],[17.686697,59.05036]]],[[[18.159841,62.747138],[18.027029,62.684516],[18.006114,62.705552],[18.159841,62.747138]]],[[[20.864594,63.676744],[20.85613,63.650946],[20.825938,63.643622],[20.864594,63.676744]]],[[[20.88087,63.742377],[20.948497,63.774604],[20.864757,63.683092],[20.88087,63.742377]]],[[[22.306407,65.45539],[22.375662,65.430732],[22.285167,65.431627],[22.306407,65.45539]]],[[[22.2317,65.418118],[22.174001,65.474311],[22.233165,65.423896],[22.2317,65.418118]]],[[[22.55893,65.538275],[22.614268,65.511908],[22.552989,65.530097],[22.55893,65.538275]]],[[[22.280121,65.478217],[22.186778,65.537828],[22.358735,65.503974],[22.280121,65.478217]]],[[[22.529145,65.576239],[22.625824,65.593411],[22.641449,65.589097],[22.529145,65.576239]]],[[[22.589122,65.593736],[22.554454,65.605373],[22.604503,65.600287],[22.589122,65.593736]]],[[[22.930024,65.741889],[22.971934,65.66706],[22.882172,65.720445],[22.930024,65.741889]]],[[[23.681488,65.721666],[23.784679,65.718207],[23.738292,65.696723],[23.681488,65.721666]]],[[[22.805431,65.705227],[22.746837,65.770413],[22.811371,65.714097],[22.805431,65.705227]]]]}},{"type":"Feature","properties":{"ISO3166-1-Alpha-3":"FIN"},"geometry":{"type":"MultiPolygon","coordinates":[[[[28.954077,69.027261],[28.410234,68.898535],[28.801477,68.835489],[28.447907,68.52972],[28.663759,68.204003],[30.009413,67.685844],[29.051539,66.907803],[30.111733,65.712011],[29.702869,65.62938],[29.580085,65.235399],[29.850198,65.121504],[29.633622,64.90715],[30.558475,64.219699],[29.980785,63.741537],[31.569525,62.905929],[31.243757,62.503344],[27.705414,60.485419],[26.482677,60.468004],[26.65919,60.651801],[26.342052,60.375556],[25.917247,60.485419],[26.108165,60.335924],[25.842052,60.402167],[25.930186,60.245185],[25.66863,60.364651],[23.429454,59.95661],[23.546153,60.07392],[23.251313,59.841132],[22.905121,59.811225],[23.247081,59.922431],[23.326427,60.009345],[22.874685,60.149604],[23.080577,60.355048],[22.525076,60.20425],[22.624278,60.399075],[21.408539,60.58039],[21.469981,60.731147],[21.328868,60.827541],[21.428396,60.902533],[21.298676,61.060126],[21.48227,61.060126],[21.572439,61.416409],[21.42213,61.485338],[21.716319,61.526923],[21.065196,62.595771],[21.688487,63.027086],[21.496593,63.20897],[21.983897,63.143215],[22.330089,63.28384],[22.281423,63.52619],[23.604503,64.027655],[24.538422,64.805325],[25.443533,64.966783],[25.211436,65.123765],[25.323578,65.506781],[24.675792,65.635443],[24.710623,65.912095],[24.206228,65.778754],[23.689437,66.25699],[24.004043,66.8052],[23.58133,67.153137],[23.765195,67.420072],[23.431262,67.48552],[23.662152,67.950427],[20.623165,69.036356],[21.638813,69.27138],[22.409205,68.712913],[23.929009,68.816214],[24.905177,68.556953],[25.79582,68.993309],[26.00511,69.689339],[27.866908,70.07531],[29.14714,69.663914],[29.344544,69.464392],[28.852171,69.203529],[28.954077,69.027261]]],[[[22.348888,60.063218],[22.442638,59.997504],[22.382823,59.99258],[22.348888,60.063218]]],[[[21.613129,60.102118],[21.571056,60.170356],[21.654307,60.155829],[21.613129,60.102118]]],[[[21.695811,60.121649],[21.853526,60.196763],[21.887706,60.176337],[21.695811,60.121649]]],[[[21.270681,60.190619],[21.368907,60.196601],[21.448904,60.183743],[21.270681,60.190619]]],[[[22.041759,60.211412],[22.009288,60.137274],[21.935395,60.176337],[22.041759,60.211412]]],[[[25.835623,60.196031],[25.822032,60.216295],[25.876231,60.217231],[25.835623,60.196031]]],[[[22.269298,60.195868],[22.24586,60.243069],[22.291759,60.245185],[22.269298,60.195868]]],[[[25.684418,60.245185],[25.57016,60.258043],[25.581716,60.296373],[25.684418,60.245185]]],[[[22.843516,60.241767],[22.729828,60.00495],[22.4699,59.997504],[22.600271,60.142157],[22.415212,60.149604],[22.44809,60.221381],[22.466482,60.183743],[22.843516,60.241767]]],[[[22.080089,60.269477],[22.249766,60.311469],[22.33961,60.2862],[22.080089,60.269477]]],[[[22.477306,60.32095],[22.312836,60.32095],[22.398204,60.355048],[22.477306,60.32095]]],[[[21.931977,60.423326],[21.794119,60.373969],[21.808116,60.466702],[21.931977,60.423326]]],[[[21.760509,60.51203],[21.681651,60.464911],[21.764171,60.525784],[21.760509,60.51203]]],[[[21.278494,60.542304],[21.250255,60.49844],[21.229177,60.559882],[21.278494,60.542304]]],[[[21.328624,60.525336],[21.48227,60.525784],[21.442638,60.471137],[21.328624,60.525336]]],[[[21.270681,60.643052],[21.233165,60.593899],[21.213878,60.61636],[21.270681,60.643052]]],[[[21.318126,60.880194],[21.27003,60.967963],[21.374278,60.930406],[21.318126,60.880194]]],[[[21.286794,63.211371],[21.243419,63.150702],[21.078949,63.287787],[21.286794,63.211371]]],[[[21.374278,63.34927],[21.315278,63.304023],[21.229177,63.328803],[21.374278,63.34927]]],[[[24.834506,65.0948],[24.734711,64.950914],[24.562755,65.037177],[24.834506,65.0948]]],[[[23.870291,59.972805],[23.894216,59.949693],[23.847423,59.954657],[23.870291,59.972805]]],[[[22.855154,60.055569],[22.926606,60.065375],[22.872244,60.006049],[22.855154,60.055569]]],[[[22.891612,60.119086],[22.946788,60.084703],[22.84547,60.082221],[22.891612,60.119086]]],[[[21.962087,60.137885],[22.01238,60.122748],[21.929942,60.124579],[21.962087,60.137885]]],[[[22.288341,60.149848],[22.375011,60.204047],[22.38559,60.195258],[22.288341,60.149848]]],[[[22.006033,60.292141],[21.972911,60.285346],[22.008311,60.297309],[22.006033,60.292141]]],[[[21.973806,60.309312],[21.909679,60.280097],[21.875336,60.304877],[21.973806,60.309312]]],[[[22.255707,60.374172],[22.191091,60.341742],[22.157237,60.351874],[22.255707,60.374172]]],[[[22.137869,60.379096],[22.20753,60.375556],[22.104259,60.354153],[22.137869,60.379096]]],[[[21.307791,60.389594],[21.355317,60.351793],[21.294444,60.37051],[21.307791,60.389594]]],[[[26.574718,60.42178],[26.652599,60.426907],[26.507172,60.403469],[26.574718,60.42178]]],[[[21.989024,63.31037],[22.046641,63.282172],[21.978282,63.280015],[21.989024,63.31037]]],[[[22.114431,63.284166],[22.069184,63.318549],[22.231293,63.338813],[22.114431,63.284166]]],[[[22.076182,63.360053],[21.99643,63.384711],[22.096039,63.38349],[22.076182,63.360053]]],[[[22.763845,63.791449],[22.739594,63.720526],[22.681488,63.763414],[22.763845,63.791449]]],[[[22.457042,59.872992],[22.443696,59.851467],[22.413829,59.861233],[22.457042,59.872992]]],[[[21.586925,60.269355],[21.62672,60.25259],[21.563487,60.226223],[21.586925,60.269355]]],[[[21.24586,60.846015],[21.263194,60.830268],[21.18629,60.856513],[21.24586,60.846015]]],[[[21.380056,61.214016],[21.352387,61.176011],[21.342947,61.190619],[21.380056,61.214016]]],[[[21.484548,61.640448],[21.507823,61.618069],[21.459972,61.62934],[21.484548,61.640448]]],[[[21.195649,62.994371],[21.146658,62.953274],[21.130382,63.0008],[21.195649,62.994371]]]]}},{"type":"Feature","properties":{"ISO3166-1-Alpha-3":"VNM"},"geometry":{"type":"MultiPolygon","coordinates":[[[[107.464737,14.449042],[107.490885,14.80424],[107.558168,14.886715],[107.445565,15.025389],[107.589071,15.058178],[107.664105,15.268552],[107.487475,15.481408],[107.369342,15.496058],[107.148787,15.773457],[107.186253,15.859395],[107.375544,15.919081],[107.435643,16.068839],[107.298959,16.064189],[107.108273,16.267484],[106.956551,16.307068],[106.855885,16.414658],[106.846687,16.530052],[106.742404,16.421531],[106.670677,16.444424],[106.640188,16.586637],[106.540659,16.659139],[106.524536,16.989248],[106.411365,16.995708],[106.284551,17.284786],[106.185435,17.257397],[105.723086,17.673496],[105.46672,18.180959],[105.365537,18.151038],[105.166169,18.306791],[105.079973,18.454353],[105.169477,18.61486],[105.112684,18.698343],[104.71028,18.796089],[104.14773,19.182887],[103.84842,19.299908],[104.089956,19.48367],[104.000969,19.680738],[104.228966,19.706008],[104.614265,19.607435],[104.675967,19.724689],[104.805003,19.790886],[104.780663,19.908088],[104.94949,19.995499],[104.907994,20.175333],[104.657053,20.212695],[104.680928,20.340982],[104.35981,20.439735],[104.444973,20.534613],[104.542642,20.535699],[104.615195,20.646493],[104.092282,20.961202],[103.785324,20.845964],[103.676338,20.656518],[103.440435,20.815733],[103.347676,20.789068],[103.115287,20.868391],[102.887859,21.226923],[102.801301,21.254828],[102.875198,21.305316],[102.918038,21.450113],[102.84967,21.425412],[102.974107,21.575325],[102.947804,21.737124],[102.84719,21.704464],[102.806727,21.836084],[102.752157,21.6809],[102.650664,21.657801],[102.59103,21.901352],[102.478065,21.957576],[102.482871,22.021396],[102.20697,22.245413],[102.118655,22.397549],[102.218029,22.410675],[102.442718,22.765175],[102.831842,22.599707],[102.902587,22.477234],[103.029039,22.430157],[103.309642,22.787938],[103.503635,22.581413],[103.646934,22.799049],[103.959525,22.507103],[104.086856,22.791556],[104.241161,22.824396],[104.236821,22.742076],[104.340173,22.686368],[104.553545,22.836049],[104.700772,22.818247],[104.823606,22.924132],[104.797923,23.085569],[104.870064,23.163548],[105.200896,23.254008],[105.312155,23.36581],[105.528266,23.155513],[105.551572,23.059679],[105.690324,23.043969],[105.853879,22.90465],[106.132105,22.975007],[106.255405,22.854653],[106.487794,22.925423],[106.789843,22.797188],[106.680186,22.57945],[106.577143,22.595314],[106.526913,22.43827],[106.662926,22.223296],[106.653107,21.968893],[106.728761,22.008322],[107.009364,21.927448],[107.002905,21.810556],[107.272656,21.718314],[107.348155,21.599355],[107.426032,21.652065],[107.501324,21.581526],[107.777896,21.655992],[107.991222,21.485663],[107.929698,21.442613],[107.909679,21.526516],[107.766856,21.520209],[107.786388,21.458401],[107.590587,21.293891],[107.522309,21.348538],[107.526622,21.298774],[107.415294,21.328681],[107.443126,21.287665],[107.360606,21.239244],[107.374278,21.027574],[107.211192,20.992255],[107.197032,20.937649],[107.066091,20.958726],[107.149181,21.040595],[107.025645,21.03384],[107.000987,20.951077],[106.85377,20.992255],[106.943126,20.910305],[106.874278,20.937649],[106.867931,20.882717],[106.772472,20.957424],[106.798106,21.024807],[106.6421,21.020168],[106.755138,20.938544],[106.699962,20.882758],[106.805919,20.677558],[106.586762,20.663275],[106.624766,20.594631],[106.518565,20.540961],[106.579926,20.547187],[106.518565,20.437323],[106.594249,20.448188],[106.592593,20.275411],[106.581659,20.264177],[106.536957,20.309149],[106.498057,20.308254],[106.569615,20.231994],[106.380707,20.211982],[106.176036,19.992336],[106.107107,19.964993],[106.107107,20.033271],[106.083507,19.964993],[106.025157,19.999172],[105.955577,19.925482],[105.928884,19.793647],[105.867442,19.773179],[105.92335,19.766791],[105.790863,19.603461],[105.808767,19.280178],[105.613292,18.985541],[105.751964,18.786322],[105.750743,18.662787],[105.764415,18.758979],[105.879242,18.510932],[106.093435,18.258734],[106.270844,18.204088],[106.34669,18.059475],[106.434825,18.123521],[106.52475,17.949612],[106.436046,17.881985],[106.498057,17.710639],[106.374522,17.765286],[106.285167,17.772121],[106.504405,17.682766],[106.763927,17.335517],[107.111827,17.088284],[107.203868,16.919257],[107.141775,16.867743],[107.216482,16.907945],[107.635265,16.587226],[107.44337,16.648017],[107.663097,16.551825],[107.841156,16.379788],[107.79656,16.387356],[107.812266,16.313178],[107.896495,16.278062],[107.929942,16.353217],[108.042979,16.346381],[108.094493,16.236518],[108.053966,16.235989],[108.204356,16.216702],[108.142263,16.148383],[108.228282,16.089748],[108.19752,16.00373],[108.258962,16.010565],[108.245372,16.162014],[108.331391,16.155341],[108.265798,16.107408],[108.279145,15.995673],[108.618663,15.529242],[108.683442,15.517768],[108.628917,15.455715],[108.697113,15.490424],[108.77296,15.325344],[108.827485,15.429023],[108.951671,15.25023],[108.862478,15.152493],[109.086111,14.715318],[109.061046,14.563707],[109.307384,13.87637],[109.303966,13.759263],[109.251475,13.890937],[109.220714,13.806138],[109.2942,13.530341],[109.218516,13.646959],[109.210134,13.630805],[109.339692,13.465481],[109.307384,13.406806],[109.245128,13.485175],[109.232188,13.393134],[109.307384,13.352769],[109.258962,13.297553],[109.2942,13.2355],[109.318126,13.288886],[109.307384,13.133043],[109.465017,12.913316],[109.458181,12.851874],[109.368826,12.824612],[109.472423,12.656399],[109.451345,12.570746],[109.403494,12.687445],[109.342052,12.660102],[109.389903,12.711615],[109.358897,12.797309],[109.204926,12.64643],[109.204926,12.550238],[109.249034,12.585517],[109.345958,12.396308],[109.297374,12.35102],[109.149669,12.440375],[109.242035,12.305406],[109.176931,12.276516],[109.224783,12.200832],[109.198497,12.207953],[109.188243,12.205756],[109.184337,12.193996],[109.2942,11.871243],[109.224783,11.878648],[109.218516,12.015815],[109.176768,12.129462],[109.208181,11.97663],[109.125824,11.863593],[109.163341,11.824042],[109.204926,11.868109],[109.242931,11.735663],[109.135997,11.570217],[109.020274,11.632799],[109.005626,11.343655],[108.838064,11.330756],[108.72934,11.181545],[108.531261,11.153266],[108.300059,10.912828],[108.106456,10.918158],[107.998302,10.699368],[107.823904,10.692369],[107.271983,10.378485],[107.190196,10.405178],[107.21754,10.425605],[107.21697,10.434475],[107.175955,10.477444],[106.991466,10.480862],[107.032725,10.525946],[107.031912,10.607489],[107.023692,10.656317],[106.984141,10.699368],[107.026866,10.544176],[106.991466,10.624905],[106.963634,10.46662],[106.943126,10.600653],[106.881602,10.652167],[106.747569,10.673651],[106.733409,10.522447],[106.581879,10.452786],[106.741059,10.468004],[106.790782,10.284857],[106.422374,10.316962],[106.797618,10.157213],[106.648936,9.974351],[106.468923,10.058987],[106.359874,10.220689],[106.292003,10.261705],[106.461681,10.035712],[106.6963,9.896552],[106.668712,9.842841],[106.662608,9.883734],[106.586762,9.822943],[106.144867,10.228583],[106.113292,10.23428],[106.574962,9.739081],[106.543712,9.585028],[106.38502,9.548285],[105.819021,10.007961],[106.197032,9.541164],[106.19337,9.36933],[105.538748,9.12934],[105.315126,8.812237],[105.101472,8.634275],[104.856212,8.565579],[104.728526,8.599514],[104.832774,8.698879],[104.911632,8.685207],[104.963145,8.719387],[104.853282,8.712551],[104.928966,8.747301],[104.92156,8.809312],[104.816661,8.771308],[104.774595,8.817867],[104.856558,9.738037],[104.892789,9.851095],[105.054861,9.933417],[105.113292,9.857082],[105.107107,9.952704],[105.003266,10.092108],[104.901052,10.097317],[104.771983,10.22663],[104.613048,10.144477],[104.524913,10.41942],[104.469574,10.378485],[104.451345,10.419664],[104.566826,10.528067],[104.854406,10.531322],[105.066744,10.713947],[105.011399,10.883833],[105.077906,10.946904],[105.317891,10.838849],[105.410496,10.963001],[105.752904,11.015608],[105.878684,10.828074],[105.931342,10.896364],[106.177322,10.766863],[106.121822,10.925226],[106.187864,10.976308],[106.160321,11.053512],[106.08663,11.056329],[105.844423,11.28988],[105.872173,11.443463],[105.80489,11.624925],[105.934081,11.642856],[106.01542,11.770497],[106.425834,11.66208],[106.394002,11.969813],[106.70158,11.970795],[106.771963,12.065828],[106.953399,12.081072],[107.211884,12.30571],[107.320198,12.329223],[107.415851,12.254085],[107.514295,12.343847],[107.565093,12.606415],[107.460396,13.021609],[107.604315,13.498531],[107.44324,13.783475],[107.430734,13.984471],[107.354563,14.002402],[107.31994,14.119837],[107.351773,14.341968],[107.464737,14.449042]]],[[[106.093435,9.760891],[106.284434,9.543687],[106.196625,9.571682],[106.125987,9.672431],[106.093435,9.760891]]],[[[106.511729,10.295885],[106.752452,10.23607],[106.724132,10.226508],[106.511729,10.295885]]],[[[107.172048,10.464586],[107.211192,10.425605],[107.087169,10.323188],[107.079356,10.391018],[107.172048,10.464586]]],[[[106.927501,10.521186],[106.977306,10.405178],[106.88795,10.370998],[106.927501,10.521186]]],[[[106.908946,10.532375],[106.85377,10.562812],[106.871267,10.607652],[106.85377,10.631049],[106.929454,10.597561],[106.908946,10.532375]]],[[[109.273204,12.235541],[109.307384,12.187161],[109.245291,12.228095],[109.273204,12.235541]]],[[[106.662608,8.739814],[106.655772,8.698879],[106.57838,8.655463],[106.570974,8.705959],[106.662608,8.739814]]],[[[106.442882,9.932807],[106.535655,9.829169],[106.422374,9.939032],[106.442882,9.932807]]],[[[104.082042,10.370998],[104.033458,10.096015],[104.05128,10.007961],[103.846039,10.371283],[103.933767,10.36636],[104.004731,10.450995],[104.082042,10.370998]]],[[[106.874278,10.460395],[106.832286,10.472398],[106.819591,10.46662],[106.840099,10.405178],[106.770681,10.464301],[106.751964,10.665839],[106.84783,10.613837],[106.840099,10.494534],[106.874278,10.460395]]],[[[107.080333,20.800442],[107.031912,20.787421],[107.073497,20.732164],[107.046153,20.70425],[106.912852,20.8369],[106.957367,20.876776],[107.080333,20.800442]]],[[[106.785411,20.930813],[106.881602,20.821519],[106.873546,20.789537],[106.819591,20.876776],[106.770681,20.858588],[106.785411,20.930813]]],[[[107.463878,20.814114],[107.553233,20.972357],[107.545177,20.919135],[107.463878,20.814114]]],[[[107.7588,20.982611],[107.792817,20.986029],[107.738292,20.937649],[107.7588,20.982611]]],[[[107.532725,21.040595],[107.511729,20.923977],[107.39503,20.897284],[107.532725,21.040595]]],[[[107.594249,21.089057],[107.5796,20.98314],[107.559418,20.986029],[107.594249,21.089057]]],[[[107.580577,21.211982],[107.470714,21.095893],[107.372895,21.059556],[107.455333,21.275702],[107.580577,21.211982]]],[[[107.783946,21.35635],[107.817068,21.348538],[107.711436,21.307563],[107.783946,21.35635]]],[[[107.868663,21.390082],[107.998302,21.403754],[107.841156,21.348538],[107.868663,21.390082]]],[[[108.930186,10.514553],[108.958995,10.537543],[108.960785,10.502875],[108.930186,10.514553]]],[[[109.368907,12.627753],[109.400238,12.557929],[109.312022,12.614325],[109.368907,12.627753]]],[[[107.357107,20.829332],[107.380219,20.797553],[107.341075,20.842597],[107.357107,20.829332]]],[[[107.339203,20.890367],[107.367686,20.858385],[107.33253,20.883287],[107.339203,20.890367]]],[[[107.81658,21.005845],[107.856293,21.033271],[107.817719,20.988267],[107.81658,21.005845]]]]}},{"type":"Feature","properties":{"ISO3166-1-Alpha-3":"KHM"},"geometry":{"type":"MultiPolygon","coordinates":[[[[107.520393,14.704582],[107.31994,14.119837],[107.604315,13.498531],[107.522253,12.366585],[106.394002,11.969813],[106.425834,11.66208],[105.80489,11.624925],[106.177322,10.766863],[105.077906,10.946904],[104.469571,10.415774],[103.866384,10.699368],[103.623871,10.500922],[103.53297,11.162746],[103.12672,10.881293],[103.084972,11.727851],[102.893077,11.830268],[102.968761,11.714179],[102.9546,11.570217],[102.328203,13.27516],[102.934058,14.200969],[104.771672,14.439869],[106.069163,13.916542],[105.973975,14.365843],[106.512496,14.590351],[106.933607,14.320161],[107.520393,14.704582]]],[[[103.743419,10.480862],[103.805919,10.48432],[103.794688,10.453559],[103.743419,10.480862]]],[[[103.245128,10.777981],[103.277354,10.672675],[103.198497,10.762356],[103.245128,10.777981]]],[[[102.989268,11.426174],[103.043305,11.273424],[103.007579,11.255072],[102.989268,11.426174]]],[[[102.99586,11.513739],[103.050792,11.46776],[103.030284,11.426174],[102.99586,11.513739]]],[[[103.319509,10.617336],[103.323497,10.545152],[103.289073,10.612738],[103.319509,10.617336]]]]}},{"type":"Feature","properties":{"ISO3166-1-Alpha-3":"LUX"},"geometry":{"type":"Polygon","coordinates":[[[6.117487,50.120456],[6.502579,49.79567],[6.345307,49.455349],[5.790685,49.537753],[5.718958,49.891374],[6.117487,50.120456]]]}},{"type":"Feature","properties":{"ISO3166-1-Alpha-3":"ARE"},"geometry":{"type":"MultiPolygon","coordinates":[[[[56.077397,26.061048],[56.369965,25.525702],[56.383311,24.978217],[56.099139,24.730507],[55.799105,24.886105],[55.755697,24.230331],[55.997853,24.08127],[55.456801,23.963164],[55.120387,22.623426],[52.558476,22.938575],[51.578536,24.101837],[51.593761,24.384914],[51.928722,23.964748],[52.600271,24.20954],[53.878917,24.064846],[54.427257,24.292141],[56.077397,26.061048]],[[56.260625,25.331075],[56.208375,25.255374],[56.219958,25.215258],[56.344375,25.266528],[56.260625,25.331075]]],[[[56.282979,25.255476],[56.265075,25.281175],[56.288328,25.271926],[56.282979,25.255476]]],[[[53.774669,24.130113],[53.848155,24.275051],[53.964854,24.172593],[53.774669,24.130113]]],[[[54.188324,24.277493],[54.112559,24.271674],[54.115245,24.318508],[54.188324,24.277493]]],[[[52.556104,24.306946],[52.650855,24.324899],[52.592154,24.253368],[52.556104,24.306946]]],[[[53.44044,24.341254],[53.184581,24.287014],[53.416759,24.412828],[53.44044,24.341254]]],[[[54.470551,24.425035],[54.334809,24.46894],[54.396251,24.522691],[54.470551,24.425035]]],[[[54.232432,24.357571],[54.222179,24.284491],[54.184581,24.337063],[54.232432,24.357571]]],[[[54.279063,24.364447],[54.336111,24.350328],[54.30893,24.31387],[54.279063,24.364447]]],[[[52.283214,24.497016],[52.339238,24.501552],[52.314228,24.475651],[52.283214,24.497016]]]]}},{"type":"Feature","properties":{"ISO3166-1-Alpha-3":"BEL"},"geometry":{"type":"Polygon","coordinates":[[[2.5218,51.087541],[5.027527,51.476807],[5.829132,51.156465],[5.624493,50.830284],[6.374525,50.315483],[5.718958,49.891374],[5.8374,49.56111],[5.456132,49.498944],[4.849037,49.794171],[4.862679,50.147586],[4.464771,49.935609],[4.131665,49.974987],[4.197604,50.258484],[2.786734,50.723365],[2.5218,51.087541]]]}},{"type":"Feature","properties":{"ISO3166-1-Alpha-3":"GEO"},"geometry":{"type":"Polygon","coordinates":[[[41.773936,41.821601],[41.424327,42.739895],[40.335134,43.140855],[40.059187,43.535199],[42.829768,43.168761],[43.939726,42.55221],[45.155362,42.693261],[46.406552,41.91504],[46.192767,41.610174],[46.694803,41.269782],[46.47492,41.044111],[45.281711,41.452923],[43.450453,41.104676],[42.800932,41.57922],[41.812982,41.421814],[41.520763,41.514228],[41.773936,41.821601]]]}},{"type":"Feature","properties":{"ISO3166-1-Alpha-3":"MKD"},"geometry":{"type":"Polygon","coordinates":[[[20.567147,41.873182],[22.268852,42.370335],[23.009582,41.71637],[22.704898,41.139661],[20.965262,40.849394],[20.500071,41.23552],[20.567147,41.873182]]]}},{"type":"Feature","properties":{"ISO3166-1-Alpha-3":"ALB"},"geometry":{"type":"Polygon","coordinates":[[[20.481674,42.230705],[20.500071,41.23552],[21.036679,40.639743],[20.184122,39.637013],[19.289561,40.420396],[19.474946,40.348375],[19.304373,40.653144],[19.612966,41.605292],[19.272033,42.180682],[19.699293,42.654814],[20.481674,42.230705]]]}},{"type":"Feature","properties":{"ISO3166-1-Alpha-3":"AZE"},"geometry":{"type":"MultiPolygon","coordinates":[[[[44.96695,41.044834],[45.018885,41.07491],[45.015732,41.023234],[44.96695,41.044834]]],[[[45.0024,41.290452],[45.464801,41.430185],[46.496779,41.044834],[46.688499,41.284355],[46.180002,41.655159],[46.430892,41.890442],[47.828739,41.198417],[48.578949,41.845282],[49.53891,40.653998],[50.237559,40.496161],[50.391124,40.235012],[49.492524,40.153998],[49.407074,39.289496],[49.079275,38.963324],[48.967621,39.183824],[48.874278,38.434068],[48.607865,38.395978],[47.993122,38.850085],[48.33894,39.378941],[47.971418,39.704554],[46.514039,38.882176],[46.524271,39.554641],[45.579419,39.970171],[45.97924,40.223592],[45.526192,40.441047],[45.373643,40.675296],[45.599159,40.862675],[45.0024,41.290452]],[[45.47927,40.650233],[45.547173,40.621553],[45.560712,40.647649],[45.47927,40.650233]]],[[[46.135871,38.863701],[45.438601,39.004235],[44.774559,39.702797],[45.788088,39.548957],[46.135871,38.863701]]],[[[45.220474,40.97905],[45.186781,40.970834],[45.17717,40.99383],[45.220474,40.97905]]],[[[50.606944,40.337836],[50.572765,40.310045],[50.565278,40.337836],[50.606944,40.337836]]],[[[50.360525,40.474433],[50.353689,40.399888],[50.326427,40.481879],[50.360525,40.474433]]]]}},{"type":"Feature","properties":{"ISO3166-1-Alpha-3":"-99"},"geometry":{"type":"Polygon","coordinates":[[[20.064956,42.546758],[20.79442,43.263071],[21.772758,42.647501],[21.564066,42.246289],[20.681456,41.84401],[20.064956,42.546758]]]}},{"type":"Feature","properties":{"ISO3166-1-Alpha-3":"TUR"},"geometry":{"type":"MultiPolygon","coordinates":[[[[42.660992,41.588264],[43.720618,40.762888],[43.665427,40.110163],[44.325645,40.034663],[44.806993,39.639902],[44.565734,39.765894],[44.387967,39.414495],[44.014863,39.374084],[44.458764,38.338333],[44.202087,37.897171],[44.59612,37.716381],[44.766135,37.14192],[44.284821,36.969166],[44.088037,37.31116],[42.780468,37.375498],[42.545237,37.140887],[42.211201,37.324906],[39.239599,36.661278],[38.224261,36.908394],[37.446117,36.634199],[36.639861,36.828089],[36.67004,36.237324],[36.138497,35.819779],[35.787364,36.304267],[36.211192,36.642401],[36.020274,36.926337],[35.346039,36.541083],[34.692882,36.81387],[33.958995,36.213568],[32.803722,36.027167],[32.018809,36.546536],[30.686534,36.891181],[30.427419,36.226386],[29.672374,36.123358],[28.451996,36.883612],[28.035899,36.564765],[28.118419,36.800605],[27.671153,36.657782],[27.404307,36.665229],[28.329356,37.03677],[27.263194,36.963365],[27.615977,37.274726],[27.011485,37.665717],[27.239106,37.987942],[26.233084,38.28026],[26.513031,38.432929],[26.414073,38.679389],[26.673106,38.307196],[27.164236,38.446601],[26.719086,38.652655],[27.062673,38.886868],[26.609223,39.275214],[26.937673,39.574774],[26.069998,39.496283],[26.167654,39.973578],[26.735606,40.403551],[29.051606,40.367336],[28.792654,40.55329],[29.939301,40.735053],[29.254568,40.810777],[29.007579,41.030504],[29.062348,41.076321],[29.090587,41.140937],[29.069102,41.152777],[29.169688,41.2331],[31.231212,41.091986],[33.324474,42.019029],[35.023936,42.092515],[35.298188,41.715155],[36.044932,41.701483],[36.39503,41.256415],[38.330903,40.917873],[39.430186,41.112494],[40.142751,40.922797],[41.520763,41.514228],[42.660992,41.588264]]],[[[28.016775,41.972561],[28.232758,41.518988],[29.109223,41.235297],[28.992361,41.008205],[27.524181,40.989203],[26.157481,40.055325],[26.828949,40.601996],[26.053722,40.66059],[26.631738,41.357528],[26.334185,41.789543],[27.046545,42.082936],[28.016775,41.972561]]],[[[26.004242,39.845201],[26.074962,39.784898],[25.978038,39.834174],[26.004242,39.845201]]],[[[25.663259,40.126166],[25.990245,40.136908],[25.765961,40.097154],[25.663259,40.126166]]],[[[27.545909,40.660346],[27.732677,40.62519],[27.526378,40.639106],[27.545909,40.660346]]],[[[27.60727,40.505439],[27.656586,40.449449],[27.579926,40.476549],[27.60727,40.505439]]]]}},{"type":"Feature","properties":{"ISO3166-1-Alpha-3":"ESP"},"geometry":{"type":"MultiPolygon","coordinates":[[[[-5.28307,35.911689],[-5.378401,35.881687],[-5.398859,35.924504],[-5.28307,35.911689]]],[[[-2.963768,35.286219],[-2.922027,35.287991],[-2.912913,35.276923],[-2.963768,35.286219]]],[[[-1.794075,43.386015],[-0.56903,42.772636],[0.812901,42.831624],[2.00921,42.34708],[3.18097,42.431484],[3.232188,41.946031],[0.714203,40.815212],[0.858084,40.686265],[-0.323354,39.516221],[0.234548,38.742255],[-0.509836,38.338365],[-0.856109,37.742499],[-0.705312,37.619534],[-1.670888,37.363308],[-2.126698,36.736396],[-4.403188,36.723863],[-5.611765,36.006456],[-6.394683,36.636908],[-6.194814,36.932115],[-6.38801,36.808173],[-6.852691,37.295233],[-7.414418,37.192816],[-7.514343,37.601401],[-6.947504,38.196636],[-7.35921,38.446362],[-6.973291,39.013951],[-7.557286,39.679801],[-7.021143,39.694012],[-6.794438,40.356401],[-6.942491,41.015999],[-6.205947,41.57028],[-6.609488,41.962324],[-8.179574,41.810705],[-8.222362,42.15363],[-8.881256,41.893297],[-8.622711,42.34748],[-8.867502,42.256415],[-8.730946,42.688422],[-9.026357,42.543118],[-8.887685,42.831122],[-9.273061,42.893337],[-9.2176,43.155341],[-8.210194,43.313218],[-8.312652,43.567125],[-7.685536,43.793443],[-7.044586,43.479193],[-5.852203,43.66295],[-4.481679,43.383612],[-1.794075,43.386015]]],[[[1.999495,42.443896],[1.947509,42.451234],[1.956604,42.481775],[1.999495,42.443896]]],[[[-17.933949,27.852037],[-17.979482,27.642524],[-18.16039,27.722357],[-18.167226,27.757554],[-17.933949,27.852037]]],[[[-15.391591,28.030219],[-15.577952,27.734361],[-15.821197,27.92178],[-15.706207,28.167385],[-15.391591,28.030219]]],[[[-17.257888,28.02457],[-17.212721,28.205449],[-17.09842,28.100764],[-17.257888,28.02457]]],[[[-16.117747,28.572089],[-16.692683,27.999847],[-16.916058,28.35497],[-16.117747,28.572089]]],[[[-13.972646,28.735907],[-13.933705,28.244208],[-14.507069,28.071194],[-14.224436,28.218573],[-13.972646,28.735907]]],[[[-17.996816,28.780097],[-17.721044,28.730644],[-17.837066,28.45539],[-17.996816,28.780097]]],[[[-13.482981,29.239936],[-13.482045,28.999457],[-13.867299,28.864895],[-13.798492,29.048082],[-13.482981,29.239936]]],[[[-13.508168,29.289455],[-13.492014,29.242662],[-13.541249,29.229397],[-13.508168,29.289455]]],[[[-0.754506,37.7744],[-0.740142,37.70246],[-0.726471,37.665188],[-0.746897,37.683783],[-0.754506,37.7744]]],[[[1.431326,38.754869],[1.581391,38.653062],[1.38295,38.642061],[1.431326,38.754869]]],[[[1.605968,39.091295],[1.403105,38.832278],[1.216645,38.885077],[1.356781,39.077623],[1.605968,39.091295]]],[[[3.354503,39.784369],[3.060802,39.26907],[2.350759,39.576483],[3.179454,39.968777],[3.354503,39.784369]]],[[[4.105072,40.079413],[4.248139,39.816474],[3.803152,40.018134],[4.105072,40.079413]]],[[[2.980582,39.18556],[2.962154,39.116062],[2.913614,39.151963],[2.980582,39.18556]]],[[[-4.301885,35.172664],[-4.298701,35.172612],[-4.2969,35.172249],[-4.301885,35.172664]]],[[[-3.902533,35.214787],[-3.902329,35.215905],[-3.901957,35.215464],[-3.902533,35.214787]]],[[[-3.901308,35.217319],[-3.899953,35.217861],[-3.899818,35.217285],[-3.901308,35.217319]]],[[[-2.431414,35.178766],[-2.429394,35.186038],[-2.426502,35.182114],[-2.431414,35.178766]]],[[[-5.42084,35.914269],[-5.41597,35.913531],[-5.417888,35.910874],[-5.42084,35.914269]]]]}},{"type":"Feature","properties":{"ISO3166-1-Alpha-3":"LAO"},"geometry":{"type":"Polygon","coordinates":[[[102.118655,22.397549],[102.650664,21.657801],[102.947804,21.737124],[102.801301,21.254828],[103.130015,20.854904],[103.676338,20.656518],[104.092282,20.961202],[104.615195,20.646493],[104.35981,20.439735],[104.94949,19.995499],[104.614265,19.607435],[104.000969,19.680738],[103.84842,19.299908],[105.112684,18.698343],[105.166169,18.306791],[106.524536,16.989248],[106.670677,16.444424],[107.435643,16.068839],[107.148787,15.773457],[107.664105,15.268552],[107.414921,14.543429],[106.835835,14.307061],[106.230084,14.49046],[105.969428,14.354861],[106.069163,13.916542],[105.256913,14.182443],[105.640921,15.68199],[104.76516,16.511345],[104.816423,17.372791],[103.975441,18.330665],[103.306851,18.425672],[102.68291,17.810077],[102.078503,18.213799],[101.132307,17.461674],[100.886017,17.57376],[101.165173,18.053421],[101.254884,19.547154],[100.474259,19.524985],[100.546503,20.167917],[100.099812,20.362221],[101.159024,21.552691],[101.259741,21.179484],[101.766739,21.150648],[101.515746,22.245362],[101.71315,22.491548],[102.118655,22.397549]]]}},{"type":"Feature","properties":{"ISO3166-1-Alpha-3":"KGZ"},"geometry":{"type":"Polygon","coordinates":[[[80.210328,42.189519],[78.074955,41.039512],[76.860972,41.013208],[76.330152,40.348081],[75.681819,40.291702],[75.559863,40.63287],[74.835359,40.511637],[73.966368,40.033268],[73.820744,39.468186],[72.228903,39.189237],[71.459545,39.612105],[70.770129,39.382093],[70.477227,39.601201],[69.300348,39.515625],[69.226296,39.751011],[69.518009,40.125097],[70.004595,40.208761],[70.477227,39.900925],[70.995129,40.266587],[71.707178,40.144269],[73.148641,40.813686],[72.165135,40.999359],[71.671418,41.547388],[71.18013,41.108138],[70.166549,41.520206],[71.238215,42.160244],[70.852657,42.306075],[71.404613,42.794883],[73.505105,42.402943],[73.57094,43.031922],[74.178759,43.261702],[75.620428,42.805295],[76.956884,42.988514],[79.148274,42.790981],[80.210328,42.189519]],[[71.757304,39.903095],[71.681753,39.955082],[71.665527,39.940199],[71.757304,39.903095]],[[71.021897,39.880823],[71.008564,40.157757],[70.954046,40.095797],[71.021897,39.880823]],[[70.698919,39.858447],[70.581614,39.766566],[70.70481,39.822067],[70.698919,39.858447]]]}},{"type":"Feature","properties":{"ISO3166-1-Alpha-3":"ARM"},"geometry":{"type":"MultiPolygon","coordinates":[[[[45.0024,41.290452],[45.599159,40.862675],[45.373643,40.675296],[45.526192,40.441047],[45.97924,40.223592],[45.579419,39.970171],[46.524271,39.554641],[46.514039,38.882176],[46.135871,38.863701],[45.765454,39.561566],[43.665427,40.110163],[43.720618,40.762888],[43.440428,41.106588],[45.0024,41.290452]],[[45.018885,41.07491],[44.96695,41.044834],[45.015732,41.023234],[45.018885,41.07491]],[[45.186781,40.970834],[45.220474,40.97905],[45.17717,40.99383],[45.186781,40.970834]]],[[[45.547173,40.621553],[45.47927,40.650233],[45.560712,40.647649],[45.547173,40.621553]]]]}},{"type":"Feature","properties":{"ISO3166-1-Alpha-3":"DNK"},"geometry":{"type":"MultiPolygon","coordinates":[[[[8.660776,54.896311],[8.681895,55.133205],[8.458832,55.103461],[8.689464,55.141588],[8.617686,55.437934],[8.095225,55.549058],[8.127778,55.987616],[8.393321,55.909166],[8.107921,56.024319],[8.178722,56.672065],[8.726573,56.483222],[9.063162,56.812567],[9.060557,56.565741],[9.326182,56.530341],[9.200206,56.93891],[9.915782,57.05858],[9.114513,57.05858],[8.679535,56.952541],[8.408214,56.688666],[8.586274,56.688666],[8.559581,56.593004],[8.24586,56.704006],[8.247895,56.812445],[8.618012,57.12287],[9.41212,57.165432],[9.96697,57.591376],[10.197602,57.601223],[10.539073,57.743842],[10.648936,57.737006],[10.347179,57.010199],[9.99464,57.092719],[9.926931,57.05858],[10.313731,56.982856],[10.340587,56.717353],[10.146495,56.722357],[9.805919,56.640204],[10.334239,56.703843],[10.340343,56.620347],[10.214366,56.558295],[10.18336,56.46955],[10.822276,56.534247],[10.911632,56.334052],[10.548025,56.101264],[10.403005,56.298245],[10.18214,55.833686],[9.867442,55.851996],[10.005219,55.701117],[9.556407,55.711575],[9.85377,55.626654],[9.498057,55.489447],[9.710297,55.248684],[9.434337,55.037543],[9.730968,54.995429],[9.745942,54.836005],[8.660776,54.896311]]],[[[11.845225,54.73192],[11.474376,54.626125],[10.999197,54.78677],[11.2317,54.961249],[11.845225,54.73192]]],[[[10.18922,54.977484],[10.518565,54.851996],[10.383474,54.830756],[10.18922,54.977484]]],[[[12.250987,55.060736],[12.551768,54.95718],[12.115001,54.907294],[12.250987,55.060736]]],[[[9.628429,55.058051],[10.064464,54.881008],[9.953624,54.862616],[9.628429,55.058051]]],[[[10.601085,54.838324],[10.956716,55.153713],[10.693858,54.735297],[10.601085,54.838324]]],[[[14.760916,55.309272],[15.072666,54.991638],[14.684173,55.101347],[14.760916,55.309272]]],[[[8.46339,55.427436],[8.402354,55.380032],[8.37436,55.463284],[8.46339,55.427436]]],[[[10.834321,55.290269],[10.065929,55.092231],[9.67628,55.495673],[10.627615,55.613593],[10.834321,55.290269]]],[[[12.520193,55.619208],[12.674571,55.601264],[12.556326,55.550482],[12.520193,55.619208]]],[[[10.669281,55.880032],[10.515391,55.951239],[10.543956,55.997992],[10.669281,55.880032]]],[[[12.014659,55.167467],[11.949067,54.56859],[11.910167,54.721666],[11.711436,54.940823],[11.882823,54.981757],[11.615896,55.092231],[11.806977,55.146877],[11.260997,55.200588],[10.875499,55.742743],[11.768321,55.970526],[11.607758,55.783026],[11.779796,55.660142],[11.934744,55.933661],[12.060313,55.653998],[12.026134,55.941352],[11.865571,55.972724],[12.621918,56.043769],[12.602224,55.708564],[12.19809,55.487494],[12.465017,55.290269],[12.014659,55.167467]]],[[[11.581065,56.68122],[11.520844,56.715399],[11.649425,56.729641],[11.581065,56.68122]]],[[[8.928884,56.97663],[8.658376,56.678127],[8.514659,56.738227],[8.928884,56.97663]]],[[[10.946601,57.304643],[11.028835,57.201914],[10.854991,57.264635],[10.946601,57.304643]]]]}},{"type":"Feature","properties":{"ISO3166-1-Alpha-3":"LBY"},"geometry":{"type":"Polygon","coordinates":[[[11.505112,33.181225],[15.181977,32.395494],[15.761485,31.388129],[17.848643,30.923651],[19.056814,30.266181],[20.099864,30.935004],[20.071544,32.176418],[21.62322,32.936754],[23.10613,32.639838],[23.312185,32.162746],[25.017914,31.949042],[25.156261,31.663072],[24.848953,31.34863],[24.994887,30.785099],[24.688343,30.144156],[24.981245,29.181372],[24.976801,19.995964],[23.981306,19.995421],[23.981306,19.496124],[15.985101,23.44472],[14.216217,22.616295],[13.482257,23.179672],[11.968861,23.517351],[11.50863,24.313814],[10.260335,24.576641],[9.377804,26.168946],[9.854571,26.524377],[9.93591,27.866724],[9.826149,29.128533],[9.286544,30.117129],[10.192225,30.731252],[10.263952,31.680496],[11.546354,32.434275],[11.505112,33.181225]]]}},{"type":"Feature","properties":{"ISO3166-1-Alpha-3":"TUN"},"geometry":{"type":"MultiPolygon","coordinates":[[[[11.505112,33.181225],[11.546354,32.434275],[10.263952,31.680496],[10.253927,30.841788],[9.519708,30.228905],[9.045008,32.071842],[8.331253,32.527628],[7.484897,33.855015],[8.236479,34.647654],[8.431299,35.241726],[8.169919,36.525834],[8.60251,36.939511],[9.74464,37.345201],[10.272146,37.178534],[10.355317,36.731187],[11.051036,37.080308],[11.130545,36.854039],[10.474695,36.112486],[11.15916,35.218757],[10.005219,34.17064],[10.330251,33.702826],[11.042817,33.617865],[11.179535,33.211086],[11.505112,33.181225]]],[[[10.991466,33.841702],[10.887786,33.640142],[10.740154,33.715478],[10.736013,33.884752],[10.991466,33.841702]]],[[[11.055708,34.620962],[10.987153,34.67178],[11.110842,34.659506],[11.055708,34.620962]]],[[[11.25427,34.825822],[11.297035,34.728693],[11.130746,34.663291],[11.25427,34.825822]]]]}},{"type":"Feature","properties":{"ISO3166-1-Alpha-3":"ROU"},"geometry":{"type":"Polygon","coordinates":[[[22.877601,47.946739],[24.542098,47.943819],[24.896599,47.710061],[26.938128,48.204811],[28.234121,46.662424],[28.062142,45.593601],[28.710061,45.226956],[29.569699,45.394956],[29.617849,44.861477],[29.000743,44.68891],[29.110606,44.970038],[28.869395,44.943345],[28.57838,43.741278],[27.027476,44.177046],[25.403131,43.65005],[22.888763,43.839522],[23.030976,44.093072],[22.477005,44.463954],[22.765153,44.58281],[21.395934,44.790239],[21.493292,45.145101],[20.242826,46.108091],[21.144476,46.283739],[22.007886,47.517411],[22.877601,47.946739]]]}},{"type":"Feature","properties":{"ISO3166-1-Alpha-3":"HUN"},"geometry":{"type":"Polygon","coordinates":[[[22.877601,47.946739],[22.007886,47.517411],[21.051459,46.236094],[19.549948,46.16416],[18.404385,45.741809],[17.345328,45.955697],[16.094035,46.862774],[16.486363,46.998554],[16.433963,47.39685],[16.689141,47.53803],[16.407815,47.66133],[17.075371,47.708484],[17.184821,48.020274],[18.692843,47.777963],[18.838467,48.040015],[19.928633,48.130087],[20.481674,48.526083],[21.424563,48.561275],[22.271849,48.403455],[22.877601,47.946739]]]}},{"type":"Feature","properties":{"ISO3166-1-Alpha-3":"SVK"},"geometry":{"type":"Polygon","coordinates":[[[22.539637,49.0722],[22.09646,48.379425],[20.51051,48.533783],[19.928633,48.130087],[18.838467,48.040015],[18.692843,47.777963],[17.741997,47.76538],[16.84448,48.365602],[17.167458,48.859758],[19.443392,49.60178],[19.785903,49.188162],[21.260542,49.449438],[22.539637,49.0722]]]}},{"type":"Feature","properties":{"ISO3166-1-Alpha-3":"POL"},"geometry":{"type":"Polygon","coordinates":[[[18.833196,49.510261],[18.559208,49.907187],[17.632753,50.106348],[17.707994,50.311039],[16.892953,50.432943],[17.014806,50.218486],[16.660616,50.093016],[16.199559,50.406278],[16.331644,50.644042],[15.144429,51.011564],[14.810393,50.858447],[15.019476,51.271678],[14.585807,51.803893],[14.644821,52.576921],[14.123923,52.850651],[14.44163,53.251841],[14.263901,53.699976],[14.590587,53.598375],[14.630626,53.851508],[14.175289,53.906478],[18.152354,54.838324],[18.339529,54.833482],[18.75172,54.69009],[18.413097,54.746527],[18.885916,54.350165],[22.837603,54.400918],[23.449039,54.154938],[23.922498,52.742596],[23.165645,52.289393],[23.637451,52.084471],[23.5434,51.592743],[24.143156,50.856432],[24.107706,50.540844],[22.665831,49.567363],[22.855276,48.994013],[21.601193,49.426493],[20.050486,49.173227],[19.457344,49.598059],[18.833196,49.510261]]]}},{"type":"Feature","properties":{"ISO3166-1-Alpha-3":"IRL"},"geometry":{"type":"MultiPolygon","coordinates":[[[[-6.939565,55.239081],[-8.173837,54.461741],[-7.326964,54.113597],[-7.017836,54.413166],[-6.630624,54.041819],[-6.107289,54.013617],[-6.378285,53.934882],[-5.99352,52.957424],[-6.49649,52.364325],[-6.347035,52.197252],[-6.997385,52.289211],[-9.223785,51.487291],[-9.820221,51.445705],[-9.458608,51.683987],[-9.560211,51.761623],[-10.156077,51.582831],[-9.580719,51.877672],[-10.341054,51.788275],[-9.758168,52.152045],[-10.436594,52.097398],[-10.461293,52.179999],[-8.751169,52.67296],[-9.93635,52.556708],[-8.894846,53.220893],[-10.176503,53.412665],[-9.560211,53.865139],[-9.943756,53.879381],[-9.787506,53.916083],[-9.833892,54.112128],[-10.115102,54.235053],[-8.51122,54.20775],[-8.663889,54.35928],[-8.120839,54.646552],[-8.79776,54.691962],[-8.325673,54.831529],[-8.278472,55.160549],[-7.643951,55.272773],[-7.681386,54.954413],[-7.384429,55.386379],[-6.939565,55.239081]]],[[[-9.710357,53.275458],[-9.658315,53.232652],[-9.710357,53.238593],[-9.710357,53.275458]]],[[[-9.975901,54.021145],[-9.957997,53.880601],[-10.26594,53.981838],[-9.975901,54.021145]]],[[[-8.565826,54.975531],[-8.496571,55.000678],[-8.483957,54.975531],[-8.565826,54.975531]]],[[[-9.881663,51.641059],[-9.799306,51.636786],[-9.917877,51.619371],[-9.881663,51.641059]]],[[[-10.351674,51.931138],[-10.322662,51.903266],[-10.429026,51.889838],[-10.351674,51.931138]]],[[[-9.696685,53.136542],[-9.660512,53.090644],[-9.811431,53.1376],[-9.696685,53.136542]]]]}},{"type":"Feature","properties":{"ISO3166-1-Alpha-3":"GBR"},"geometry":{"type":"MultiPolygon","coordinates":[[[[-7.2471,55.069322],[-6.100982,55.212388],[-5.689849,54.793118],[-5.907379,54.605618],[-5.574696,54.68008],[-5.433827,54.461005],[-5.701975,54.577704],[-5.553049,54.298529],[-6.079579,54.034573],[-6.630624,54.041819],[-7.017836,54.413166],[-7.609014,54.139901],[-8.173837,54.461741],[-7.2471,55.069322]]],[[[-2.383372,51.773261],[-3.539174,51.398505],[-5.310943,51.864],[-3.947336,52.549262],[-4.077626,52.926663],[-4.762847,52.789496],[-4.358225,53.028469],[-4.177968,53.217597],[-3.087758,53.234687],[-3.058258,53.43476],[-2.8815,53.288398],[-2.699778,53.351793],[-3.101918,53.558051],[-2.795969,54.248725],[-3.145375,54.063788],[-3.634185,54.512885],[-3.02184,54.975531],[-4.402903,54.907294],[-4.382395,54.68008],[-4.85912,54.866278],[-4.85912,54.632961],[-5.157135,54.879096],[-4.617787,55.495592],[-4.886464,55.919664],[-4.481679,55.92829],[-4.851552,55.988023],[-4.755523,56.206529],[-4.983144,55.871039],[-5.338287,55.996568],[-4.920522,56.277777],[-5.444407,56.027574],[-5.317779,55.783026],[-5.782867,55.313544],[-5.454986,55.845771],[-5.707509,55.942572],[-5.572581,56.32807],[-4.995595,56.715969],[-5.674062,56.496894],[-6.008168,56.642279],[-5.543691,56.695461],[-6.161733,56.678209],[-6.234486,56.728583],[-5.40038,57.106391],[-5.680898,57.157904],[-5.440663,57.319281],[-5.729319,57.298163],[-5.501291,57.370998],[-5.44811,57.421698],[-5.807769,57.354926],[-5.839182,57.579291],[-5.639963,57.511054],[-5.512685,57.54149],[-5.811187,57.833197],[-5.07079,57.833197],[-5.447011,58.084377],[-4.933583,58.223049],[-5.173207,58.353949],[-4.988189,58.628323],[-4.495351,58.44953],[-3.019114,58.640326],[-4.009348,57.867906],[-4.392405,57.908271],[-4.039906,57.818183],[-3.779449,57.855658],[-3.988271,57.69599],[-4.294789,57.680162],[-4.428456,57.577541],[-4.009348,57.688544],[-4.248931,57.497463],[-3.409169,57.723334],[-1.829457,57.613471],[-2.514556,56.591498],[-3.323476,56.365912],[-2.576812,56.277777],[-3.837473,56.106431],[-2.13801,55.914618],[-1.630849,55.58511],[-1.203725,54.625718],[-0.07551,54.112128],[-0.219472,54.022773],[0.133474,53.642646],[0.149262,53.609605],[0.131196,53.573432],[-0.260365,53.735419],[-0.637034,53.732001],[-0.726471,53.700629],[0.219493,53.419501],[0.356619,53.145738],[0.010265,52.886461],[1.274669,52.929185],[1.747244,52.62519],[1.582286,52.081488],[0.384532,51.453111],[0.694835,51.477037],[0.554535,51.412177],[0.72641,51.419013],[0.764415,51.364407],[0.977224,51.349189],[1.448253,51.38288],[0.979828,50.918158],[-0.789947,50.730048],[-0.939198,50.843248],[-1.46642,50.918158],[-1.317291,50.800238],[-2.453359,50.527655],[-3.464426,50.678534],[-3.660634,50.221015],[-4.200551,50.459418],[-5.191151,49.959133],[-5.705149,50.052314],[-4.228505,51.19245],[-3.02184,51.19245],[-2.383372,51.773261]]],[[[-1.082753,50.713324],[-1.279205,50.582506],[-1.569488,50.658026],[-1.318512,50.772162],[-1.082753,50.713324]]],[[[-0.972564,50.829779],[-0.938832,50.780951],[-1.020741,50.788398],[-0.972564,50.829779]]],[[[0.766938,51.447943],[0.936371,51.371039],[0.733897,51.412177],[0.766938,51.447943]]],[[[-4.626291,53.320868],[-4.563629,53.241929],[-4.693959,53.309638],[-4.626291,53.320868]]],[[[-4.098134,53.309638],[-4.406606,53.130601],[-4.571034,53.392768],[-4.324696,53.419501],[-4.098134,53.309638]]],[[[-6.283559,55.297065],[-6.174306,55.3039],[-6.171864,55.293199],[-6.283559,55.297065]]],[[[-5.07079,55.509345],[-5.304677,55.462144],[-5.392893,55.646552],[-5.198313,55.704332],[-5.07079,55.509345]]],[[[-5.080922,55.879584],[-5.11559,55.784369],[-5.199534,55.911078],[-5.080922,55.879584]]],[[[-6.030385,55.729071],[-6.287343,55.578437],[-6.249989,55.776842],[-6.503529,55.681342],[-6.140126,55.941352],[-6.030385,55.729071]]],[[[-6.269887,56.037543],[-6.133372,56.112616],[-6.174306,56.043769],[-6.269887,56.037543]]],[[[-6.075185,55.915961],[-5.687978,56.124091],[-6.062408,55.809475],[-6.075185,55.915961]]],[[[-5.738352,56.177476],[-5.673655,56.178941],[-5.749135,56.161078],[-5.738352,56.177476]]],[[[-5.666656,56.22248],[-5.610585,56.249416],[-5.637441,56.189276],[-5.666656,56.22248]]],[[[-5.621693,56.276068],[-5.620758,56.324205],[-5.584625,56.325588],[-5.621693,56.276068]]],[[[-5.584625,56.38703],[-5.526519,56.41356],[-5.502756,56.421129],[-5.584625,56.38703]]],[[[-6.215321,56.503648],[-6.237457,56.470038],[-6.263661,56.483222],[-6.215321,56.503648]]],[[[-6.900502,56.516669],[-6.729237,56.530341],[-6.989898,56.503648],[-6.900502,56.516669]]],[[[-6.151275,56.651801],[-5.808705,56.318915],[-6.266835,56.263495],[-6.366119,56.32217],[-6.247222,56.311672],[-6.020823,56.382025],[-6.203236,56.380316],[-6.016672,56.503648],[-6.338206,56.552069],[-6.151275,56.651801]]],[[[-6.559234,56.665269],[-6.616322,56.575181],[-6.701894,56.585639],[-6.559234,56.665269]]],[[[-7.449208,57.05858],[-7.445302,56.947089],[-7.556752,56.95307],[-7.449208,57.05858]]],[[[-6.364247,57.05565],[-6.276031,56.953111],[-6.455474,57.003974],[-6.364247,57.05565]]],[[[-6.548248,57.047593],[-6.537465,57.072821],[-6.489654,57.05858],[-6.548248,57.047593]]],[[[-5.929351,57.307196],[-6.007802,57.303616],[-6.013905,57.31745],[-5.929351,57.307196]]],[[[-7.428131,57.3876],[-7.215891,57.113837],[-7.353017,57.099555],[-7.428131,57.3876]]],[[[-7.369618,57.489325],[-7.205434,57.418606],[-7.407623,57.445624],[-7.369618,57.489325]]],[[[-5.989491,57.347317],[-6.069081,57.436103],[-5.993316,57.507025],[-5.989491,57.347317]]],[[[-5.95519,57.572496],[-5.98998,57.532945],[-5.961903,57.577297],[-5.95519,57.572496]]],[[[-7.312082,57.688544],[-7.157541,57.511054],[-7.54483,57.592963],[-7.312082,57.688544]]],[[[-5.845367,57.1883],[-6.783844,57.456448],[-6.310902,57.462633],[-6.310902,57.702826],[-6.153879,57.305609],[-5.647369,57.264635],[-6.006744,57.028388],[-5.845367,57.1883]]],[[[-7.198964,57.707953],[-7.180165,57.734687],[-7.152008,57.726304],[-7.198964,57.707953]]],[[[-8.590891,57.804755],[-8.605295,57.826402],[-8.552235,57.818915],[-8.590891,57.804755]]],[[[-6.997385,57.915107],[-7.079335,57.880316],[-7.03775,57.916327],[-6.997385,57.915107]]],[[[-6.87328,58.209947],[-6.880035,58.257758],[-6.791249,58.209947],[-6.87328,58.209947]]],[[[-6.955149,57.743842],[-7.125071,57.8369],[-6.839101,57.935614],[-7.112782,58.182034],[-6.859609,58.106879],[-6.223053,58.499213],[-6.366119,58.23725],[-6.160024,58.216783],[-6.955149,57.743842]]],[[[-3.035553,58.820054],[-2.883656,58.83218],[-2.939931,58.730699],[-3.035553,58.820054]]],[[[-3.433339,58.884955],[-3.131703,58.806464],[-3.299306,58.77912],[-3.433339,58.884955]]],[[[-3.182729,59.147162],[-2.823842,58.881537],[-3.366689,59.016099],[-3.182729,59.147162]]],[[[-2.665517,59.155219],[-2.51476,59.093817],[-2.686106,59.089179],[-2.665517,59.155219]]],[[[-2.952952,59.183173],[-3.091786,59.142808],[-3.120432,59.176581],[-2.952952,59.183173]]],[[[-2.789133,59.145331],[-2.761098,59.252102],[-2.734486,59.148424],[-2.789133,59.145331]]],[[[-2.611562,59.293036],[-2.392486,59.285468],[-2.692616,59.192288],[-2.611562,59.293036]]],[[[-2.885365,59.230414],[-2.965199,59.360907],[-2.830068,59.252102],[-2.885365,59.230414]]],[[[-1.59675,59.53205],[-1.625234,59.555813],[-1.583119,59.559963],[-1.59675,59.53205]]],[[[-0.822133,60.62873],[-0.856191,60.567328],[-0.938832,60.62873],[-0.822133,60.62873]]],[[[-1.097035,60.41649],[-1.274566,59.854193],[-1.26773,60.245185],[-1.690175,60.285142],[-1.260365,60.355048],[-1.609364,60.483344],[-1.301422,60.643052],[-1.370229,60.402167],[-1.097035,60.41649]]],[[[-1.113922,60.714748],[-1.023793,60.502997],[-1.153879,60.508368],[-1.113922,60.714748]]],[[[-0.821889,60.685004],[-0.938832,60.800116],[-0.77184,60.833401],[-0.821889,60.685004]]],[[[-6.309153,49.913642],[-6.284169,49.922756],[-6.297271,49.909613],[-6.309153,49.913642]]],[[[-6.348948,49.964342],[-6.326487,49.949205],[-6.332509,49.941718],[-6.348948,49.964342]]],[[[-4.676422,51.193101],[-4.663482,51.164862],[-4.670481,51.160102],[-4.676422,51.193101]]],[[[-13.688588,57.596259],[-13.690419,57.597805],[-13.687652,57.597154],[-13.688588,57.596259]]],[[[-1.345693,60.108954],[-1.333567,60.043606],[-1.367909,60.044827],[-1.345693,60.108954]]],[[[-2.08788,60.155463],[-2.062978,60.117987],[-2.112294,60.138007],[-2.08788,60.155463]]],[[[-1.079457,60.1883],[-1.083892,60.10517],[-1.134918,60.178697],[-1.079457,60.1883]]],[[[-1.006418,60.368964],[-0.975982,60.340318],[-1.034088,60.340155],[-1.006418,60.368964]]]]}},{"type":"Feature","properties":{"ISO3166-1-Alpha-3":"GRC"},"geometry":{"type":"MultiPolygon","coordinates":[[[[20.965262,40.849394],[24.23328,41.561805],[25.285722,41.239396],[26.120865,41.357787],[26.226182,41.749675],[26.636389,41.399593],[26.081591,40.735551],[25.138438,41.010077],[23.7317,40.751858],[24.393809,40.152493],[23.730479,40.358954],[23.991222,39.953599],[23.438487,40.279202],[23.747895,39.930487],[23.360606,39.961086],[22.910492,40.644599],[22.579112,40.468207],[22.5713,40.054267],[23.343761,39.179633],[23.203624,39.10456],[23.052013,39.097724],[23.217133,39.179633],[22.935883,39.360582],[23.07309,39.036282],[22.525076,38.85814],[24.080577,38.166002],[24.032725,37.651516],[23.574555,38.04678],[22.995128,37.882148],[23.525645,37.439195],[23.16863,37.299506],[22.72641,37.566352],[23.196056,36.432522],[22.685557,36.809475],[22.490977,36.390937],[22.153168,37.021186],[21.707367,36.81802],[21.674815,37.395982],[21.106212,37.878079],[21.849457,38.341295],[22.867198,37.939521],[23.223399,38.159247],[22.401622,38.453437],[21.15561,38.3039],[20.988129,38.664008],[20.72934,38.80976],[21.159923,38.997748],[20.735118,38.9501],[19.999848,39.693508],[20.647556,40.09404],[20.965262,40.849394]]],[[[24.080577,34.868964],[24.135265,34.815009],[24.046397,34.849066],[24.080577,34.868964]]],[[[26.900238,35.424506],[27.007091,35.397773],[26.848399,35.372382],[26.900238,35.424506]]],[[[26.321137,35.315253],[26.147227,35.002265],[25.019054,34.931627],[23.51824,35.294135],[23.741547,35.686957],[24.340099,35.348334],[25.766368,35.335679],[25.795258,35.115139],[26.321137,35.315253]]],[[[27.156749,35.633979],[27.067882,35.588935],[27.220958,35.82925],[27.156749,35.633979]]],[[[23.295665,35.859565],[23.33074,35.864936],[23.333263,35.829169],[23.295665,35.859565]]],[[[22.901622,36.338324],[23.103852,36.237209],[22.990733,36.13703],[22.901622,36.338324]]],[[[25.74643,36.357978],[25.767833,36.401597],[25.855154,36.363593],[25.74643,36.357978]]],[[[28.239757,36.432522],[28.08961,36.055121],[27.732677,35.915107],[27.684255,36.158149],[28.239757,36.432522]]],[[[25.361664,36.356757],[25.479177,36.424384],[25.465099,36.342434],[25.361664,36.356757]]],[[[27.355805,36.479641],[27.428233,36.385199],[27.297048,36.465155],[27.355805,36.479641]]],[[[26.261485,36.587633],[26.465994,36.582709],[26.300955,36.513251],[26.261485,36.587633]]],[[[27.84197,36.644721],[27.843028,36.527899],[27.76002,36.575873],[27.84197,36.644721]]],[[[24.840831,36.665229],[24.947927,36.624335],[24.963715,36.59634],[24.840831,36.665229]]],[[[25.104666,36.699368],[25.183442,36.706204],[25.067393,36.637885],[25.104666,36.699368]]],[[[21.750499,36.712388],[21.78004,36.747504],[21.777843,36.699368],[21.750499,36.712388]]],[[[24.354259,36.753974],[24.546072,36.688788],[24.326996,36.650946],[24.354259,36.753974]]],[[[24.608165,36.781317],[24.665782,36.774644],[24.659353,36.750556],[24.608165,36.781317]]],[[[25.37322,36.653713],[25.306977,36.794989],[25.409434,36.712388],[25.37322,36.653713]]],[[[21.716319,36.781317],[21.700857,36.791083],[21.72934,36.794989],[21.716319,36.781317]]],[[[24.561778,36.845649],[24.572765,36.781928],[24.521169,36.817369],[24.561778,36.845649]]],[[[25.477794,36.83515],[25.446951,36.857408],[25.478363,36.870673],[25.477794,36.83515]]],[[[27.061209,36.839342],[27.355805,36.863227],[26.917735,36.716132],[27.061209,36.839342]]],[[[25.674001,36.879462],[25.649669,36.911607],[25.684418,36.891181],[25.674001,36.879462]]],[[[25.739024,36.794989],[26.074718,36.893297],[25.879649,36.794989],[25.755544,36.769965],[25.739024,36.794989]]],[[[25.072765,37.042182],[25.047048,36.969224],[25.02589,37.00788],[25.072765,37.042182]]],[[[24.642263,37.048814],[24.765798,36.949205],[24.710623,36.904202],[24.642263,37.048814]]],[[[26.889822,37.089789],[26.953868,37.027899],[26.917166,37.041653],[26.889822,37.089789]]],[[[25.836762,37.102362],[25.780528,37.123969],[25.834646,37.1376],[25.836762,37.102362]]],[[[25.23878,37.151842],[25.188487,36.985297],[25.103363,37.012885],[25.23878,37.151842]]],[[[25.341807,37.082953],[25.580821,37.017768],[25.44988,36.918443],[25.341807,37.082953]]],[[[24.422537,37.123969],[24.520518,37.203925],[24.5324,37.130113],[24.422537,37.123969]]],[[[23.094412,37.274726],[23.158458,37.271389],[23.162364,37.244208],[23.094412,37.274726]]],[[[23.463634,37.357327],[23.496837,37.320014],[23.374278,37.30268],[23.463634,37.357327]]],[[[24.367931,37.309516],[24.436209,37.487006],[24.482677,37.412421],[24.367931,37.309516]]],[[[25.462901,37.470038],[25.306977,37.411933],[25.312673,37.488227],[25.462901,37.470038]]],[[[24.895356,37.510443],[24.964041,37.40176],[24.881847,37.363511],[24.895356,37.510443]]],[[[23.43629,37.521796],[23.500824,37.53262],[23.525645,37.521796],[23.43629,37.521796]]],[[[25.215994,37.532904],[24.984874,37.67886],[25.259288,37.590033],[25.215994,37.532904]]],[[[24.289317,37.645331],[24.395763,37.624661],[24.275401,37.531684],[24.289317,37.645331]]],[[[26.074229,37.637885],[26.230642,37.571357],[25.976329,37.516018],[26.074229,37.637885]]],[[[23.425629,37.768215],[23.484141,37.67886],[23.42449,37.761786],[23.425629,37.768215]]],[[[27.047537,37.72724],[26.797374,37.64468],[26.580251,37.74079],[26.806407,37.814521],[27.047537,37.72724]]],[[[20.708995,37.925238],[20.815115,37.651516],[20.619477,37.864407],[20.708995,37.925238]]],[[[24.953868,37.905992],[24.95753,37.686265],[24.693614,37.965766],[24.953868,37.905992]]],[[[23.51824,37.898586],[23.429454,37.987942],[23.573497,37.952541],[23.51824,37.898586]]],[[[20.797699,38.131293],[20.345388,38.182115],[20.537771,38.473944],[20.797699,38.131293]]],[[[20.619477,38.481391],[20.757498,38.371527],[20.763682,38.323065],[20.687836,38.336737],[20.619477,38.481391]]],[[[20.93214,38.603013],[20.907563,38.549018],[20.893891,38.549018],[20.93214,38.603013]]],[[[26.163585,38.542792],[26.112071,38.222602],[25.889822,38.220649],[25.848888,38.58039],[26.163585,38.542792]]],[[[25.523204,38.597398],[25.622813,38.579088],[25.560802,38.535346],[25.523204,38.597398]]],[[[20.715994,38.627021],[20.544607,38.569525],[20.68629,38.850084],[20.715994,38.627021]]],[[[24.56072,38.944159],[24.566661,38.762519],[24.461111,38.967678],[24.56072,38.944159]]],[[[24.587657,38.159247],[24.371755,37.97191],[24.042247,38.401516],[22.833751,38.845404],[23.299083,39.042467],[24.587657,38.159247]]],[[[23.46046,39.131822],[23.47047,39.213813],[23.512869,39.178534],[23.46046,39.131822]]],[[[23.716807,39.077216],[23.587169,39.207587],[23.792654,39.124416],[23.716807,39.077216]]],[[[20.138438,39.209296],[20.190115,39.202623],[20.201915,39.179633],[20.138438,39.209296]]],[[[23.957042,39.289496],[23.895844,39.16177],[23.833507,39.146145],[23.957042,39.289496]]],[[[26.612315,39.049262],[26.165701,39.022406],[26.28004,39.196438],[25.842052,39.228013],[26.362153,39.378852],[26.612315,39.049262]]],[[[24.976573,39.537665],[25.047374,39.545356],[24.984874,39.466986],[24.976573,39.537665]]],[[[19.948009,39.790351],[19.911794,39.430325],[19.626475,39.748236],[19.948009,39.790351]]],[[[25.44988,40.0362],[25.348969,39.787665],[25.047048,39.837592],[25.033376,39.995266],[25.44988,40.0362]]],[[[25.575857,40.514716],[25.567149,40.399888],[25.443533,40.481879],[25.575857,40.514716]]],[[[24.642263,40.803941],[24.780121,40.612209],[24.516775,40.639106],[24.642263,40.803941]]],[[[23.87672,36.843695],[23.889008,36.834296],[23.884288,36.832343],[23.87672,36.843695]]],[[[23.449718,36.929145],[23.467296,36.906399],[23.463878,36.903998],[23.449718,36.929145]]],[[[27.518891,36.216864],[27.616466,36.242621],[27.618663,36.228095],[27.518891,36.216864]]],[[[27.137218,36.600084],[27.198009,36.568305],[27.129731,36.569525],[27.137218,36.600084]]],[[[26.849783,37.187323],[26.849946,37.098456],[26.772716,37.182685],[26.849783,37.187323]]],[[[26.536388,37.372707],[26.548839,37.326565],[26.567719,37.274644],[26.546397,37.277167],[26.536388,37.372707]]],[[[24.716075,37.631049],[24.71811,37.593573],[24.659679,37.606879],[24.716075,37.631049]]],[[[20.888357,38.628974],[20.941661,38.627387],[20.870616,38.582506],[20.888357,38.628974]]],[[[20.73699,38.652167],[20.759613,38.627387],[20.800059,38.595445],[20.75172,38.626044],[20.73699,38.652167]]],[[[24.044932,39.341498],[24.094005,39.330024],[24.063162,39.297024],[24.044932,39.341498]]]]}},{"type":"Feature","properties":{"ISO3166-1-Alpha-3":"ZMB"},"geometry":{"type":"Polygon","coordinates":[[[32.920863,-9.4079],[33.674203,-10.577028],[33.232576,-10.883262],[33.25273,-12.139516],[33.527131,-12.355627],[33.024836,-12.612666],[32.663308,-13.596327],[33.202707,-14.013872],[30.214465,-14.981462],[30.410371,-15.630414],[28.932373,-15.963727],[28.761117,-16.532271],[27.816886,-16.959636],[26.700003,-18.069232],[24.684415,-17.49242],[23.381652,-17.641144],[22.108138,-16.54395],[21.979878,-13.001479],[24.000633,-13.001479],[23.967457,-10.872307],[24.446497,-11.463589],[25.31032,-11.194768],[25.344943,-11.642182],[25.981132,-11.903045],[26.717418,-12.013012],[27.180129,-11.569629],[27.638189,-12.293615],[28.42274,-12.521302],[28.993971,-13.395925],[29.574401,-13.225393],[29.767154,-13.458351],[29.799297,-12.154089],[29.499677,-12.453089],[29.035106,-12.378882],[28.355664,-11.518159],[28.698486,-9.791959],[28.35246,-9.271991],[28.889172,-8.483099],[30.752107,-8.194124],[31.03364,-8.600301],[32.920863,-9.4079]]]}},{"type":"Feature","properties":{"ISO3166-1-Alpha-3":"SLE"},"geometry":{"type":"MultiPolygon","coordinates":[[[[-10.282236,8.484625],[-11.476186,6.91942],[-12.937856,7.886379],[-13.286773,8.50023],[-13.033559,8.376695],[-12.875885,8.685207],[-13.162424,8.517646],[-13.240224,8.825832],[-12.985707,8.857123],[-13.301096,9.04149],[-12.472335,9.881258],[-11.247293,9.993396],[-10.594103,9.0541],[-10.735283,8.287299],[-10.282236,8.484625]]],[[[-12.621409,7.639716],[-12.549672,7.389635],[-12.95165,7.575426],[-12.621409,7.639716]]]]}},{"type":"Feature","properties":{"ISO3166-1-Alpha-3":"GIN"},"geometry":{"type":"Polygon","coordinates":[[[-13.301096,9.04149],[-13.157704,9.185492],[-13.486684,9.569078],[-13.726226,9.511054],[-13.685292,9.946479],[-14.657786,10.47956],[-14.500234,10.891099],[-14.699818,10.643134],[-14.68517,11.063666],[-15.079457,10.85871],[-14.711061,11.497568],[-13.729932,11.709829],[-13.972527,12.151559],[-13.695025,12.292946],[-13.728279,12.673388],[-12.36092,12.305607],[-11.481646,12.428235],[-11.334678,12.026192],[-10.952117,12.219462],[-10.711357,11.890386],[-10.26694,12.217808],[-9.722994,12.025417],[-9.265864,12.495207],[-8.975907,12.368704],[-8.847233,11.657946],[-8.375324,11.367654],[-8.70073,10.978452],[-8.326593,11.02385],[-8.284425,10.511246],[-7.971214,10.281802],[-8.157611,9.530866],[-7.865381,9.409918],[-7.96894,8.812848],[-7.662447,8.374865],[-8.248872,8.453568],[-7.962636,8.015171],[-8.200244,7.576335],[-8.686571,7.694364],[-9.125407,7.190208],[-9.490708,7.376037],[-9.355471,7.741906],[-9.773585,8.563018],[-10.735283,8.287299],[-10.481862,8.672469],[-11.199596,9.982157],[-12.472335,9.881258],[-12.764152,9.347673],[-13.301096,9.04149]]]}},{"type":"Feature","properties":{"ISO3166-1-Alpha-3":"LBR"},"geometry":{"type":"Polygon","coordinates":[[[-11.476186,6.91942],[-10.282236,8.484625],[-9.773585,8.563018],[-9.355471,7.741906],[-9.490708,7.376037],[-8.91219,7.250153],[-8.567405,7.688214],[-8.284115,7.017867],[-8.61872,6.492835],[-7.446543,5.845949],[-7.540666,4.352845],[-9.10497,5.031562],[-11.476186,6.91942]]]}},{"type":"Feature","properties":{"ISO3166-1-Alpha-3":"CAF"},"geometry":{"type":"Polygon","coordinates":[[[22.861064,10.919154],[23.644789,9.863068],[23.505262,8.710736],[24.217674,8.691512],[24.152872,8.317891],[25.216889,7.864069],[25.190431,7.501197],[26.378007,6.65329],[26.424826,6.072447],[27.123801,5.768745],[27.441301,5.070725],[25.543743,5.37528],[25.307633,5.032278],[24.396371,5.122298],[23.414519,4.590832],[22.898374,4.823583],[22.303269,4.128716],[20.580273,4.415003],[19.82466,5.096977],[19.408975,5.130386],[18.541948,4.327851],[18.626387,3.476869],[17.458913,3.708276],[16.639428,3.528597],[16.179715,2.246996],[16.055381,2.93977],[15.084898,3.885836],[14.519868,5.290583],[14.617433,5.864966],[14.387266,6.039038],[15.223908,7.247517],[16.548685,7.870012],[16.782365,7.541143],[17.639884,7.985043],[18.589283,8.047882],[19.124135,8.675079],[18.869783,8.849409],[19.021919,8.985215],[20.435166,9.138126],[21.718808,10.296634],[21.722632,10.636716],[22.861064,10.919154]]]}},{"type":"Feature","properties":{"ISO3166-1-Alpha-3":"SDN"},"geometry":{"type":"MultiPolygon","coordinates":[[[[22.861064,10.919154],[22.445689,12.611066],[21.809449,12.793665],[22.267612,13.334562],[22.074962,13.780323],[22.546355,14.139707],[22.363523,14.543532],[22.958009,15.201631],[22.906746,15.541404],[23.984406,15.72116],[23.981306,19.995421],[24.980521,20.002062],[24.981245,21.995351],[31.248407,21.994369],[31.42328,22.226965],[31.435476,21.995351],[33.181136,21.995409],[33.560882,21.709118],[34.084179,21.995454],[36.883637,21.995714],[37.312999,21.057685],[37.104991,21.207506],[37.434337,18.861721],[38.603852,18.013861],[37.403432,17.029918],[36.973484,17.062526],[36.123614,12.721447],[35.687671,12.659228],[35.072722,11.818866],[34.838524,10.72914],[34.574768,10.884143],[34.279489,10.565506],[34.070698,9.454592],[33.916978,10.174522],[33.140023,10.739036],[33.209218,12.210367],[32.082207,11.999811],[32.430713,11.082193],[31.164382,9.764005],[30.765284,9.724291],[30.012979,10.270485],[28.843841,9.324545],[28.04511,9.331407],[27.895072,9.59541],[26.625744,9.480663],[25.82848,10.419546],[25.07695,10.286867],[24.558377,8.886746],[24.114011,8.681642],[23.49007,8.732595],[23.644789,9.863068],[22.861064,10.919154]]],[[[37.243419,20.804023],[37.283539,20.83275],[37.254405,20.749823],[37.243419,20.804023]]]]}},{"type":"Feature","properties":{"ISO3166-1-Alpha-3":"DJI"},"geometry":{"type":"Polygon","coordinates":[[[43.240733,11.48786],[42.873279,10.978246],[41.761306,10.996203],[41.792415,11.704455],[42.430929,12.520322],[42.678252,12.360022],[43.117686,12.707913],[43.329356,12.488756],[43.377126,12.004828],[42.515147,11.574123],[43.240733,11.48786]]]}},{"type":"Feature","properties":{"ISO3166-1-Alpha-3":"ERI"},"geometry":{"type":"MultiPolygon","coordinates":[[[[43.117686,12.707913],[42.678252,12.360022],[42.379459,12.465907],[40.833197,14.105962],[40.104559,14.465966],[39.009742,14.651226],[38.426832,14.417183],[37.891464,14.879532],[37.553707,14.105497],[37.293775,14.457439],[36.52638,14.263523],[36.425094,15.133444],[36.954261,16.278284],[36.973484,17.062526],[37.403432,17.029918],[38.601573,18.004828],[39.715587,15.094062],[39.875255,15.504096],[40.159434,14.982245],[41.167491,14.636949],[43.117686,12.707913]]],[[[39.950938,15.893948],[40.393891,15.572333],[39.978852,15.606513],[39.950938,15.893948]]],[[[40.050466,16.107245],[40.114513,15.985907],[39.990001,16.017727],[40.050466,16.107245]]]]}},{"type":"Feature","properties":{"ISO3166-1-Alpha-3":"AUT"},"geometry":{"type":"Polygon","coordinates":[[[16.945043,48.604166],[17.075371,47.708484],[16.407815,47.66133],[16.689141,47.53803],[16.433963,47.39685],[16.486363,46.998554],[14.540332,46.378643],[12.40501,46.690123],[12.180631,47.085215],[10.1113,46.847116],[9.521155,47.262801],[9.782121,47.588414],[10.159876,47.271121],[10.429213,47.57702],[11.237019,47.393956],[12.242229,47.732023],[13.001873,47.466019],[12.745041,48.12063],[13.815725,48.76643],[14.675621,48.576235],[14.982062,49.007914],[16.945043,48.604166]]]}},{"type":"Feature","properties":{"ISO3166-1-Alpha-3":"IRQ"},"geometry":{"type":"Polygon","coordinates":[[[44.766135,37.14192],[45.320313,35.994031],[46.327074,35.8035],[46.003786,35.674258],[46.151064,35.111605],[45.500664,34.591688],[45.380361,33.97356],[46.155301,33.260219],[46.09701,32.95432],[47.410832,32.395285],[47.834475,31.805708],[47.672935,30.994698],[48.012242,30.989066],[48.013586,30.463878],[48.559255,29.946601],[47.197098,30.03424],[46.532436,29.095745],[44.691825,29.201836],[42.075395,31.079861],[40.424126,31.920533],[39.146375,32.118144],[38.774511,33.371685],[40.965282,34.401855],[41.363501,35.655241],[41.276994,36.354785],[42.715666,37.355292],[44.088037,37.31116],[44.284821,36.969166],[44.766135,37.14192]]]}},{"type":"Feature","properties":{"ISO3166-1-Alpha-3":"ITA"},"geometry":{"type":"MultiPolygon","coordinates":[[[[6.781994,45.777465],[7.843738,45.919214],[8.399156,46.452179],[9.002427,45.820718],[9.282306,46.49737],[10.075746,46.220022],[10.032752,46.532975],[10.443993,46.537729],[10.453811,46.864427],[12.180631,47.085215],[12.40501,46.690123],[13.700951,46.519746],[13.365261,46.290302],[13.847764,45.584661],[13.119314,45.771959],[13.084972,45.641913],[12.396739,45.539252],[12.15447,45.313463],[12.533865,44.970038],[12.266368,44.826646],[12.368826,44.250678],[13.615571,43.560492],[14.075369,42.598822],[14.740733,42.084621],[16.140473,41.919908],[15.961111,41.459459],[18.007009,40.650702],[18.516124,40.139228],[18.389171,39.817084],[17.863129,40.285631],[16.976085,40.492621],[16.489757,39.775214],[17.158702,39.406195],[17.172374,38.960517],[16.585623,38.797838],[16.077159,37.939887],[15.684418,37.953518],[15.836599,38.648993],[16.22169,38.856594],[15.624278,40.077786],[15.261241,40.029364],[14.781993,40.669867],[14.342621,40.570624],[14.474132,40.729682],[14.047697,40.789589],[13.721853,41.252387],[13.044607,41.227525],[11.658214,42.279364],[11.106619,42.391262],[10.499522,42.940497],[10.090587,44.025377],[8.76238,44.432115],[7.502289,43.792222],[7.655636,44.176064],[6.973403,44.249445],[7.004926,44.827963],[6.602728,45.10345],[7.108382,45.259202],[6.781994,45.777465]],[[12.395654,43.948409],[12.478287,43.917038],[12.48216,43.982567],[12.395654,43.948409]],[[12.453031,41.903915],[12.454035,41.902752],[12.453983,41.903862],[12.453031,41.903915]]],[[[11.924978,36.811957],[12.051524,36.790351],[12.03061,36.74136],[11.924978,36.811957]]],[[[12.299653,37.919257],[12.31422,37.946357],[12.368826,37.925238],[12.299653,37.919257]]],[[[15.528656,38.302639],[15.091563,37.477484],[15.332367,37.011623],[15.093923,36.654934],[12.427013,37.797024],[12.731781,38.192776],[13.790782,37.973619],[15.528656,38.302639]]],[[[14.948253,38.39643],[15.007335,38.377672],[14.986827,38.364081],[14.948253,38.39643]]],[[[14.966319,38.453437],[14.924815,38.522366],[14.97934,38.487535],[14.966319,38.453437]]],[[[14.866954,38.581122],[14.861664,38.539293],[14.793793,38.571601],[14.866954,38.581122]]],[[[8.346039,39.097724],[8.483897,39.06977],[8.409841,38.961819],[8.346039,39.097724]]],[[[8.229991,39.172797],[8.305837,39.10456],[8.254731,39.107123],[8.229991,39.172797]]],[[[13.965831,40.735053],[13.849132,40.715277],[13.862804,40.762397],[13.965831,40.735053]]],[[[8.326182,41.126125],[8.24643,40.993638],[8.209646,40.995795],[8.326182,41.126125]]],[[[9.792247,40.556952],[9.566417,39.149237],[9.013927,39.263902],[9.025727,38.995307],[8.640961,38.864325],[8.372813,39.222073],[8.555186,39.852688],[8.193044,40.963772],[8.520518,40.826972],[9.230642,41.262641],[9.792247,40.556952]]],[[[10.861827,42.366278],[10.939764,42.33066],[10.923331,42.318728],[10.861827,42.366278]]],[[[10.132986,42.811916],[10.415538,42.708889],[10.106781,42.757392],[10.132986,42.811916]]],[[[9.806944,43.066408],[9.842127,43.024956],[9.801498,43.007805],[9.806944,43.066408]]],[[[12.321462,45.348009],[12.389171,45.433539],[12.430919,45.415676],[12.321462,45.348009]]],[[[12.845876,35.862698],[12.874034,35.866441],[12.872569,35.852281],[12.845876,35.862698]]],[[[14.36085,38.539049],[14.342784,38.547268],[14.357188,38.551215],[14.36085,38.539049]]],[[[14.563975,38.58454],[14.551606,38.561591],[14.542491,38.586859],[14.563975,38.58454]]],[[[13.153494,38.69477],[13.18572,38.717515],[13.197439,38.708319],[13.153494,38.69477]]],[[[15.212087,38.810452],[15.217459,38.773017],[15.187022,38.789008],[15.212087,38.810452]]],[[[13.414724,40.785875],[13.424164,40.800238],[13.431977,40.801459],[13.414724,40.785875]]],[[[12.555675,35.521226],[12.611095,35.489244],[12.526134,35.516669],[12.555675,35.521226]]],[[[12.053559,37.992418],[12.079275,37.950263],[12.030447,37.984361],[12.053559,37.992418]]],[[[9.437022,41.18594],[9.474864,41.179267],[9.464366,41.172675],[9.437022,41.18594]]],[[[9.414236,41.262437],[9.395274,41.210598],[9.373057,41.229885],[9.414236,41.262437]]],[[[10.294444,42.32803],[10.315929,42.340766],[10.313243,42.32392],[10.294444,42.32803]]],[[[10.079438,42.613918],[10.085785,42.572455],[10.050304,42.581936],[10.079438,42.613918]]],[[[12.320649,45.429836],[12.36378,45.449652],[12.362071,45.438137],[12.320649,45.429836]]]]}},{"type":"Feature","properties":{"ISO3166-1-Alpha-3":"CHE"},"geometry":{"type":"Polygon","coordinates":[[[10.453811,46.864427],[10.443993,46.537729],[10.032752,46.532975],[10.117914,46.231133],[9.263186,46.485122],[9.002427,45.820718],[8.399156,46.452179],[7.831232,45.91446],[7.066938,45.890223],[6.613684,46.455899],[5.95884,46.130467],[6.9733,47.489092],[8.560697,47.589396],[8.558216,47.801166],[9.650346,47.452092],[9.477023,47.063898],[10.453811,46.864427]]]}},{"type":"Feature","properties":{"ISO3166-1-Alpha-3":"IRN"},"geometry":{"type":"MultiPolygon","coordinates":[[[[44.565734,39.765894],[45.438601,39.004235],[46.126052,38.862668],[47.971418,39.704554],[48.33894,39.378941],[47.993122,38.850085],[48.874278,38.434068],[49.132498,37.623358],[51.909028,36.582709],[54.014334,36.821112],[53.913748,37.34276],[54.653956,37.438905],[55.130309,37.95231],[57.174939,38.277561],[57.352395,37.967529],[59.312276,37.530346],[60.34229,36.637145],[61.165806,36.636318],[61.290036,35.548064],[60.699685,34.516396],[60.890474,34.318914],[60.492772,34.139028],[60.511789,33.638387],[60.92086,33.514105],[60.562949,33.058268],[60.821744,31.494668],[61.686911,31.373177],[61.826438,31.014956],[60.844379,29.858179],[61.89279,28.5426],[62.761523,28.246442],[62.742351,27.266812],[63.177105,27.258441],[63.319628,27.117312],[63.163772,26.645093],[61.832949,26.225377],[61.411717,25.059408],[60.549653,25.446926],[58.07309,25.563625],[57.311534,25.784125],[56.808849,27.139553],[56.123709,27.160631],[54.791026,26.495836],[53.716075,26.708564],[52.459646,27.632636],[51.399876,27.931713],[50.073416,30.195746],[49.532237,30.022935],[48.981456,30.515611],[48.915294,30.042182],[48.464307,29.989127],[48.013586,30.463878],[48.012242,30.989066],[47.672935,30.994698],[47.834475,31.805708],[47.410832,32.395285],[46.09701,32.95432],[46.155301,33.260219],[45.380361,33.97356],[45.500664,34.591688],[46.151064,35.111605],[46.003786,35.674258],[46.327074,35.8035],[45.320313,35.994031],[44.59612,37.716381],[44.202087,37.897171],[44.458764,38.338333],[44.014863,39.374084],[44.387967,39.414495],[44.565734,39.765894]]],[[[54.488129,26.298041],[54.547374,26.290432],[54.521007,26.250963],[54.488129,26.298041]]],[[[54.018809,26.555569],[53.955414,26.49258],[53.902843,26.5362],[54.018809,26.555569]]],[[[53.382009,26.803127],[53.22283,26.799547],[53.149425,26.847886],[53.382009,26.803127]]],[[[56.379161,26.83869],[56.341156,26.87934],[56.404145,26.893052],[56.379161,26.83869]]],[[[56.212413,27.002997],[55.947032,26.696275],[55.290538,26.548489],[55.757986,26.954047],[56.212413,27.002997]]],[[[56.43686,27.080024],[56.504731,27.061672],[56.434581,27.054836],[56.43686,27.080024]]],[[[50.283267,29.268939],[50.334651,29.258661],[50.326427,29.20893],[50.283267,29.268939]]],[[[54.509776,25.913764],[54.553233,25.899848],[54.513682,25.902655],[54.509776,25.913764]]],[[[55.868337,26.666449],[55.889659,26.623765],[55.853201,26.621039],[55.868337,26.666449]]],[[[53.609223,26.690497],[53.646251,26.657172],[53.601248,26.679592],[53.609223,26.690497]]],[[[55.012055,25.881619],[55.054373,25.86461],[55.018403,25.859605],[55.012055,25.881619]]]]}},{"type":"Feature","properties":{"ISO3166-1-Alpha-3":"NLD"},"geometry":{"type":"MultiPolygon","coordinates":[[[[7.194591,53.245022],[7.036655,52.647382],[6.671716,52.541678],[7.048231,52.365074],[6.810726,51.960576],[5.931451,51.81565],[6.205337,51.458436],[5.85249,51.042751],[5.99491,50.749927],[5.624493,50.830284],[5.829132,51.156465],[5.027527,51.476807],[4.392217,51.350407],[3.45102,51.529731],[4.283214,51.447699],[3.988129,51.590277],[4.176931,51.685858],[3.862315,51.816067],[4.508149,52.336371],[4.745453,52.967597],[5.980805,53.406073],[7.194591,53.245022]]],[[[3.349415,51.375223],[3.541352,51.416734],[4.221491,51.368001],[3.808687,51.205325],[3.349415,51.375223]]],[[[-68.417388,12.257025],[-68.205312,12.118232],[-68.254221,12.023627],[-68.417388,12.257025]]],[[[-62.981086,17.467724],[-62.945065,17.485384],[-62.958723,17.464571],[-62.981086,17.467724]]],[[[3.81422,51.748236],[4.099376,51.65412],[3.686697,51.692694],[3.81422,51.748236]]],[[[4.85434,53.18773],[4.795665,53.000312],[4.707693,53.028469],[4.85434,53.18773]]],[[[4.910167,53.21247],[4.986501,53.289984],[5.104828,53.309638],[4.910167,53.21247]]],[[[5.250173,53.40644],[5.585297,53.453599],[5.167654,53.368232],[5.250173,53.40644]]],[[[5.636078,53.448676],[5.913829,53.473863],[5.9546,53.461086],[5.636078,53.448676]]],[[[6.127452,53.459906],[6.310802,53.514146],[6.338715,53.502021],[6.127452,53.459906]]],[[[6.49643,53.5362],[6.455089,53.558092],[6.510102,53.543606],[6.49643,53.5362]]],[[[-63.251332,17.623765],[-63.223704,17.629218],[-63.238393,17.614691],[-63.251332,17.623765]]]]}},{"type":"Feature","properties":{"ISO3166-1-Alpha-3":"LIE"},"geometry":{"type":"Polygon","coordinates":[[[9.477023,47.063898],[9.615723,47.106764],[9.581203,47.05687],[9.477023,47.063898]]]}},{"type":"Feature","properties":{"ISO3166-1-Alpha-3":"CIV"},"geometry":{"type":"MultiPolygon","coordinates":[[[[-7.989663,10.161991],[-7.501475,10.458639],[-7.015769,10.140881],[-6.669175,10.654157],[-6.25597,10.726478],[-6.240002,10.251933],[-5.135677,10.304282],[-4.681079,9.682072],[-3.21476,9.915623],[-2.689211,9.488724],[-2.506328,8.209267],[-3.262509,6.617142],[-2.766622,5.16103],[-3.13915,5.14232],[-3.146067,5.368842],[-3.312164,5.11994],[-3.827504,5.197577],[-4.001943,5.266506],[-3.728871,5.266506],[-3.715688,5.282294],[-3.758901,5.366197],[-3.804921,5.375963],[-5.321523,5.230211],[-5.002431,5.128648],[-7.573771,4.375393],[-7.446543,5.845949],[-8.61872,6.492835],[-8.286647,6.993786],[-8.485446,7.557989],[-7.962636,8.015171],[-8.254401,8.446514],[-7.662447,8.374865],[-7.96894,8.812848],[-7.865381,9.409918],[-8.157611,9.530866],[-7.989663,10.161991]]],[[[-3.23412,5.163479],[-3.119618,5.091335],[-3.276357,5.118109],[-3.23412,5.163479]]]]}},{"type":"Feature","properties":{"ISO3166-1-Alpha-3":"SRB"},"geometry":{"type":"Polygon","coordinates":[[[20.242826,46.108091],[21.493292,45.145101],[21.395934,44.790239],[22.765153,44.58281],[22.484136,44.499766],[22.69164,44.228435],[22.349467,43.807921],[22.984571,43.174627],[22.427395,42.813615],[22.423985,42.325893],[21.575044,42.242022],[21.764387,42.669619],[20.819432,43.257412],[20.345352,42.827439],[19.175914,43.480887],[19.507367,43.647182],[19.243507,44.002018],[19.618885,44.035711],[19.116693,44.343703],[19.376626,44.862999],[19.015821,44.865635],[19.044863,45.137246],[19.407838,45.203133],[18.977491,45.371209],[18.855314,45.857357],[20.242826,46.108091]]]}},{"type":"Feature","properties":{"ISO3166-1-Alpha-3":"MLI"},"geometry":{"type":"Polygon","coordinates":[[[-12.26413,14.774939],[-11.820385,14.89997],[-11.524382,15.643465],[-10.915169,15.102904],[-10.725361,15.433064],[-9.42389,15.440532],[-9.356453,15.697854],[-9.349218,15.495644],[-5.510951,15.494197],[-5.353286,16.311977],[-5.623347,16.527829],[-6.593107,24.994134],[-4.821613,24.995065],[1.146524,21.101711],[1.154585,20.738787],[1.778113,20.304291],[3.198802,19.820523],[3.284895,18.995741],[4.22861,19.142244],[4.183961,16.416053],[3.507103,15.353973],[1.331526,15.283616],[0.670067,14.939735],[-0.719719,15.078461],[-1.997057,14.470694],[-2.035918,14.181229],[-2.597382,14.222311],[-2.895245,13.651648],[-3.286952,13.69777],[-3.449475,13.16881],[-3.981251,13.49897],[-4.351073,13.118322],[-4.406135,12.307467],[-5.412352,11.82853],[-5.218307,11.422198],[-5.48165,10.535327],[-6.015933,10.18987],[-6.25597,10.726478],[-6.669175,10.654157],[-7.015769,10.140881],[-7.501475,10.458639],[-7.989663,10.161991],[-8.326593,11.02385],[-8.696234,10.962743],[-8.375324,11.367654],[-8.847233,11.657946],[-9.147318,12.465493],[-9.722994,12.025417],[-10.26694,12.217808],[-10.711357,11.890386],[-10.952117,12.219462],[-11.334678,12.026192],[-11.388835,12.970553],[-12.097629,13.70441],[-12.26413,14.774939]]]}},{"type":"Feature","properties":{"ISO3166-1-Alpha-3":"SEN"},"geometry":{"type":"Polygon","coordinates":[[[-12.26413,14.774939],[-12.097629,13.70441],[-11.393434,12.980811],[-11.388422,12.403895],[-15.195114,12.679434],[-15.677049,12.439294],[-16.728437,12.332531],[-16.579742,12.632799],[-16.533315,12.565334],[-15.644765,12.537258],[-15.509836,12.63581],[-15.534901,12.783026],[-15.406809,12.799709],[-15.391591,12.838202],[-15.549469,12.794338],[-15.641021,12.559475],[-16.596913,12.797309],[-16.754628,12.572211],[-16.708407,13.156692],[-15.833318,13.156847],[-15.13765,13.589973],[-14.368834,13.235705],[-13.818713,13.429362],[-15.07631,13.818951],[-16.561399,13.586914],[-16.48705,14.002631],[-16.700063,13.769029],[-16.746816,13.951361],[-16.576405,13.988959],[-16.364735,14.167792],[-16.727895,14.064683],[-16.775054,13.838813],[-16.956532,14.390123],[-17.536041,14.757392],[-16.878245,15.2331],[-16.295099,16.510621],[-14.974301,16.691385],[-13.484934,16.154984],[-12.26413,14.774939]]]}},{"type":"Feature","properties":{"ISO3166-1-Alpha-3":"NGA"},"geometry":{"type":"MultiPolygon","coordinates":[[[[3.468449,11.419485],[3.641565,12.517997],[4.088773,12.996236],[4.125774,13.472977],[5.521761,13.880291],[6.368944,13.626275],[6.937127,12.995409],[7.823997,13.345285],[9.590298,12.80139],[10.674986,13.375102],[12.472706,13.064165],[12.842296,13.489126],[13.607314,13.7041],[14.188932,12.370409],[14.669936,12.167424],[14.605754,11.514725],[13.75485,11.016719],[13.195453,9.542209],[12.227036,8.386311],[11.872226,7.079362],[11.369828,6.455757],[11.113512,6.434001],[10.578661,7.130832],[10.495979,6.874672],[10.142926,7.007687],[8.855872,5.847499],[8.529796,4.708889],[8.181651,4.991441],[8.288585,4.54857],[7.54477,4.711005],[7.281016,4.504869],[7.071788,4.758124],[6.969493,4.374579],[6.715587,4.834459],[6.870779,4.360785],[6.736095,4.607896],[6.687673,4.336575],[6.612641,4.336737],[6.595876,4.482082],[6.550466,4.504869],[6.270518,4.292629],[6.236339,4.498033],[6.112804,4.272162],[5.475434,4.84748],[5.34018,5.34394],[5.577891,5.381985],[5.639903,5.540188],[5.198009,5.501451],[5.509613,5.590644],[5.129161,5.628119],[5.290375,5.910102],[5.044688,5.767483],[4.405528,6.358873],[3.443614,6.410346],[3.384939,6.444525],[3.844005,6.610826],[2.703841,6.368352],[2.769164,9.057045],[3.076019,9.095157],[3.837419,10.599897],[3.468449,11.419485]]],[[[7.336925,4.46015],[7.584483,4.484605],[7.431814,4.434801],[7.336925,4.46015]]],[[[7.229503,4.532782],[7.29835,4.41474],[7.138031,4.39704],[7.229503,4.532782]]]]}},{"type":"Feature","properties":{"ISO3166-1-Alpha-3":"BEN"},"geometry":{"type":"Polygon","coordinates":[[[3.5964,11.695773],[3.468449,11.419485],[3.837419,10.599897],[3.076019,9.095157],[2.769164,9.057045],[2.703841,6.368352],[1.61964,6.213894],[1.601173,9.049526],[1.331009,9.996471],[0.768769,10.367094],[0.781275,10.693044],[1.439633,11.473771],[2.273587,11.652055],[2.495072,12.283231],[2.844301,12.399244],[3.5964,11.695773]]]}},{"type":"Feature","properties":{"ISO3166-1-Alpha-3":"AGO"},"geometry":{"type":"MultiPolygon","coordinates":[[[[13.073703,-4.635323],[12.444387,-5.055091],[12.508983,-5.726264],[12.210541,-5.763442],[12.009608,-5.019631],[12.187555,-4.768028],[12.761681,-4.391204],[13.073703,-4.635323]]],[[[23.967457,-10.872307],[24.000633,-13.001479],[21.979878,-13.001479],[21.983805,-16.165886],[23.381652,-17.641144],[20.806202,-18.031405],[18.89004,-17.799274],[18.453581,-17.389893],[13.980573,-17.423587],[13.166307,-16.951057],[11.757986,-17.23919],[11.735525,-15.85711],[12.51531,-13.425958],[13.639822,-12.248712],[13.846528,-11.113702],[12.996349,-9.093845],[13.380138,-8.75506],[13.378917,-8.347101],[12.290294,-6.096612],[13.184911,-5.856386],[16.515095,-5.887081],[16.945663,-7.204624],[17.600197,-8.098523],[19.355542,-8.001991],[19.521836,-7.001949],[20.611486,-6.915959],[20.520535,-7.286376],[21.784954,-7.283379],[21.791982,-9.406143],[22.313397,-10.368565],[22.23764,-11.249545],[23.967457,-10.872307]]],[[[11.719746,-16.506083],[11.738507,-16.705822],[11.701977,-16.500393],[11.719746,-16.506083]]]]}},{"type":"Feature","properties":{"ISO3166-1-Alpha-3":"HRV"},"geometry":{"type":"MultiPolygon","coordinates":[[[[16.515302,46.501711],[17.858062,45.771729],[18.901306,45.931203],[18.977491,45.371209],[19.407838,45.203133],[18.889627,44.86119],[18.237884,45.157451],[16.924372,45.284524],[16.316244,45.001234],[15.792348,45.189801],[15.728476,44.769103],[17.63451,42.950403],[16.880626,43.405951],[16.433849,43.54975],[15.959483,43.503974],[15.144542,44.195461],[15.528656,44.271796],[14.570811,45.293647],[14.311534,45.34398],[13.903168,44.772406],[13.595958,45.145413],[13.507091,45.511908],[14.580949,45.667808],[15.325193,45.452834],[15.639799,46.207672],[16.515302,46.501711]]],[[[17.81176,42.909863],[18.49643,42.416327],[17.001638,43.0515],[17.81176,42.909863]]],[[[16.820811,42.73607],[16.921072,42.777167],[16.936371,42.75552],[16.820811,42.73607]]],[[[17.392345,42.801703],[17.748871,42.694566],[17.323741,42.790839],[17.392345,42.801703]]],[[[16.824067,42.962104],[17.200206,42.92178],[16.631684,42.982611],[16.824067,42.962104]]],[[[16.130219,43.088446],[16.087169,43.011461],[16.048839,43.065172],[16.130219,43.088446]]],[[[16.943248,43.127265],[16.371593,43.195502],[17.19337,43.127265],[16.943248,43.127265]]],[[[16.813162,43.267768],[16.42628,43.39411],[16.892345,43.312201],[16.813162,43.267768]]],[[[16.277029,43.411933],[16.348643,43.33869],[16.20045,43.40705],[16.277029,43.411933]]],[[[15.60377,43.674709],[15.740408,43.627509],[15.672048,43.637437],[15.60377,43.674709]]],[[[15.227794,43.874457],[15.266368,43.857001],[15.395681,43.772406],[15.227794,43.874457]]],[[[15.358653,43.919379],[15.261241,44.011054],[15.446056,43.887519],[15.358653,43.919379]]],[[[15.225759,44.06623],[15.121837,44.092231],[15.062511,44.161933],[15.225759,44.06623]]],[[[14.827403,44.157904],[14.869151,44.14053],[14.822439,44.168687],[14.827403,44.157904]]],[[[15.007335,44.093004],[15.194509,43.872626],[14.84962,44.175605],[15.007335,44.093004]]],[[[15.128754,44.311998],[14.733653,44.703192],[15.254405,44.340033],[15.128754,44.311998]]],[[[14.335785,44.716783],[14.534353,44.484076],[14.363048,44.573432],[14.335785,44.716783]]],[[[14.84962,44.703192],[14.685802,44.847154],[14.85906,44.717353],[14.84962,44.703192]]],[[[14.31365,45.172431],[14.427908,44.656562],[14.2942,44.908637],[14.31365,45.172431]]],[[[14.814952,44.977484],[14.425059,45.087348],[14.548839,45.248725],[14.814952,44.977484]]],[[[16.264415,43.512885],[16.375255,43.49018],[16.211436,43.490058],[16.264415,43.512885]]],[[[14.748546,44.261664],[14.791677,44.272528],[14.789724,44.266913],[14.748546,44.261664]]],[[[14.595063,44.347113],[14.643565,44.325751],[14.661388,44.308661],[14.595063,44.347113]]],[[[14.803233,44.405504],[14.756196,44.364],[14.763438,44.415351],[14.803233,44.405504]]],[[[14.232595,44.626044],[14.280447,44.677558],[14.271169,44.612535],[14.232595,44.626044]]]]}},{"type":"Feature","properties":{"ISO3166-1-Alpha-3":"SVN"},"geometry":{"type":"Polygon","coordinates":[[[13.64292,45.45943],[13.894686,45.631841],[13.365261,46.290302],[13.700951,46.519746],[14.540332,46.378643],[16.094035,46.862774],[16.500832,46.544809],[15.639799,46.207672],[15.325193,45.452834],[14.580949,45.667808],[13.64292,45.45943]]]}},{"type":"Feature","properties":{"ISO3166-1-Alpha-3":"QAT"},"geometry":{"type":"Polygon","coordinates":[[[50.807872,24.746649],[50.785004,25.60456],[51.251231,26.160102],[51.577485,25.880845],[51.611013,25.022366],[51.340587,24.569892],[50.807872,24.746649]]]}},{"type":"Feature","properties":{"ISO3166-1-Alpha-3":"SAU"},"geometry":{"type":"MultiPolygon","coordinates":[[[[50.807872,24.746649],[51.498302,24.583564],[51.278819,24.307766],[52.558476,22.938575],[55.186843,22.703577],[55.637565,21.97897],[54.97838,19.995421],[51.978615,18.995638],[49.035849,18.57972],[48.161949,18.148919],[47.161338,16.947442],[46.710099,17.275381],[43.915128,17.301839],[43.412885,17.519965],[43.165044,17.32592],[43.179979,16.664617],[42.78948,16.370958],[40.744884,19.777004],[39.760102,20.350816],[39.174327,21.108873],[38.931254,22.006073],[39.142751,22.403225],[38.452647,23.784003],[37.429403,24.367307],[37.242198,25.175279],[35.216319,28.054389],[34.572765,28.112779],[34.949385,29.351686],[36.069457,29.200028],[37.981381,30.498811],[36.959532,31.490999],[39.157744,32.121348],[40.37028,31.938465],[42.075395,31.079861],[44.691825,29.201836],[47.433466,28.994717],[47.668129,28.533505],[48.49464,28.500149],[48.831798,27.612494],[49.239757,27.545111],[49.374848,27.149075],[50.158458,26.664862],[49.988455,26.724433],[50.216563,26.32392],[49.990001,26.001776],[50.807872,24.746649]]],[[[42.186438,16.705528],[41.955457,16.670115],[41.757085,16.896372],[41.905143,16.747581],[42.186438,16.705528]]],[[[42.001845,16.760987],[41.834972,16.891669],[41.86085,17.013617],[42.001845,16.760987]]],[[[49.456228,27.290351],[49.585134,27.344306],[49.688813,27.317694],[49.456228,27.290351]]],[[[36.999278,25.469428],[36.946544,25.441881],[36.951834,25.467515],[36.999278,25.469428]]],[[[36.904307,25.39411],[36.89975,25.361029],[36.776541,25.496405],[36.904307,25.39411]]],[[[36.866547,25.557522],[36.826996,25.547187],[36.841319,25.570014],[36.866547,25.557522]]],[[[36.879161,25.443345],[36.719249,25.55565],[36.681407,25.553453],[36.725597,25.565172],[36.879161,25.443345]]],[[[36.923188,25.519436],[36.898204,25.595445],[36.914399,25.606635],[36.923188,25.519436]]],[[[36.491466,25.645087],[36.667654,25.54975],[36.539399,25.589179],[36.491466,25.645087]]],[[[36.590831,25.860541],[36.542491,25.801947],[36.558442,25.836371],[36.590831,25.860541]]]]}},{"type":"Feature","properties":{"ISO3166-1-Alpha-3":"BWA"},"geometry":{"type":"Polygon","coordinates":[[[25.259781,-17.794107],[26.155488,-19.537153],[27.201781,-20.092984],[27.268392,-20.49575],[27.698133,-20.509083],[27.666611,-21.071219],[27.990415,-21.551913],[29.038723,-21.797893],[29.350074,-22.186707],[28.301817,-22.603839],[27.127419,-23.525023],[26.839168,-24.265598],[25.868374,-24.748152],[25.458425,-25.711194],[24.664985,-25.823332],[23.030666,-25.299437],[22.057702,-26.617599],[20.690757,-26.891794],[20.656547,-25.467798],[19.981447,-24.752493],[19.978346,-22.000671],[20.984796,-21.963981],[20.975081,-18.319346],[23.292769,-17.998952],[23.609856,-18.477682],[24.350586,-17.95606],[25.259781,-17.794107]]]}},{"type":"Feature","properties":{"ISO3166-1-Alpha-3":"ZWE"},"geometry":{"type":"Polygon","coordinates":[[[25.259781,-17.794107],[27.021275,-17.958541],[27.816886,-16.959636],[28.808866,-16.486279],[28.932373,-15.963727],[30.396263,-15.635995],[30.402568,-16.001244],[31.259983,-16.023465],[32.968509,-16.681616],[33.042768,-18.352005],[32.681085,-18.954966],[33.007266,-20.032006],[32.481614,-20.603031],[32.447197,-21.313685],[31.288922,-22.39734],[29.356947,-22.190944],[29.038723,-21.797893],[27.990415,-21.551913],[27.666611,-21.071219],[27.698133,-20.509083],[27.268392,-20.49575],[27.201781,-20.092984],[26.155488,-19.537153],[25.259781,-17.794107]]]}},{"type":"Feature","properties":{"ISO3166-1-Alpha-3":"PAK"},"geometry":{"type":"MultiPolygon","coordinates":[[[[75.981083,36.445444],[75.922321,36.031652],[76.555461,35.897862],[77.013108,34.986393],[75.777111,34.503812],[74.285832,34.768887],[73.779817,34.396067],[73.916242,34.02795],[74.272293,33.96214],[73.966162,33.734531],[74.002335,33.177692],[74.34619,32.76689],[74.685291,32.831227],[74.689322,32.471352],[75.359048,32.261675],[74.540804,31.810876],[74.658833,31.083789],[73.85175,30.372669],[73.944354,30.188288],[73.370332,29.927322],[72.930359,29.047685],[72.354581,28.767186],[71.874403,27.95969],[70.831573,27.701463],[70.341939,28.01147],[69.534443,27.125581],[69.50416,26.735165],[70.158074,26.530113],[70.249231,25.707683],[70.653857,25.674455],[71.073057,24.402103],[69.972039,24.165219],[68.747307,24.331177],[68.724466,23.965179],[68.157481,23.905097],[68.149099,23.694525],[68.01352,23.939276],[67.637706,23.801744],[67.255544,24.747992],[66.654145,24.839179],[66.737153,25.181098],[66.375499,25.625678],[66.094412,25.47484],[66.336436,25.553371],[66.498383,25.398505],[64.65504,25.165717],[64.045421,25.450344],[61.729551,25.021783],[61.832949,26.225377],[63.141344,26.625404],[63.319628,27.117312],[62.742351,27.266812],[62.761523,28.246442],[61.89279,28.5426],[60.844379,29.858179],[62.477509,29.407819],[64.086093,29.386605],[66.195628,29.835338],[66.366264,30.922868],[66.696993,31.195823],[67.764731,31.334058],[67.568981,31.52986],[68.138559,31.824674],[68.803841,31.602568],[69.29885,31.93769],[69.487727,33.028373],[70.294448,33.318949],[69.872613,34.017227],[71.062618,34.054253],[70.956991,34.532002],[71.637932,35.189688],[71.165919,36.045708],[71.61044,36.457931],[74.66245,37.054484],[75.981083,36.445444]]],[[[67.426931,24.007514],[67.390391,24.049262],[67.485362,24.048529],[67.426931,24.007514]]]]}},{"type":"Feature","properties":{"ISO3166-1-Alpha-3":"BGR"},"geometry":{"type":"Polygon","coordinates":[[[27.046545,42.082936],[25.882017,41.304043],[25.23911,41.240895],[24.510162,41.56165],[22.916978,41.335773],[23.008859,41.739934],[22.345023,42.313439],[22.427395,42.813615],[22.981367,43.198992],[22.518863,43.474247],[22.399594,43.993336],[22.69164,44.228435],[23.030976,44.093072],[22.888763,43.839522],[25.403131,43.65005],[27.027476,44.177046],[28.57838,43.741278],[27.452891,42.480129],[28.016775,41.972561],[27.046545,42.082936]]]}},{"type":"Feature","properties":{"ISO3166-1-Alpha-3":"THA"},"geometry":{"type":"MultiPolygon","coordinates":[[[[102.913585,11.645901],[102.064464,12.570746],[100.857921,12.652655],[100.995779,13.496161],[100.59783,13.61225],[99.962738,13.309882],[100.02003,12.192694],[99.151622,10.357367],[99.144786,9.788235],[99.255056,9.232489],[99.885997,9.233303],[100.424436,7.171206],[101.557384,6.841783],[102.07309,6.257514],[101.800483,5.739909],[101.557914,5.911346],[101.122179,5.62989],[101.081664,6.246467],[100.263316,6.700006],[100.127289,6.442288],[99.603526,7.376166],[99.378184,7.32095],[98.655447,8.379625],[98.286876,8.219916],[98.199474,8.534369],[98.756793,10.666068],[99.630022,11.815766],[99.093207,13.038327],[99.090003,13.870111],[98.160447,15.106366],[98.559906,15.355317],[98.546987,16.047497],[98.902521,16.381637],[98.663259,16.286656],[97.351401,18.551169],[97.745692,18.571064],[98.024538,19.802978],[98.899317,19.748615],[99.073466,20.101229],[99.510339,20.15381],[99.420629,20.375553],[100.344345,20.389971],[100.474259,19.524985],[101.254884,19.547154],[100.901934,17.561927],[101.132307,17.461674],[102.078503,18.213799],[102.68291,17.810077],[103.396768,18.441408],[104.000039,18.318444],[104.792704,17.423485],[104.754515,16.528915],[105.640921,15.68199],[105.507544,14.564048],[105.047314,14.214069],[104.771672,14.439869],[103.138231,14.319747],[102.332234,13.5646],[102.913585,11.645901]]],[[[97.868419,9.420396],[97.840017,9.404283],[97.843598,9.424954],[97.868419,9.420396]]],[[[99.698741,9.542222],[99.703461,9.521308],[99.668142,9.519192],[99.698741,9.542222]]],[[[99.675304,9.624457],[99.680431,9.612209],[99.678071,9.610419],[99.675304,9.624457]]],[[[99.206309,6.574856],[99.217296,6.536933],[99.158458,6.554389],[99.206309,6.574856]]],[[[99.704438,6.558295],[99.600271,6.583441],[99.656993,6.723822],[99.704438,6.558295]]],[[[99.377778,7.252346],[99.453868,7.239],[99.383311,7.194078],[99.377778,7.252346]]],[[[99.031261,7.561916],[99.075857,7.608954],[99.099946,7.467231],[99.031261,7.561916]]],[[[99.067068,7.675198],[99.108735,7.594184],[99.044607,7.663398],[99.067068,7.675198]]],[[[98.528494,8.123481],[98.602387,8.063463],[98.603526,7.903754],[98.528494,8.123481]]],[[[98.439138,8.082506],[98.29184,7.777493],[98.281423,8.191799],[98.439138,8.082506]]],[[[98.624034,8.191799],[98.62086,8.089993],[98.5796,8.106147],[98.624034,8.191799]]],[[[98.24822,9.150092],[98.323009,9.076239],[98.254242,9.036811],[98.24822,9.150092]]],[[[99.92628,9.565985],[100.060883,9.463813],[99.946625,9.418199],[99.92628,9.565985]]],[[[98.384939,9.727932],[98.416677,9.733466],[98.398123,9.706244],[98.384939,9.727932]]],[[[99.987641,9.719916],[100.067231,9.775621],[100.090099,9.665269],[99.987641,9.719916]]],[[[102.53004,11.604926],[102.605968,11.684516],[102.598318,11.563381],[102.53004,11.604926]]],[[[102.342784,12.123603],[102.290375,11.97484],[102.249522,12.153022],[102.342784,12.123603]]],[[[97.894786,9.438707],[97.853282,9.461371],[97.895274,9.467353],[97.894786,9.438707]]],[[[98.252208,8.997016],[98.306977,8.957913],[98.261567,8.878567],[98.252208,8.997016]]]]}},{"type":"Feature","properties":{"ISO3166-1-Alpha-3":"SMR"},"geometry":{"type":"Polygon","coordinates":[[[12.478287,43.917038],[12.395654,43.948409],[12.48216,43.982567],[12.478287,43.917038]]]}},{"type":"Feature","properties":{"ISO3166-1-Alpha-3":"HTI"},"geometry":{"type":"MultiPolygon","coordinates":[[[[-71.757436,19.71011],[-71.720346,18.765445],[-72.009838,18.598814],[-71.776235,18.039252],[-73.646311,18.258734],[-73.87328,18.02619],[-74.489166,18.429389],[-74.25593,18.670315],[-72.904164,18.434149],[-72.353831,18.530097],[-72.813547,19.052924],[-72.699127,19.445868],[-73.420318,19.82099],[-71.757436,19.71011]]],[[[-73.699941,18.108303],[-73.577992,18.066962],[-73.707672,18.094224],[-73.699941,18.108303]]],[[[-73.769521,18.588365],[-73.73998,18.636868],[-73.714589,18.601304],[-73.769521,18.588365]]],[[[-72.960357,20.061225],[-72.802398,20.087226],[-72.627553,20.008246],[-72.960357,20.061225]]],[[[-73.037424,18.759589],[-73.200795,18.968695],[-72.808746,18.720404],[-73.037424,18.759589]]]]}},{"type":"Feature","properties":{"ISO3166-1-Alpha-3":"DOM"},"geometry":{"type":"MultiPolygon","coordinates":[[[[-71.757436,19.71011],[-71.000885,19.93769],[-69.947255,19.678656],[-69.76769,19.29975],[-69.164296,19.307034],[-69.608469,19.093451],[-68.739735,18.964423],[-68.334055,18.577297],[-68.742991,18.204535],[-69.851471,18.47248],[-70.552846,18.20425],[-70.703847,18.430121],[-71.083974,18.304389],[-71.417226,17.604804],[-72.009838,18.598814],[-71.720346,18.765445],[-71.757436,19.71011]]],[[[-71.467112,17.580268],[-71.541371,17.576158],[-71.521067,17.621283],[-71.467112,17.580268]]],[[[-68.754547,18.197659],[-68.571848,18.107856],[-68.786936,18.196682],[-68.754547,18.197659]]]]}},{"type":"Feature","properties":{"ISO3166-1-Alpha-3":"TCD"},"geometry":{"type":"Polygon","coordinates":[[[14.064908,13.077988],[13.449494,14.439042],[15.465547,16.89468],[15.970322,20.336331],[15.18453,21.491196],[14.979909,22.995664],[15.985101,23.44472],[23.981306,19.496124],[23.984406,15.72116],[22.906746,15.541404],[22.958009,15.201631],[22.363523,14.543532],[22.546355,14.139707],[22.074962,13.780323],[22.267612,13.334562],[21.809449,12.793665],[22.445689,12.611066],[22.541704,11.632986],[22.922352,11.087076],[21.722632,10.636716],[21.718808,10.296634],[20.435166,9.138126],[19.021919,8.985215],[18.869783,8.849409],[19.124135,8.675079],[18.589283,8.047882],[17.639884,7.985043],[16.805516,7.543675],[16.548685,7.870012],[15.481049,7.523263],[15.183703,8.479148],[13.947603,9.637759],[14.181697,9.978178],[15.681244,9.991278],[15.131717,10.540701],[14.830753,12.618249],[14.418169,13.081141],[14.064908,13.077988]]]}},{"type":"Feature","properties":{"ISO3166-1-Alpha-3":"KWT"},"geometry":{"type":"MultiPolygon","coordinates":[[[[47.948009,29.994045],[48.176758,29.541916],[47.704717,29.363633],[48.100266,29.349954],[48.432781,28.54048],[47.668129,28.533505],[47.434086,28.994588],[46.532436,29.095745],[47.144698,30.003338],[47.948009,29.994045]]],[[[48.269242,29.429685],[48.389008,29.424872],[48.397356,29.387497],[48.269242,29.429685]]],[[[48.352712,29.709784],[48.161632,29.629706],[48.12086,29.981391],[48.188731,29.983547],[48.352712,29.709784]]],[[[48.109223,30.027981],[48.031098,29.971015],[48.010753,29.980455],[48.109223,30.027981]]]]}},{"type":"Feature","properties":{"ISO3166-1-Alpha-3":"SLV"},"geometry":{"type":"MultiPolygon","coordinates":[[[[-90.098307,13.731404],[-90.106976,13.844066],[-90.022976,13.936954],[-89.835855,14.059091],[-89.747644,14.037646],[-89.689844,14.170015],[-89.524505,14.231768],[-89.584062,14.401809],[-89.398182,14.445373],[-89.153985,14.351296],[-89.107476,14.39597],[-88.838759,14.100407],[-88.746387,14.111336],[-88.690938,14.009999],[-88.504361,13.983695],[-88.496816,13.851197],[-88.285433,13.905974],[-88.244893,13.989251],[-88.125391,13.991266],[-88.015321,13.866364],[-87.817891,13.91587],[-87.703608,13.814998],[-87.789934,13.532819],[-87.721153,13.460833],[-87.838287,13.440945],[-87.873769,13.365261],[-87.789906,13.287014],[-87.928212,13.158637],[-88.324941,13.166571],[-88.352284,13.174018],[-88.328114,13.197089],[-88.358429,13.228664],[-88.414825,13.171576],[-88.449574,13.254584],[-88.598663,13.283881],[-88.722768,13.269599],[-88.577382,13.262844],[-88.4617,13.16828],[-88.785675,13.245266],[-89.251454,13.472317],[-89.808048,13.526858],[-89.849662,13.606876],[-90.098307,13.731404]]],[[[-87.723111,13.164078],[-87.706087,13.211726],[-87.693194,13.167862],[-87.723111,13.164078]]],[[[-87.780169,13.241643],[-87.751387,13.228925],[-87.763805,13.214287],[-87.780169,13.241643]]]]}},{"type":"Feature","properties":{"ISO3166-1-Alpha-3":"GTM"},"geometry":{"type":"Polygon","coordinates":[[[-89.361621,14.415478],[-89.584062,14.401809],[-89.524505,14.231768],[-89.689844,14.170015],[-89.747644,14.037646],[-89.835855,14.059091],[-90.022976,13.936954],[-90.106976,13.844066],[-90.098307,13.731404],[-90.580413,13.913267],[-91.316461,13.955679],[-91.762558,14.180174],[-92.246257,14.546279],[-92.160804,14.683498],[-92.154215,14.995933],[-92.073807,15.073706],[-92.211292,15.272066],[-91.739848,16.060985],[-90.437421,16.098863],[-90.459435,16.25906],[-90.394917,16.419206],[-90.633094,16.483336],[-90.633765,16.592167],[-90.79696,16.805435],[-91.054928,16.908013],[-91.279514,17.180089],[-91.442502,17.237967],[-90.991986,17.25192],[-90.98284,17.810542],[-89.160496,17.814314],[-89.149205,17.036271],[-89.236512,15.893915],[-88.787343,15.859076],[-88.609242,15.702094],[-88.557688,15.852932],[-88.48884,15.846747],[-88.605458,15.969631],[-88.220937,15.725653],[-88.973427,15.140395],[-89.160806,15.060245],[-89.23243,14.8485],[-89.144502,14.708302],[-89.160393,14.581282],[-89.245685,14.572988],[-89.361621,14.415478]]]}},{"type":"Feature","properties":{"ISO3166-1-Alpha-3":"TLS"},"geometry":{"type":"MultiPolygon","coordinates":[[[[124.450531,-9.18019],[124.310066,-9.488722],[124.03004,-9.341974],[124.221202,-9.241143],[124.450531,-9.18019]]],[[[124.919507,-8.962016],[125.381033,-8.571466],[127.313243,-8.415216],[125.061615,-9.485772],[125.162365,-9.060634],[124.919507,-8.962016]]],[[[125.503673,-8.270766],[125.650645,-8.142836],[125.573578,-8.317315],[125.503673,-8.270766]]]]}},{"type":"Feature","properties":{"ISO3166-1-Alpha-3":"BRN"},"geometry":{"type":"MultiPolygon","coordinates":[[[[115.146169,4.908515],[115.272684,4.636772],[115.346272,4.313769],[115.091817,4.405417],[115.146169,4.908515]]],[[[115.101736,5.049872],[114.627762,4.016681],[113.99879,4.601142],[115.101736,5.049872]]]]}},{"type":"Feature","properties":{"ISO3166-1-Alpha-3":"MCO"},"geometry":{"type":"Polygon","coordinates":[[[7.406969,43.763506],[7.404319,43.717969],[7.36575,43.72273],[7.406969,43.763506]]]}},{"type":"Feature","properties":{"ISO3166-1-Alpha-3":"DZA"},"geometry":{"type":"Polygon","coordinates":[[[1.146524,21.101711],[-8.682385,27.285416],[-8.678768,28.692823],[-7.619453,29.389422],[-5.539503,29.523216],[-4.372368,30.508641],[-3.645529,30.711317],[-3.554674,30.955927],[-3.842836,31.170192],[-3.659507,31.647821],[-2.827836,31.794586],[-2.881189,32.076286],[-1.210335,32.08967],[-1.031999,32.4944],[-1.674234,33.237972],[-1.769526,34.741343],[-2.222564,35.089301],[1.34669,36.544989],[3.873871,36.917222],[5.304373,36.643012],[6.415782,37.092963],[8.60251,36.939511],[8.169919,36.525834],[8.431299,35.241726],[8.236479,34.647654],[7.479832,33.893901],[7.724985,33.231409],[9.045008,32.071842],[9.519708,30.228905],[9.286544,30.117129],[9.826149,29.128533],[9.896326,26.652793],[9.377804,26.168946],[10.242248,24.595115],[11.541393,24.29751],[11.968861,23.517351],[7.482726,20.872577],[5.794302,19.449796],[3.333057,18.975561],[3.10413,19.135526],[3.198802,19.820523],[1.778113,20.304291],[1.154585,20.738787],[1.146524,21.101711]]]}},{"type":"Feature","properties":{"ISO3166-1-Alpha-3":"MOZ"},"geometry":{"type":"MultiPolygon","coordinates":[[[[32.113884,-26.840014],[31.986554,-24.423108],[31.279103,-22.415323],[32.447197,-21.313685],[32.481614,-20.603031],[33.007266,-20.032006],[32.681085,-18.954966],[33.042768,-18.352005],[32.968509,-16.681616],[31.259983,-16.023465],[30.402568,-16.001244],[30.214465,-14.981462],[33.202707,-14.013872],[33.64485,-14.601743],[34.344084,-14.387389],[34.569083,-15.27116],[34.233186,-15.88983],[35.291933,-17.129341],[35.131943,-16.537646],[35.785133,-16.042275],[35.904299,-14.886894],[34.545312,-13.325749],[34.354006,-12.199461],[34.616729,-11.57831],[35.826371,-11.413462],[36.199681,-11.701507],[37.469681,-11.71949],[37.938077,-11.283961],[38.492255,-11.413462],[40.510509,-10.477716],[40.654959,-10.686944],[40.348806,-11.317071],[40.646821,-12.76629],[40.410899,-12.942071],[40.847992,-14.705011],[40.581798,-15.49212],[39.090505,-16.983819],[38.080821,-17.190688],[36.98406,-18.012384],[36.88795,-17.881036],[36.832774,-17.877618],[36.977224,-18.046563],[36.407481,-18.784845],[35.855317,-18.951349],[35.126801,-19.705011],[34.880056,-19.863377],[34.62672,-19.59588],[34.553233,-19.582289],[35.394054,-22.487726],[35.551443,-22.179132],[35.496837,-24.101332],[35.106456,-24.597914],[32.872732,-25.543878],[32.476817,-25.984552],[32.842459,-26.28867],[32.954438,-26.078871],[32.893077,-26.846124],[32.113884,-26.840014]],[[34.762353,-12.040298],[34.6559,-12.076264],[34.688973,-12.12453],[34.762353,-12.040298]],[[34.627478,-11.987278],[34.544072,-12.011359],[34.611148,-12.072544],[34.627478,-11.987278]]],[[[32.961274,-26.044122],[32.918305,-26.001397],[32.982595,-25.969008],[32.961274,-26.044122]]],[[[35.437511,-21.672947],[35.490733,-21.64186],[35.434906,-21.782892],[35.437511,-21.672947]]],[[[39.821337,-16.317412],[39.946372,-16.302192],[39.878476,-16.41689],[39.821337,-16.317412]]]]}},{"type":"Feature","properties":{"ISO3166-1-Alpha-3":"SWZ"},"geometry":{"type":"Polygon","coordinates":[[[31.949243,-25.958104],[31.96826,-27.316264],[31.141954,-27.196478],[30.785697,-26.716921],[31.119836,-25.910045],[31.401473,-25.735999],[31.949243,-25.958104]]]}},{"type":"Feature","properties":{"ISO3166-1-Alpha-3":"BDI"},"geometry":{"type":"Polygon","coordinates":[[[30.5546,-2.400628],[30.415797,-2.851659],[30.825488,-2.978577],[30.814842,-3.247708],[30.003005,-4.271935],[29.404179,-4.449805],[29.032574,-2.620666],[29.719922,-2.805461],[29.931692,-2.316912],[30.5546,-2.400628]]]}},{"type":"Feature","properties":{"ISO3166-1-Alpha-3":"RWA"},"geometry":{"type":"Polygon","coordinates":[[[29.015365,-2.720711],[28.891342,-2.652705],[28.858838,-2.418198],[29.134841,-2.197746],[29.130501,-1.843349],[29.342787,-1.516547],[29.816143,-1.322554],[29.880739,-1.453605],[29.960424,-1.464767],[30.147183,-1.345085],[30.337455,-1.066239],[30.471786,-1.066837],[30.555323,-1.31842],[30.737534,-1.406683],[30.838303,-1.615352],[30.796962,-1.929338],[30.887809,-2.082507],[30.834376,-2.345334],[30.521733,-2.399387],[30.37859,-2.303062],[30.207489,-2.339236],[30.116797,-2.43153],[29.931692,-2.316912],[29.897896,-2.671102],[29.719922,-2.805461],[29.339687,-2.826441],[29.306614,-2.660147],[29.113447,-2.594621],[29.032574,-2.620666],[29.015365,-2.720711]]]}},{"type":"Feature","properties":{"ISO3166-1-Alpha-3":"MMR"},"geometry":{"type":"MultiPolygon","coordinates":[[[[92.575879,21.977574],[93.173672,22.259418],[93.32219,24.080056],[94.131856,23.856969],[94.708565,25.02589],[94.608003,25.394627],[95.151225,26.049936],[95.122803,26.611607],[96.142586,27.25751],[96.705239,27.36076],[97.119167,27.087288],[96.87019,27.61909],[97.333521,27.894164],[97.527721,28.529526],[97.897518,28.355325],[98.294703,27.536615],[98.679279,27.577336],[98.692404,25.87899],[97.800986,25.237634],[97.516456,23.942829],[98.865727,24.145685],[98.658815,23.961123],[98.859009,23.179387],[99.538038,22.926431],[99.14447,22.153533],[99.942406,22.045529],[100.187145,21.427892],[101.173855,21.611912],[100.099295,20.317805],[99.420629,20.375553],[99.510339,20.15381],[99.073466,20.101229],[98.899317,19.748615],[98.024538,19.802978],[97.745692,18.571064],[97.351401,18.551169],[98.663259,16.286656],[98.902521,16.381637],[98.546987,16.047497],[98.559906,15.355317],[98.160447,15.106366],[99.090003,13.870111],[99.093207,13.038327],[99.630022,11.815766],[98.543142,9.987454],[98.459321,10.715399],[98.712413,10.924384],[98.891612,11.693671],[98.549001,11.878648],[98.664073,11.920356],[98.721446,11.997789],[98.578461,13.186754],[98.192149,14.064683],[98.18686,13.54385],[98.144298,13.537095],[97.79477,14.880316],[97.727061,15.843207],[97.568858,16.062405],[97.740245,16.559272],[97.370291,16.483547],[97.260997,17.107327],[96.883067,17.457424],[96.679473,16.574868],[96.171153,16.771552],[96.3213,16.415269],[95.724864,16.222846],[95.415782,15.722968],[95.361583,16.148383],[95.212738,15.786566],[95.135753,16.148383],[95.033946,15.805732],[94.846853,15.790595],[94.992442,16.2508],[94.56658,15.935492],[94.678884,16.121283],[94.73227,16.524563],[94.239513,15.976304],[94.594493,17.292304],[94.490571,18.072496],[94.038097,18.859117],[94.066905,19.388983],[93.930431,18.858629],[93.487071,19.333726],[93.834239,19.238186],[93.929942,19.29975],[93.987315,19.386705],[93.806814,19.745836],[93.60141,19.718573],[93.740001,19.925116],[93.128429,20.094672],[93.168793,19.807318],[92.970225,20.129462],[93.094249,20.14997],[93.120942,20.211982],[93.073253,20.554633],[92.867686,20.122016],[92.826915,20.495063],[92.63502,20.697984],[92.731212,20.259182],[92.381114,20.700141],[92.17828,21.299735],[92.633756,21.282216],[92.575879,21.977574]]],[[[98.046072,9.827948],[98.018321,9.794908],[98.015391,9.826402],[98.046072,9.827948]]],[[[98.189708,10.51557],[98.221853,10.498114],[98.192719,10.482408],[98.189708,10.51557]]],[[[98.440278,10.965562],[98.432872,10.993598],[98.451427,11.001939],[98.440278,10.965562]]],[[[97.479666,11.777981],[97.459239,11.7862],[97.444347,11.800238],[97.479666,11.777981]]],[[[97.868012,12.774807],[97.835297,12.792792],[97.852794,12.806545],[97.868012,12.774807]]],[[[98.127452,9.96011],[98.288259,10.007961],[98.133474,9.845608],[98.127452,9.96011]]],[[[98.185802,10.121161],[98.240489,10.172349],[98.185802,10.04206],[98.185802,10.121161]]],[[[97.889415,10.419989],[97.943533,10.443793],[97.910167,10.401923],[97.889415,10.419989]]],[[[98.498383,10.793606],[98.553233,10.832831],[98.52711,10.786933],[98.498383,10.793606]]],[[[97.883556,10.84455],[97.911957,10.924262],[97.951834,10.919094],[97.883556,10.84455]]],[[[98.171886,10.978664],[98.250743,10.693101],[98.077403,10.888088],[98.171886,10.978664]]],[[[98.541515,10.953803],[98.477061,10.9737],[98.524669,11.086656],[98.541515,10.953803]]],[[[98.281423,11.275946],[98.247325,11.214504],[98.219981,11.26911],[98.281423,11.275946]]],[[[98.278331,11.799791],[98.283539,11.509426],[98.176524,11.449164],[98.165294,11.473944],[98.278331,11.799791]]],[[[98.370779,11.789252],[98.556407,11.758734],[98.53533,11.529242],[98.370779,11.789252]]],[[[98.013927,11.864976],[98.08961,11.63227],[98.011729,11.704739],[98.028331,11.71719],[98.007091,11.761949],[98.013927,11.864976]]],[[[97.642833,11.867662],[97.678477,11.887885],[97.671886,11.837714],[97.642833,11.867662]]],[[[98.289073,11.882392],[98.256521,11.902533],[98.265391,11.908515],[98.289073,11.882392]]],[[[98.260916,11.971137],[98.246104,11.925442],[98.23585,11.968329],[98.260916,11.971137]]],[[[98.519867,12.007025],[98.478038,11.890937],[98.439138,12.112006],[98.519867,12.007025]]],[[[98.07252,12.289537],[98.131847,12.198554],[98.137462,12.138739],[98.039399,12.207343],[98.07252,12.289537]]],[[[98.075938,12.427395],[98.000255,12.269029],[97.945567,12.310045],[98.075938,12.427395]]],[[[98.474294,12.424994],[98.514171,12.423651],[98.495616,12.405829],[98.474294,12.424994]]],[[[98.230235,12.516995],[98.289887,12.526313],[98.260509,12.495266],[98.230235,12.516995]]],[[[97.829438,12.557074],[97.849946,12.594631],[97.849946,12.537258],[97.829438,12.557074]]],[[[98.315603,12.687445],[98.455821,12.45775],[98.302013,12.337958],[98.315603,12.687445]]],[[[98.247325,13.215033],[98.336436,13.073879],[98.302013,12.913316],[98.247325,13.215033]]],[[[97.918712,13.853258],[97.938162,13.851793],[97.917735,13.783596],[97.918712,13.853258]]],[[[93.39031,14.153754],[93.394786,14.076361],[93.374848,14.064683],[93.39031,14.153754]]],[[[93.704438,14.870998],[93.703868,14.904446],[93.724376,14.913804],[93.704438,14.870998]]],[[[97.65089,15.592231],[97.672374,15.533352],[97.664399,15.504096],[97.65089,15.592231]]],[[[94.806814,15.931098],[94.803722,15.796576],[94.724864,15.811957],[94.806814,15.931098]]],[[[94.389659,16.000922],[94.629649,16.075181],[94.40268,15.83926],[94.389659,16.000922]]],[[[97.459646,16.477362],[97.571364,16.222693],[97.547461,16.199928],[97.459646,16.477362]]],[[[93.621755,18.910346],[93.645274,18.679348],[93.484141,18.874986],[93.621755,18.910346]]],[[[93.970714,19.416938],[93.802745,19.276679],[93.641775,19.492011],[93.723643,19.556383],[93.970714,19.416938]]],[[[93.49879,19.88703],[93.511974,19.745836],[93.402843,19.95307],[93.49879,19.88703]]],[[[92.911957,20.084703],[93.014659,19.905585],[93.024913,19.827826],[92.911957,20.084703]]]]}},{"type":"Feature","properties":{"ISO3166-1-Alpha-3":"BGD"},"geometry":{"type":"MultiPolygon","coordinates":[[[[92.259309,23.706487],[92.633756,21.282216],[92.17828,21.299735],[92.325531,20.738715],[91.952973,21.44184],[92.029307,21.704901],[91.812999,22.180325],[91.908051,22.42475],[91.78712,22.237942],[91.490489,22.904527],[90.941742,22.585883],[90.61199,23.606106],[90.551931,23.384955],[90.24936,23.45539],[90.61085,23.23078],[90.448904,23.055732],[90.468272,22.99608],[90.510427,22.918199],[90.54005,22.896552],[90.476329,22.884101],[90.372569,22.76142],[90.557953,22.203355],[90.024425,21.862454],[90.239106,22.172268],[89.934418,21.997707],[90.010102,22.49022],[89.586925,21.700832],[89.626475,22.336005],[89.532888,21.984687],[89.53712,22.089016],[89.475759,22.295071],[89.465831,21.781317],[89.352224,21.972317],[89.21046,21.65412],[88.959975,23.202693],[88.541551,23.638765],[88.737508,24.287097],[88.02179,24.645603],[88.441299,25.18973],[88.984935,25.284969],[88.087574,25.830983],[88.497626,26.352708],[88.315105,26.465052],[88.385282,26.623544],[89.335301,25.998569],[89.653008,26.22269],[89.819044,25.284969],[92.033999,25.181668],[92.483791,24.928221],[91.132349,23.720646],[91.586068,22.944466],[91.922688,23.722972],[92.259309,23.706487]]],[[[91.853526,21.725816],[91.970225,21.523586],[91.877126,21.481024],[91.853526,21.725816]]],[[[89.045665,21.91706],[89.132498,21.721625],[89.051524,21.793199],[89.045665,21.91706]]],[[[91.867198,21.931952],[91.862804,21.789984],[91.83253,21.725816],[91.867198,21.931952]]],[[[90.503591,21.862454],[90.606619,21.938788],[90.540782,21.875922],[90.503591,21.862454]]],[[[90.318614,21.892808],[90.394298,22.00023],[90.322927,21.843899],[90.318614,21.892808]]],[[[90.358653,22.022691],[90.381114,22.023098],[90.33961,21.972317],[90.358653,22.022691]]],[[[90.394298,21.938788],[90.486176,21.976793],[90.415538,21.900539],[90.394298,21.938788]]],[[[90.509044,21.999416],[90.483653,22.03498],[90.613455,22.164049],[90.509044,21.999416]]],[[[90.920258,22.160061],[90.956716,22.144843],[90.929373,22.116889],[90.920258,22.160061]]],[[[90.997813,22.235093],[90.977061,22.239203],[90.982921,22.259182],[90.997813,22.235093]]],[[[90.994395,22.302069],[90.937185,22.232733],[90.97641,22.363349],[90.994395,22.302069]]],[[[91.074801,22.38859],[91.186785,22.227757],[91.022472,22.094875],[91.074801,22.38859]]],[[[90.640147,22.349677],[90.658702,22.379543],[90.640147,22.308743],[90.640147,22.349677]]],[[[90.647472,22.42475],[90.653494,22.483466],[90.667328,22.439032],[90.647472,22.42475]]],[[[91.123562,22.489146],[91.21083,22.495521],[91.11371,22.461415],[91.123562,22.489146]]],[[[91.446517,22.453242],[91.556361,22.47821],[91.555179,22.402031],[91.446517,22.453242]]],[[[90.58546,22.768052],[90.836192,22.178168],[90.647472,21.994045],[90.687999,22.377631],[90.58546,22.768052]]],[[[90.473399,22.865139],[90.520993,22.711765],[90.45574,22.767401],[90.473399,22.865139]]],[[[90.586192,23.034898],[90.636241,22.921332],[90.508067,22.975775],[90.586192,23.034898]]],[[[90.45574,23.062812],[90.515636,23.051947],[90.469493,23.007636],[90.45574,23.062812]]],[[[90.586192,23.301744],[90.487071,23.319037],[90.429698,23.385159],[90.539399,23.350002],[90.586192,23.301744]]]]}},{"type":"Feature","properties":{"ISO3166-1-Alpha-3":"AND"},"geometry":{"type":"Polygon","coordinates":[[[1.707006,42.502781],[1.508466,42.428677],[1.406456,42.52924],[1.543089,42.649362],[1.707006,42.502781]]]}},{"type":"Feature","properties":{"ISO3166-1-Alpha-3":"AFG"},"geometry":{"type":"Polygon","coordinates":[[[74.542354,37.021669],[72.213607,36.726442],[71.223073,36.125393],[71.637932,35.189688],[70.956991,34.532002],[71.062618,34.054253],[69.872613,34.017227],[70.294448,33.318949],[69.487727,33.028373],[69.29885,31.93769],[68.803841,31.602568],[68.138559,31.824674],[67.568981,31.52986],[67.764731,31.334058],[66.696993,31.195823],[66.366264,30.922868],[66.195628,29.835338],[64.086093,29.386605],[62.477509,29.407819],[60.844379,29.858179],[61.826438,31.014956],[61.686911,31.373177],[60.821744,31.494668],[60.562949,33.058268],[60.92086,33.514105],[60.511789,33.638387],[60.492772,34.139028],[60.890474,34.318914],[60.699685,34.516396],[61.06545,34.814724],[61.269676,35.618499],[62.286203,35.140647],[62.69362,35.248392],[63.080211,35.437063],[63.104086,35.856469],[64.477697,36.271637],[64.778764,37.118046],[65.536857,37.257107],[65.761443,37.578379],[67.746593,37.229408],[68.02022,36.92568],[68.887867,37.338135],[69.312079,37.117477],[69.508656,37.578973],[70.157867,37.541431],[70.17213,37.946083],[70.950739,38.473053],[71.358156,38.251258],[71.258265,37.926472],[71.597727,37.89836],[71.431123,37.066989],[71.653021,36.687012],[73.296332,37.464949],[73.753462,37.428388],[73.709227,37.217006],[74.315598,37.426916],[74.660383,37.393972],[74.892307,37.231114],[74.368308,37.167061],[74.542354,37.021669]]]}},{"type":"Feature","properties":{"ISO3166-1-Alpha-3":"MNE"},"geometry":{"type":"Polygon","coordinates":[[[18.49643,42.416327],[18.433531,42.954201],[19.069668,43.30883],[18.977477,43.546232],[20.35362,42.890975],[19.981757,42.510765],[19.621779,42.604997],[19.274926,42.191276],[19.365082,41.852362],[18.49643,42.416327]]]}},{"type":"Feature","properties":{"ISO3166-1-Alpha-3":"BIH"},"geometry":{"type":"Polygon","coordinates":[[[17.653331,42.890937],[15.728476,44.769103],[15.792348,45.189801],[16.316244,45.001234],[16.924372,45.284524],[19.368667,44.887132],[19.107185,44.382718],[19.611443,44.054521],[19.229348,43.95768],[19.48959,43.564448],[18.911021,43.507268],[19.069668,43.30883],[18.452754,42.993398],[18.492132,42.564767],[17.653331,42.890937]]]}},{"type":"Feature","properties":{"ISO3166-1-Alpha-3":"UGA"},"geometry":{"type":"Polygon","coordinates":[[[30.638626,-1.07337],[30.337455,-1.066239],[30.147183,-1.345085],[29.938462,-1.472932],[29.825135,-1.323897],[29.577915,-1.38839],[29.554661,-0.928573],[29.610781,-0.863977],[29.703075,0.072503],[29.940477,0.498317],[29.947298,0.824602],[30.154831,0.90868],[30.238857,1.136004],[30.478274,1.238634],[31.271455,2.102999],[31.177559,2.30291],[31.055241,2.290249],[30.968011,2.405436],[30.87179,2.332055],[30.80492,2.434374],[30.710559,2.445123],[30.853393,2.853367],[30.743839,3.055474],[30.91003,3.393412],[30.896388,3.519967],[30.839543,3.490202],[30.944447,3.679286],[31.214818,3.792354],[31.523739,3.656083],[31.777884,3.816435],[31.93002,3.59836],[32.16799,3.512242],[32.187782,3.61916],[32.371801,3.731065],[32.756429,3.769022],[32.997241,3.885526],[33.164466,3.763053],[33.490648,3.749746],[34.006017,4.205713],[34.107096,3.959501],[34.084772,3.877336],[34.204971,3.874545],[34.152468,3.775636],[34.439686,3.667736],[34.381291,3.476869],[34.434001,3.182029],[34.53384,3.118467],[34.58469,2.928711],[34.730107,2.85285],[34.81868,2.597982],[34.875628,2.591212],[34.923584,2.477318],[34.865603,2.347506],[35.006473,1.916861],[34.972676,1.654241],[34.778993,1.388547],[34.797907,1.231916],[34.487021,1.082467],[34.388009,0.815817],[34.149574,0.603634],[34.085185,0.347008],[33.893569,0.109814],[33.953514,-0.154356],[33.904214,-1.002573],[30.777118,-0.98583],[30.638626,-1.07337]]]}},{"type":"Feature","properties":{"ISO3166-1-Alpha-3":"-99"},"geometry":{"type":"MultiPolygon","coordinates":[[[[-75.09495,19.971584],[-75.165296,19.897012],[-75.137036,19.971551],[-75.09495,19.971584]]],[[[-75.228969,19.93744],[-75.156733,19.9389],[-75.232859,19.900051],[-75.228969,19.93744]]]]}},{"type":"Feature","properties":{"ISO3166-1-Alpha-3":"CUB"},"geometry":{"type":"MultiPolygon","coordinates":[[[[-75.095006,19.897226],[-77.706044,19.830024],[-77.113433,20.368476],[-77.195424,20.636542],[-78.065541,20.711656],[-78.744618,21.636542],[-80.003245,21.720893],[-80.484446,22.192043],[-81.824452,22.18891],[-82.163971,22.396877],[-81.651563,22.487827],[-81.877501,22.67973],[-82.759877,22.705959],[-84.029408,21.919867],[-84.949615,21.876776],[-84.288564,22.020697],[-84.445668,22.205024],[-84.21288,22.583075],[-83.226186,23.001858],[-82.21935,23.194241],[-81.149159,23.034898],[-80.597279,23.156073],[-80.431508,22.949937],[-79.792958,22.897773],[-79.341786,22.413153],[-78.708079,22.386908],[-77.347157,21.638617],[-77.55602,21.928534],[-76.887278,21.307359],[-75.70401,21.118964],[-75.724517,20.695502],[-74.998362,20.700751],[-74.139638,20.242336],[-75.095006,19.897226]]],[[[-78.433502,20.609524],[-78.338979,20.518012],[-78.46345,20.602444],[-78.433502,20.609524]]],[[[-78.483957,20.732164],[-78.51183,20.691148],[-78.5454,20.70425],[-78.483957,20.732164]]],[[[-78.792348,20.719916],[-78.807037,20.757229],[-78.750844,20.725979],[-78.792348,20.719916]]],[[[-75.577748,20.769517],[-75.508168,20.786566],[-75.482167,20.737779],[-75.577748,20.769517]]],[[[-78.964345,20.814114],[-78.876617,20.809231],[-78.847035,20.773139],[-78.964345,20.814114]]],[[[-79.079823,20.897284],[-78.971181,20.873521],[-78.988881,20.839057],[-79.079823,20.897284]]],[[[-79.137685,20.982652],[-79.11559,20.910834],[-79.224436,21.005845],[-79.137685,20.982652]]],[[[-79.340728,21.072903],[-79.35733,21.12759],[-79.292633,21.074774],[-79.340728,21.072903]]],[[[-81.551381,21.62759],[-81.496693,21.618476],[-81.560658,21.602973],[-81.551381,21.62759]]],[[[-82.568023,21.636542],[-82.906239,21.437486],[-83.078521,21.469224],[-83.191803,21.630316],[-82.959096,21.561998],[-82.989491,21.948432],[-82.568023,21.636542]]],[[[-77.808502,22.099555],[-77.703114,21.910834],[-77.949452,22.102607],[-77.871693,22.075629],[-77.808502,22.099555]]],[[[-77.781728,22.177802],[-77.880686,22.308743],[-77.757721,22.178371],[-77.781728,22.177802]]],[[[-77.825999,22.157904],[-78.045725,22.198879],[-78.007924,22.233832],[-78.003326,22.286363],[-78.017812,22.314887],[-77.825999,22.157904]]],[[[-78.027659,22.266018],[-78.312611,22.404283],[-78.010976,22.281399],[-78.027659,22.266018]]],[[[-78.696197,22.541449],[-78.540842,22.458482],[-78.693593,22.507514],[-78.696197,22.541449]]],[[[-78.960846,22.660142],[-79.004506,22.656724],[-79.087229,22.67182],[-78.960846,22.660142]]],[[[-79.326812,22.616523],[-79.52009,22.720689],[-79.571767,22.788275],[-79.635325,22.802151],[-79.569976,22.804104],[-79.371978,22.676663],[-79.326812,22.616523]]],[[[-79.957428,22.95303],[-79.898549,22.936713],[-79.949696,22.928412],[-79.957428,22.95303]]],[[[-80.347808,22.986518],[-80.249745,23.010932],[-80.231801,22.959174],[-80.347808,22.986518]]],[[[-80.224965,23.089545],[-80.166493,23.092475],[-80.131256,23.086982],[-80.224965,23.089545]]],[[[-80.971669,23.110663],[-80.80484,23.152899],[-80.830637,23.135647],[-80.971669,23.110663]]],[[[-80.559682,23.205064],[-80.495229,23.168362],[-80.580637,23.1789],[-80.559682,23.205064]]],[[[-78.613393,20.657945],[-78.578277,20.648424],[-78.585683,20.643622],[-78.613393,20.657945]]],[[[-78.646474,20.652289],[-78.62975,20.65884],[-78.631174,20.653144],[-78.646474,20.652289]]],[[[-81.996653,21.626614],[-81.989817,21.608832],[-82.114247,21.570299],[-81.996653,21.626614]]],[[[-81.935699,21.641913],[-81.901357,21.615627],[-81.932362,21.628485],[-81.935699,21.641913]]],[[[-82.657867,21.932074],[-82.607737,21.938707],[-82.591176,21.926663],[-82.657867,21.932074]]],[[[-83.607818,21.966498],[-83.545318,21.961249],[-83.5926,21.96011],[-83.607818,21.966498]]],[[[-81.582509,22.076606],[-81.547027,22.044582],[-81.588857,22.072699],[-81.582509,22.076606]]],[[[-78.768137,22.541653],[-78.738759,22.524319],[-78.765981,22.518785],[-78.768137,22.541653]]],[[[-82.52831,22.640041],[-82.507721,22.590074],[-82.522857,22.559312],[-82.52831,22.640041]]],[[[-79.20641,22.624416],[-79.215728,22.643012],[-79.176869,22.64468],[-79.20641,22.624416]]],[[[-79.718332,22.880032],[-79.730865,22.866116],[-79.727528,22.903957],[-79.718332,22.880032]]],[[[-79.871165,22.947699],[-79.827382,22.919135],[-79.846506,22.910346],[-79.871165,22.947699]]],[[[-80.076772,23.069892],[-80.056304,23.026679],[-80.094797,23.048326],[-80.076772,23.069892]]],[[[-80.27245,23.140041],[-80.250315,23.084866],[-80.305735,23.134508],[-80.27245,23.140041]]],[[[-80.446116,23.150621],[-80.376291,23.152167],[-80.459788,23.128607],[-80.446116,23.150621]]],[[[-80.694895,23.203925],[-80.674672,23.186835],[-80.704254,23.180325],[-80.694895,23.203925]]],[[[-80.83788,23.223538],[-80.711903,23.190823],[-80.86144,23.220364],[-80.83788,23.223538]]],[[[-80.912994,23.26557],[-80.87857,23.232123],[-80.942698,23.25727],[-80.912994,23.26557]]]]}},{"type":"Feature","properties":{"ISO3166-1-Alpha-3":"HND"},"geometry":{"type":"MultiPolygon","coordinates":[[[[-89.361621,14.415478],[-89.245685,14.572988],[-89.160393,14.581282],[-89.144502,14.708302],[-89.23243,14.8485],[-89.160806,15.060245],[-88.973427,15.140395],[-88.316672,15.6746],[-88.220937,15.725653],[-88.118886,15.695868],[-87.933909,15.818793],[-87.950999,15.867174],[-87.722157,15.922919],[-87.626047,15.887681],[-87.636301,15.90351],[-87.591298,15.935492],[-87.617299,15.894599],[-87.4794,15.786038],[-87.345082,15.850328],[-86.91686,15.760403],[-86.77066,15.806545],[-86.374745,15.770941],[-85.933258,15.936672],[-85.919179,16.00373],[-86.007924,16.031073],[-85.703196,15.976467],[-85.488578,15.869567],[-85.25425,15.884085],[-84.999949,15.987942],[-84.676552,15.876203],[-84.660054,15.774494],[-84.452811,15.795648],[-84.64183,15.862907],[-84.294638,15.81101],[-83.72997,15.401557],[-84.004018,15.537584],[-84.103627,15.551215],[-84.089345,15.482978],[-84.13036,15.551215],[-84.21288,15.551215],[-84.185536,15.482978],[-84.127797,15.53262],[-84.099517,15.37759],[-83.931752,15.311672],[-83.938385,15.259223],[-83.821889,15.270697],[-84.026519,15.408677],[-83.814076,15.321682],[-83.759836,15.202094],[-83.623362,15.296088],[-83.527659,15.284369],[-83.532867,15.211249],[-83.592519,15.237209],[-83.621449,15.176174],[-83.481801,15.215562],[-83.529612,15.301011],[-83.610219,15.304877],[-83.702992,15.402004],[-83.40803,15.266425],[-83.284291,15.068345],[-83.130444,14.997012],[-83.509084,15.01154],[-83.615615,14.872685],[-83.924718,14.763441],[-84.11176,14.793413],[-84.095431,14.736104],[-84.168191,14.714969],[-84.261803,14.758532],[-84.267281,14.677736],[-84.362934,14.715615],[-84.482694,14.619471],[-84.699321,14.674687],[-84.792132,14.82106],[-84.904219,14.816978],[-85.053925,14.66306],[-85.029637,14.588956],[-85.14547,14.564254],[-85.205828,14.407158],[-85.169629,14.321763],[-85.321351,14.281326],[-85.527953,14.050901],[-85.727347,13.965014],[-85.742462,13.823705],[-85.929401,13.912098],[-86.020197,14.055164],[-86.121689,14.027207],[-86.340126,13.756655],[-86.766198,13.74526],[-86.704031,13.298828],[-86.910789,13.239581],[-86.922932,13.086386],[-87.035045,12.979777],[-87.314036,12.981553],[-87.269154,13.029446],[-87.352813,13.072537],[-87.303944,13.098334],[-87.419342,13.111355],[-87.512237,13.286689],[-87.379018,13.372016],[-87.400624,13.41116],[-87.61856,13.372016],[-87.624013,13.466254],[-87.692779,13.366482],[-87.817169,13.406562],[-87.721153,13.460833],[-87.789934,13.532819],[-87.703608,13.814998],[-87.817891,13.91587],[-88.015321,13.866364],[-88.099036,13.989819],[-88.235075,13.992868],[-88.285433,13.905974],[-88.496816,13.851197],[-88.504361,13.983695],[-88.690938,14.009999],[-88.746387,14.111336],[-88.838759,14.100407],[-89.107476,14.39597],[-89.153985,14.351296],[-89.361621,14.415478]]],[[[-87.673818,13.283881],[-87.624338,13.252916],[-87.667063,13.256008],[-87.673818,13.283881]]],[[[-87.659006,13.331692],[-87.57079,13.372016],[-87.591298,13.304389],[-87.659006,13.331692]]],[[[-86.944251,16.116508],[-86.878733,16.093166],[-86.997405,16.083959],[-86.944251,16.116508]]],[[[-86.606542,16.285029],[-86.44039,16.396545],[-86.332125,16.429448],[-86.181751,16.428225],[-86.606542,16.285029]]],[[[-85.947068,16.40319],[-85.851131,16.517218],[-85.81695,16.498309],[-85.947068,16.40319]]],[[[-83.930328,17.40941],[-83.926137,17.416327],[-83.912343,17.411119],[-83.930328,17.40941]]]]}},{"type":"Feature","properties":{"ISO3166-1-Alpha-3":"ECU"},"geometry":{"type":"MultiPolygon","coordinates":[[[[-78.828684,1.434312],[-78.570057,1.195845],[-78.485205,1.192642],[-78.120007,0.921237],[-77.847983,0.809254],[-77.703185,0.843102],[-77.645566,0.716288],[-77.468057,0.650866],[-77.397467,0.387626],[-77.082861,0.348869],[-76.88246,0.240142],[-76.734355,0.233114],[-76.724537,0.277555],[-76.565425,0.21606],[-76.408019,0.254508],[-76.41639,0.401889],[-76.30048,0.461627],[-76.053467,0.363545],[-75.817874,0.100098],[-75.626774,0.078911],[-75.283488,-0.107021],[-75.4295,-0.163658],[-75.643208,-0.128828],[-75.260699,-0.54348],[-75.297027,-0.746982],[-75.227264,-0.96981],[-75.348729,-0.974978],[-75.4064,-0.915137],[-75.573031,-1.537321],[-76.091242,-2.128913],[-76.684591,-2.57364],[-77.867826,-2.990256],[-78.196411,-3.36367],[-78.163726,-3.477254],[-78.226306,-3.50702],[-78.257182,-3.409558],[-78.350794,-3.389611],[-78.419679,-3.791034],[-78.562073,-3.979756],[-78.682428,-4.326918],[-78.637211,-4.435129],[-78.672661,-4.550987],[-78.898642,-4.694234],[-78.900218,-4.843683],[-79.063929,-5.011373],[-79.303217,-4.961246],[-79.450572,-4.810196],[-79.507209,-4.531557],[-79.657975,-4.438746],[-79.832874,-4.47895],[-80.140246,-4.283097],[-80.382867,-4.476263],[-80.492291,-4.413011],[-80.345272,-4.198451],[-80.469605,-4.21323],[-80.491981,-4.014896],[-80.325506,-4.015413],[-80.165257,-3.890046],[-80.265664,-3.426405],[-80.341054,-3.368585],[-80.306874,-3.320733],[-80.31432,-3.376072],[-80.286448,-3.320733],[-80.135569,-3.327569],[-80.059885,-3.204034],[-80.039947,-3.27988],[-79.953196,-3.197442],[-79.72643,-2.593845],[-79.868642,-2.160903],[-79.765614,-2.004978],[-79.891957,-2.115899],[-79.896108,-2.54339],[-79.998402,-2.608168],[-80.063588,-2.577244],[-80.00178,-2.480157],[-79.943756,-2.498305],[-79.929677,-2.484145],[-80.034332,-2.473891],[-79.950022,-2.307224],[-80.012685,-2.32643],[-80.17512,-2.586684],[-80.279612,-2.612563],[-80.255483,-2.730239],[-80.467885,-2.617934],[-80.656646,-2.415785],[-80.913645,-2.31878],[-81.01301,-2.166925],[-80.870573,-2.203301],[-80.737447,-2.043497],[-80.85558,-1.588311],[-80.744256,-1.343773],[-80.909611,-1.044915],[-80.816365,-0.946344],[-80.569883,-0.912243],[-80.448969,-0.60606],[-80.378798,-0.657885],[-80.299007,-0.662229],[-80.391737,-0.625487],[-80.496464,-0.381374],[-80.051349,0.089992],[-80.048492,0.318305],[-79.990956,0.365465],[-80.036366,0.62523],[-80.108266,0.695054],[-80.075836,0.816148],[-79.655751,1.003607],[-79.670074,0.921617],[-79.614858,0.845282],[-79.63268,0.986029],[-79.435048,1.07803],[-79.165761,1.099799],[-79.05724,1.217515],[-78.991689,1.119696],[-78.928944,1.24315],[-78.901682,1.236314],[-78.871693,1.288967],[-78.812856,1.277289],[-78.881947,1.319281],[-78.828684,1.434312]]],[[[-80.059885,-2.662774],[-79.907216,-2.732354],[-80.131033,-3.020921],[-80.26594,-3.018487],[-80.210683,-2.724867],[-80.059885,-2.662774]]],[[[-89.736399,-1.340102],[-89.613271,-1.391697],[-89.756907,-1.36061],[-89.736399,-1.340102]]],[[[-90.380686,-1.25449],[-90.432118,-1.345961],[-90.524037,-1.305922],[-90.471913,-1.216729],[-90.380686,-1.25449]]],[[[-89.413238,-0.713474],[-89.257192,-0.681573],[-89.273183,-0.759942],[-89.420033,-0.919366],[-89.629954,-0.925877],[-89.413238,-0.713474]]],[[[-90.191965,-0.538263],[-90.198801,-0.681573],[-90.337066,-0.776951],[-90.544545,-0.681573],[-90.460561,-0.513849],[-90.263987,-0.483005],[-90.191965,-0.538263]]],[[[-91.401112,-0.452895],[-91.606516,-0.456313],[-91.668568,-0.284926],[-91.455678,-0.257582],[-91.399526,-0.307875],[-91.401112,-0.452895]]],[[[-90.565012,-0.284926],[-90.604888,-0.369806],[-90.818227,-0.339614],[-90.874135,-0.271254],[-90.777252,-0.147719],[-90.565012,-0.284926]]],[[[-90.811431,-0.730645],[-90.9287,-0.97031],[-91.159779,-1.030206],[-91.435862,-0.997491],[-91.502309,-0.896254],[-91.465891,-0.807875],[-91.310455,-0.683282],[-91.157786,-0.678806],[-91.086781,-0.582452],[-91.374989,-0.281915],[-91.423329,-0.028578],[-91.603383,-0.014215],[-91.497304,0.106106],[-91.323638,0.139309],[-91.209299,-0.010675],[-91.173573,-0.228448],[-90.956044,-0.422133],[-90.990142,-0.579197],[-90.811431,-0.730645]]],[[[-90.513783,0.283515],[-90.504465,0.361029],[-90.407948,0.310858],[-90.454579,0.267401],[-90.513783,0.283515]]],[[[-90.79776,0.65351],[-90.756988,0.630601],[-90.760569,0.553697],[-90.805247,0.571601],[-90.79776,0.65351]]],[[[-78.901682,1.374172],[-78.899281,1.27143],[-78.956899,1.236314],[-78.995432,1.286811],[-78.901682,1.374172]]],[[[-91.825307,1.377021],[-91.810943,1.377183],[-91.817738,1.368069],[-91.825307,1.377021]]],[[[-91.822011,1.394477],[-91.817535,1.394761],[-91.820465,1.391343],[-91.822011,1.394477]]],[[[-92.006663,1.649604],[-92.006093,1.664374],[-91.999827,1.65119],[-92.006663,1.649604]]],[[[-79.81964,-2.485911],[-79.772571,-2.541987],[-79.877239,-2.649678],[-79.881801,-2.62694],[-79.81964,-2.485911]]]]}},{"type":"Feature","properties":{"ISO3166-1-Alpha-3":"COL"},"geometry":{"type":"MultiPolygon","coordinates":[[[[-78.828684,1.434312],[-78.860707,1.558498],[-79.021512,1.63831],[-78.846052,1.821585],[-78.57123,1.782207],[-78.5454,1.91474],[-78.591367,1.896843],[-78.608022,2.027981],[-78.665606,1.982915],[-78.703159,2.189805],[-78.574086,2.433173],[-78.55899,2.381537],[-78.525045,2.495507],[-78.346018,2.647986],[-78.25475,2.541897],[-78.246931,2.663601],[-78.207753,2.53734],[-78.132476,2.492743],[-78.085276,2.516059],[-78.096105,2.651451],[-77.94984,2.674518],[-77.904286,2.579983],[-77.83967,2.565863],[-77.760406,2.59162],[-77.751536,2.627265],[-77.812367,2.764472],[-77.688832,2.791734],[-77.723541,2.840155],[-77.636057,2.869615],[-77.70934,2.860663],[-77.710072,2.918118],[-77.6197,2.931586],[-77.633901,2.994859],[-77.721791,2.982001],[-77.479684,3.227464],[-77.541795,3.246081],[-77.457387,3.356147],[-77.380971,3.387641],[-77.318918,3.319973],[-77.367055,3.402086],[-77.33316,3.511786],[-77.264272,3.470852],[-77.321767,3.547838],[-77.118276,3.678046],[-77.200795,3.743476],[-77.12564,3.733547],[-77.15038,3.813666],[-77.031565,3.915839],[-77.126454,3.929511],[-77.253163,3.840806],[-77.300201,3.969143],[-77.209625,3.977281],[-77.189198,4.067328],[-77.264272,4.108222],[-77.346181,3.929511],[-77.43517,4.029364],[-77.426666,4.180365],[-77.29898,4.203192],[-77.236318,4.265326],[-77.336537,4.268744],[-77.387196,4.347235],[-77.312734,4.471381],[-77.325754,4.752509],[-77.258046,4.704088],[-77.348622,4.854193],[-77.380971,5.403022],[-77.462148,5.501044],[-77.559193,5.503079],[-77.490834,5.594794],[-77.33316,5.615302],[-77.24592,5.734198],[-77.353017,6.02619],[-77.484364,6.188788],[-77.483388,6.294338],[-77.41511,6.239081],[-77.380971,6.300523],[-77.345367,6.566107],[-77.411244,6.693793],[-77.537994,6.663642],[-77.593251,6.828111],[-77.696278,6.849189],[-77.665028,7.01557],[-77.895839,7.235098],[-77.820181,7.476547],[-77.731245,7.530343],[-77.764215,7.705732],[-77.579989,7.528379],[-77.339745,7.707231],[-77.379897,7.77441],[-77.300419,7.902103],[-77.16327,7.939258],[-77.422324,8.45641],[-77.488728,8.473644],[-77.434003,8.62826],[-77.351674,8.669338],[-77.274729,8.495795],[-77.031565,8.259996],[-76.962026,8.266547],[-76.942535,8.128852],[-76.832265,8.136542],[-76.832265,8.027289],[-76.921702,8.027289],[-76.907053,7.929511],[-76.757232,7.92357],[-76.77481,8.416693],[-76.947174,8.545478],[-76.315541,8.94774],[-76.168121,9.246975],[-75.943798,9.440734],[-75.811025,9.443549],[-75.852854,9.412055],[-75.811879,9.391547],[-75.620633,9.452853],[-75.576367,9.621086],[-75.705137,9.700662],[-75.53067,10.240668],[-75.703577,10.134428],[-75.592152,10.30272],[-75.515696,10.318996],[-75.523834,10.391506],[-75.578481,10.398342],[-75.502756,10.487738],[-75.493276,10.434638],[-75.489125,10.50137],[-75.519602,10.576483],[-75.279612,10.742743],[-75.249501,10.706773],[-75.267405,10.795315],[-75.04955,10.90119],[-74.844372,11.10967],[-74.522951,10.995924],[-74.29783,10.991499],[-74.491567,10.979478],[-74.48176,10.850816],[-74.596995,10.867825],[-74.598459,10.781928],[-74.56428,10.830959],[-74.543813,10.76203],[-74.499664,10.764716],[-74.509633,10.84455],[-74.456614,10.748033],[-74.39509,10.749498],[-74.153391,11.343655],[-73.705149,11.268256],[-73.292388,11.294013],[-72.741322,11.707953],[-72.263051,11.885972],[-72.138661,12.10456],[-72.138661,12.256049],[-71.969635,12.255113],[-72.015126,12.193996],[-71.937611,12.166449],[-71.871083,12.256049],[-71.96052,12.282701],[-71.829091,12.376207],[-71.802846,12.323676],[-71.732533,12.410224],[-71.693593,12.365302],[-71.63093,12.427395],[-71.740793,12.419908],[-71.675608,12.468329],[-71.26183,12.341864],[-71.113881,12.094387],[-71.138092,12.015815],[-71.409668,11.812303],[-71.990614,11.649058],[-72.267083,11.154902],[-72.499317,11.120795],[-72.682975,10.855618],[-72.914899,10.432904],[-72.98554,9.812167],[-73.391149,9.172775],[-73.212245,9.173446],[-73.009725,9.295377],[-72.95531,9.103993],[-72.79103,9.113941],[-72.67543,8.651514],[-72.393535,8.355383],[-72.335761,8.103899],[-72.491204,7.937501],[-72.478698,7.484454],[-72.414619,7.413812],[-72.206208,7.381876],[-72.098256,7.086752],[-71.993818,7.012855],[-71.848194,6.983864],[-71.620404,7.052129],[-71.292517,7.025774],[-71.184048,6.962574],[-70.703302,7.09993],[-70.319062,6.938286],[-70.129203,6.972547],[-69.443638,6.122237],[-69.331396,6.15637],[-69.246104,6.080664],[-69.061129,6.217839],[-68.635315,6.13588],[-67.977991,6.217839],[-67.827199,6.313414],[-67.449961,6.197943],[-67.491199,6.114486],[-67.422469,5.978241],[-67.625144,5.784506],[-67.617031,5.541601],[-67.834589,5.339313],[-67.793092,5.063335],[-67.875051,4.532644],[-67.793092,4.428981],[-67.786219,4.172976],[-67.631759,3.761865],[-67.499829,3.717914],[-67.309453,3.383929],[-67.838619,2.88613],[-67.855931,2.789753],[-67.751028,2.842102],[-67.626591,2.813421],[-67.575586,2.691103],[-67.189718,2.394377],[-67.217262,2.266064],[-67.114633,2.102999],[-67.132616,1.99081],[-66.883536,1.349945],[-66.875061,1.22251],[-67.086107,1.176002],[-67.117165,1.709793],[-67.340614,2.090106],[-67.424639,2.138114],[-67.928846,1.74129],[-68.031786,1.777515],[-68.192189,2.014891],[-68.280246,1.829398],[-68.163302,1.721291],[-69.352403,1.720206],[-69.541952,1.772709],[-69.856171,1.707675],[-69.852192,1.05942],[-69.288815,1.038439],[-69.152389,0.867803],[-69.192258,0.728949],[-69.137455,0.650142],[-69.297057,0.618103],[-69.47808,0.732825],[-69.619157,0.650659],[-70.054246,0.588131],[-70.068044,-0.160144],[-69.619751,-0.524566],[-69.584223,-0.644559],[-69.628381,-0.733442],[-69.442863,-1.008361],[-69.399454,-1.182717],[-69.96495,-4.236484],[-70.311104,-3.829274],[-70.490886,-3.87847],[-70.734127,-3.782042],[-70.050629,-2.71513],[-70.105794,-2.625213],[-70.150468,-2.669242],[-70.273949,-2.546252],[-70.364615,-2.557621],[-70.357535,-2.486927],[-70.445256,-2.498503],[-70.578607,-2.405485],[-70.647595,-2.450754],[-70.706584,-2.328281],[-70.904556,-2.211078],[-71.021448,-2.196712],[-71.029691,-2.263995],[-71.42083,-2.37603],[-71.456486,-2.255107],[-71.498138,-2.315051],[-71.538394,-2.222964],[-71.731405,-2.189891],[-71.746133,-2.132324],[-71.948653,-2.324146],[-72.061514,-2.320012],[-72.176391,-2.410343],[-72.378032,-2.450754],[-72.644321,-2.334068],[-72.71243,-2.422125],[-72.733721,-2.367555],[-72.935414,-2.425329],[-73.197775,-2.213559],[-73.111062,-2.073412],[-73.193021,-1.788675],[-73.257255,-1.742373],[-73.350531,-1.790639],[-73.530985,-1.673747],[-73.497163,-1.477997],[-73.63656,-1.255168],[-73.754718,-1.183338],[-73.857167,-1.210519],[-74.076895,-0.990894],[-74.266754,-0.972291],[-74.417959,-0.542653],[-74.642313,-0.339771],[-74.790701,-0.31259],[-74.755329,-0.278276],[-74.824653,-0.170479],[-74.933458,-0.209443],[-75.141688,-0.043459],[-75.222096,-0.0324],[-75.283488,-0.107021],[-75.626774,0.078911],[-75.78971,0.084389],[-76.053467,0.363545],[-76.30048,0.461627],[-76.41639,0.401889],[-76.408019,0.254508],[-76.565425,0.21606],[-76.724537,0.277555],[-76.734355,0.233114],[-76.88246,0.240142],[-77.082861,0.348869],[-77.397467,0.387626],[-77.468057,0.650866],[-77.645566,0.716288],[-77.703185,0.843102],[-77.847983,0.809254],[-78.120007,0.921237],[-78.485205,1.192642],[-78.570057,1.195845],[-78.828684,1.434312]]],[[[-78.214868,2.681914],[-78.096181,2.540025],[-78.134429,2.504381],[-78.214868,2.681914]]],[[[-77.902333,2.696234],[-77.850494,2.638129],[-77.785024,2.593817],[-77.888051,2.593817],[-77.902333,2.696234]]],[[[-77.847076,2.724107],[-77.759104,2.603095],[-77.882558,2.724595],[-77.847076,2.724107]]],[[[-77.353017,4.265326],[-77.271718,4.25849],[-77.54955,4.204779],[-77.435618,4.25849],[-77.428131,4.34101],[-77.353017,4.265326]]],[[[-81.717397,12.502427],[-81.716949,12.563218],[-81.691029,12.591254],[-81.717397,12.502427]]],[[[-81.346303,13.3487],[-81.386138,13.341457],[-81.365346,13.373969],[-81.346303,13.3487]]],[[[-81.580312,3.97602],[-81.60143,3.988349],[-81.582265,3.991523],[-81.580312,3.97602]]],[[[-78.204423,2.945731],[-78.167091,2.959704],[-78.220289,2.933617],[-78.204423,2.945731]]],[[[-75.590661,10.319044],[-75.57583,10.377872],[-75.53532,10.350646],[-75.590661,10.319044]]],[[[-80.090891,13.57803],[-80.089426,13.57685],[-80.090403,13.576606],[-80.090891,13.57803]]]]}},{"type":"Feature","properties":{"ISO3166-1-Alpha-3":"PRY"},"geometry":{"type":"Polygon","coordinates":[[[-62.650357,-22.234456],[-62.26883,-20.553111],[-61.753203,-19.64588],[-59.069646,-19.291483],[-58.164429,-19.832949],[-57.817577,-20.953604],[-57.986249,-22.074465],[-55.86103,-22.289543],[-55.420669,-23.954506],[-54.639218,-23.804437],[-54.245289,-24.050624],[-54.793059,-26.644987],[-55.754732,-27.443698],[-56.124554,-27.298901],[-56.399731,-27.586842],[-58.604196,-27.316264],[-58.151304,-26.18145],[-57.575318,-25.564433],[-57.754067,-25.180891],[-60.033669,-24.007009],[-61.006349,-23.805471],[-62.650357,-22.234456]]]}},{"type":"Feature","properties":{"ISO3166-1-Alpha-3":"-99"},"geometry":{"type":"Polygon","coordinates":[[[-57.642466,-30.193092],[-57.633971,-30.183583],[-57.602793,-30.190517],[-57.642466,-30.193092]]]}},{"type":"Feature","properties":{"ISO3166-1-Alpha-3":"PRT"},"geometry":{"type":"MultiPolygon","coordinates":[[[[-6.985693,39.066764],[-7.35921,38.446362],[-6.947504,38.196636],[-7.529691,37.567165],[-7.407623,37.164862],[-8.997874,37.02147],[-8.752187,37.73078],[-8.942616,38.481391],[-8.798573,38.426093],[-8.606801,38.418687],[-8.773346,38.565334],[-9.230621,38.418687],[-9.252675,38.665484],[-9.107737,38.658881],[-8.942616,38.77558],[-8.765126,39.097724],[-8.935862,39.040717],[-9.10025,38.830227],[-9.112503,38.714182],[-9.497467,38.80976],[-8.572662,40.755561],[-8.750803,40.653144],[-8.696156,41.721991],[-8.880306,41.736862],[-8.626885,42.051026],[-8.222362,42.15363],[-8.093481,41.806726],[-6.609488,41.962324],[-6.205947,41.57028],[-6.942491,41.015999],[-6.794438,40.356401],[-7.021143,39.694012],[-7.557286,39.679801],[-6.985693,39.066764]]],[[[-16.506663,32.544176],[-16.536773,32.55801],[-16.542348,32.580512],[-16.506663,32.544176]]],[[[-16.672678,32.758612],[-16.976796,32.647203],[-17.252105,32.814521],[-16.672678,32.758612]]],[[[-16.27538,33.060248],[-16.398346,33.039781],[-16.289133,33.10871],[-16.27538,33.060248]]],[[[-7.903879,36.965888],[-7.860097,37.000434],[-7.853261,36.986762],[-7.903879,36.965888]]],[[[-25.170318,37.01553],[-25.027089,36.934312],[-25.20165,36.990424],[-25.170318,37.01553]]],[[[-25.197825,37.864407],[-25.505686,37.706732],[-25.859486,37.853909],[-25.764556,37.911566],[-25.197825,37.864407]]],[[[-28.109486,38.446601],[-28.459543,38.405666],[-28.548899,38.528551],[-28.374501,38.550482],[-28.109486,38.446601]]],[[[-28.719594,38.645209],[-28.72704,38.514879],[-28.842397,38.599433],[-28.719594,38.645209]]],[[[-28.315541,38.755072],[-27.76061,38.549018],[-28.034535,38.590074],[-28.315541,38.755072]]],[[[-27.144276,38.796088],[-27.228383,38.641099],[-27.391713,38.758857],[-27.144276,38.796088]]],[[[-27.942209,39.053046],[-28.061635,39.036282],[-28.05484,39.097724],[-27.942209,39.053046]]],[[[-31.280914,39.443101],[-31.131581,39.423],[-31.25475,39.3581],[-31.280914,39.443101]]],[[[-31.152699,39.701077],[-31.08023,39.693305],[-31.131581,39.65884],[-31.152699,39.701077]]],[[[-16.027252,30.029608],[-16.023101,30.032294],[-16.02302,30.029242],[-16.027252,30.029608]]],[[[-15.874745,30.137926],[-15.855458,30.146918],[-15.859771,30.133287],[-15.874745,30.137926]]],[[[-9.061391,38.85224],[-9.041412,38.849189],[-9.079661,38.820136],[-9.061391,38.85224]]]]}},{"type":"Feature","properties":{"ISO3166-1-Alpha-3":"MDA"},"geometry":{"type":"Polygon","coordinates":[[[26.617889,48.258968],[26.831933,48.391363],[27.604806,48.484122],[29.123989,47.975987],[29.155615,47.449999],[29.556573,47.324038],[29.558691,46.94574],[30.131576,46.422826],[28.945809,46.454788],[28.956868,46.001379],[28.199498,45.461774],[28.082709,46.971527],[27.042773,48.127296],[26.617889,48.258968]]]}},{"type":"Feature","properties":{"ISO3166-1-Alpha-3":"TKM"},"geometry":{"type":"MultiPolygon","coordinates":[[[[61.269676,35.618499],[61.165806,36.636318],[60.34229,36.637145],[59.312276,37.530346],[57.352395,37.967529],[57.185894,38.276476],[55.447395,38.083671],[54.653956,37.438905],[53.913748,37.34276],[53.982758,38.916002],[53.562022,39.353339],[53.161469,39.179592],[53.085216,39.400458],[53.27589,39.664862],[53.21697,39.525051],[53.567882,39.467719],[53.733165,39.527981],[53.416759,39.64997],[53.574474,39.967922],[52.913585,40.021674],[53.008067,39.766343],[52.736583,40.484565],[52.916515,41.08515],[53.721039,40.625678],[54.403575,40.673651],[54.250011,40.890611],[54.767426,41.03677],[54.073985,41.487982],[53.818696,42.124416],[52.960297,41.984361],[52.882335,41.050442],[52.437671,41.748876],[52.978709,42.126629],[54.122618,42.337598],[55.478298,41.266785],[57.010194,41.254124],[56.978361,41.895118],[57.850453,42.191431],[58.016024,42.499707],[58.490621,42.297574],[58.121341,42.624247],[58.587876,42.791188],[60.028201,42.199518],[59.906451,41.966613],[60.252684,41.780061],[60.094244,41.389516],[61.877907,41.124984],[62.452808,40.009239],[63.709268,39.190891],[66.645782,37.945902],[66.469927,37.329764],[65.761443,37.578379],[65.536857,37.257107],[64.807909,37.135512],[64.477697,36.271637],[63.104086,35.856469],[63.080211,35.437063],[62.69362,35.248392],[62.286203,35.140647],[61.269676,35.618499]]],[[[53.040212,38.906684],[53.086599,39.091295],[53.102061,38.755072],[53.040212,38.906684]]],[[[53.491873,39.508612],[53.51295,39.591213],[53.534434,39.527655],[53.491873,39.508612]]]]}},{"type":"Feature","properties":{"ISO3166-1-Alpha-3":"JOR"},"geometry":{"type":"Polygon","coordinates":[[[35.611758,32.6819],[36.806569,32.313042],[38.774511,33.371685],[39.028759,32.328338],[39.291999,32.244519],[36.959532,31.490999],[37.981381,30.498811],[36.016437,29.189951],[34.949385,29.351686],[35.611758,32.6819]]]}},{"type":"Feature","properties":{"ISO3166-1-Alpha-3":"NPL"},"geometry":{"type":"Polygon","coordinates":[[[88.118218,27.860885],[88.044321,26.405676],[86.713601,26.414565],[85.828538,26.566131],[85.598578,26.854383],[85.194934,26.758885],[84.11717,27.513283],[82.752137,27.494964],[80.031115,28.897798],[80.368975,29.757926],[81.614015,30.416904],[82.088767,30.330088],[83.523718,29.183594],[84.08973,29.256613],[84.450845,28.73388],[85.160982,28.595],[85.109409,28.292254],[85.692939,28.335222],[85.96269,27.891374],[86.15596,28.156525],[86.425298,27.909925],[86.661976,28.106838],[87.155796,27.825796],[88.118218,27.860885]]]}},{"type":"Feature","properties":{"ISO3166-1-Alpha-3":"LSO"},"geometry":{"type":"Polygon","coordinates":[[[28.634303,-28.570761],[29.435908,-29.342394],[29.144246,-29.919723],[28.383879,-30.144205],[28.078782,-30.658799],[27.366164,-30.311017],[27.002155,-29.666508],[27.747432,-28.908622],[28.634303,-28.570761]]]}},{"type":"Feature","properties":{"ISO3166-1-Alpha-3":"CMR"},"geometry":{"type":"Polygon","coordinates":[[[14.562139,2.208807],[9.810853,2.264876],[9.929454,3.271552],[9.545909,3.819648],[9.754568,4.135688],[9.343516,3.915839],[8.971202,4.100775],[8.93572,4.55329],[8.847016,4.639716],[8.510265,4.527045],[8.845227,5.831041],[10.142926,7.007687],[10.495979,6.874672],[10.578661,7.130832],[11.255519,6.42997],[11.872226,7.079362],[12.227036,8.386311],[12.794547,8.788612],[13.75485,11.016719],[14.616193,11.538677],[14.668283,12.178069],[14.188932,12.370409],[14.064908,13.077988],[14.418169,13.081141],[15.049448,12.084586],[15.138228,10.521659],[15.681244,9.991278],[14.181697,9.978178],[13.945949,9.652642],[15.562905,7.792445],[14.387266,6.039038],[15.084898,3.885836],[16.092382,2.863289],[16.15584,1.719069],[14.562139,2.208807]]]}},{"type":"Feature","properties":{"ISO3166-1-Alpha-3":"GAB"},"geometry":{"type":"MultiPolygon","coordinates":[[[[13.294568,2.161058],[13.150184,1.256617],[14.14449,1.391622],[14.468088,0.913227],[13.831228,-0.205413],[14.489999,-0.600944],[14.404526,-1.893062],[14.090023,-2.498606],[13.743171,-2.09708],[13.458899,-2.441039],[12.969006,-2.372412],[12.632386,-1.825159],[12.45927,-2.329934],[11.566198,-2.329727],[11.905505,-3.643549],[11.482585,-3.509294],[11.114016,-3.936856],[9.703461,-2.443048],[9.977306,-2.628676],[10.156586,-2.572931],[10.137462,-2.527439],[9.597016,-2.352227],[9.271251,-1.876642],[9.517751,-1.926446],[9.255382,-1.835219],[9.220063,-1.579767],[9.016612,-1.315851],[8.983572,-1.23089],[9.019379,-1.304783],[9.15919,-1.468032],[9.264659,-1.535333],[9.280284,-1.675063],[9.559581,-1.607599],[9.03004,-1.299086],[8.695567,-0.586602],[9.011485,-0.874607],[9.345388,0.35578],[9.488048,0.098334],[10.025645,0.187974],[9.305675,0.544257],[9.539073,0.681464],[9.607921,0.469184],[9.592052,1.01435],[11.336341,0.999165],[11.351637,2.300584],[13.294568,2.161058]]],[[[8.949474,-0.661716],[9.041515,-0.669854],[9.006602,-0.76214],[8.949474,-0.661716]]],[[[9.376786,0.809986],[9.384086,0.809629],[9.379643,0.806971],[9.376786,0.809986]]]]}},{"type":"Feature","properties":{"ISO3166-1-Alpha-3":"NER"},"geometry":{"type":"Polygon","coordinates":[[[3.5964,11.695773],[2.844301,12.399244],[2.370015,12.236257],[2.390169,11.896536],[2.109049,12.705634],[1.563863,12.63215],[0.983536,13.032358],[0.983536,13.36841],[1.268687,13.34606],[0.59431,13.688881],[0.152941,14.54671],[0.221257,14.995933],[3.507103,15.353973],[3.846101,15.685297],[4.183961,16.416053],[4.22861,19.142244],[5.794302,19.449796],[7.482726,20.872577],[11.968861,23.517351],[13.482257,23.179672],[14.216217,22.616295],[14.979909,22.995664],[15.18453,21.491196],[15.970322,20.336331],[15.471954,16.916746],[13.449494,14.439042],[13.607314,13.7041],[12.842296,13.489126],[12.472706,13.064165],[10.674986,13.375102],[9.590298,12.80139],[7.823997,13.345285],[6.937127,12.995409],[6.302178,13.663844],[4.824852,13.770737],[4.125774,13.472977],[4.088773,12.996236],[3.641565,12.517997],[3.5964,11.695773]]]}},{"type":"Feature","properties":{"ISO3166-1-Alpha-3":"BFA"},"geometry":{"type":"Polygon","coordinates":[[[2.390169,11.896536],[2.010761,11.426901],[1.439633,11.473771],[0.963279,10.974137],[-0.301682,11.162937],[-0.634763,10.907966],[-2.837341,10.998012],[-2.763677,9.391883],[-3.21476,9.915623],[-4.681079,9.682072],[-5.522578,10.425489],[-5.218307,11.422198],[-5.412352,11.82853],[-4.406135,12.307467],[-4.327044,13.168551],[-3.977737,13.499926],[-3.449475,13.16881],[-3.286952,13.69777],[-2.895245,13.651648],[-2.597382,14.222311],[-2.035918,14.181229],[-1.997057,14.470694],[-0.719719,15.078461],[0.218467,14.910977],[0.59431,13.688881],[1.268687,13.34606],[0.983536,13.36841],[0.983536,13.032358],[1.563863,12.63215],[2.109049,12.705634],[2.390169,11.896536]]]}},{"type":"Feature","properties":{"ISO3166-1-Alpha-3":"TGO"},"geometry":{"type":"Polygon","coordinates":[[[-0.166109,11.13498],[0.901474,10.992741],[0.760708,10.382158],[1.343825,9.962442],[1.644168,8.493488],[1.61964,6.213894],[1.185395,6.100491],[0.519275,6.832246],[0.712752,8.29797],[0.365874,8.774272],[0.531368,9.401107],[0.226813,9.432345],[0.396596,10.283224],[-0.088129,10.633486],[-0.166109,11.13498]]]}},{"type":"Feature","properties":{"ISO3166-1-Alpha-3":"GHA"},"geometry":{"type":"Polygon","coordinates":[[[-0.166109,11.13498],[-0.088129,10.633486],[0.396596,10.283224],[0.226813,9.432345],[0.531368,9.401107],[0.365874,8.774272],[0.712752,8.29797],[0.516071,6.841806],[1.185395,6.100491],[0.954845,5.791083],[0.243337,5.756171],[-1.981435,4.752427],[-3.119618,5.091335],[-2.730139,5.373162],[-3.241684,6.810903],[-2.506328,8.209267],[-2.837341,10.998012],[-0.634763,10.907966],[-0.166109,11.13498]]]}},{"type":"Feature","properties":{"ISO3166-1-Alpha-3":"GNB"},"geometry":{"type":"MultiPolygon","coordinates":[[[[-13.728279,12.673388],[-13.695025,12.292946],[-13.972527,12.151559],[-13.729932,11.709829],[-14.711061,11.497568],[-15.085194,10.927639],[-15.000885,11.216783],[-15.230133,10.994818],[-15.268056,11.43301],[-15.507069,11.357896],[-15.007314,11.611762],[-15.551381,11.73314],[-15.089915,11.940131],[-15.069447,11.803616],[-14.935902,11.752997],[-15.007232,11.978339],[-15.958974,11.734809],[-15.713694,12.015815],[-16.355133,12.087348],[-16.06314,12.35102],[-16.728437,12.332531],[-13.728279,12.673388]]],[[[-15.925933,11.090399],[-15.877553,11.073635],[-15.978179,11.048082],[-15.925933,11.090399]]],[[[-16.056996,11.16356],[-15.974477,11.116197],[-16.017079,11.068671],[-16.056996,11.16356]]],[[[-16.099965,11.208197],[-16.131988,11.028957],[-16.248036,11.104682],[-16.099965,11.208197]]],[[[-15.896474,11.248725],[-15.825836,11.29267],[-15.871327,11.200263],[-15.896474,11.248725]]],[[[-15.754018,11.275946],[-15.658437,11.233791],[-15.773305,11.173082],[-15.754018,11.275946]]],[[[-16.206532,11.310126],[-16.251454,11.217678],[-16.281646,11.242621],[-16.206532,11.310126]]],[[[-15.693186,11.501899],[-15.679555,11.440416],[-15.735097,11.449856],[-15.693186,11.501899]]],[[[-16.213979,11.440416],[-16.302113,11.453518],[-16.165517,11.51557],[-16.213979,11.440416]]],[[[-16.248036,11.583808],[-16.419423,11.488227],[-16.426259,11.529242],[-16.248036,11.583808]]],[[[-16.035227,11.419989],[-15.939605,11.604926],[-15.89802,11.453518],[-16.035227,11.419989]]],[[[-15.528717,11.624823],[-15.471669,11.566148],[-15.630279,11.528998],[-15.528717,11.624823]]],[[[-16.041412,11.755113],[-16.036977,11.899237],[-15.985585,11.887437],[-16.041412,11.755113]]]]}},{"type":"Feature","properties":{"ISO3166-1-Alpha-3":"GIB"},"geometry":{"type":"Polygon","coordinates":[[[-5.35025,36.119289],[-5.338773,36.14112],[-5.34203,36.1105],[-5.35025,36.119289]]]}},{"type":"Feature","properties":{"ISO3166-1-Alpha-3":"USA"},"geometry":{"type":"MultiPolygon","coordinates":[[[[-122.753017,48.992515],[-95.177106,48.99267],[-95.160569,49.369494],[-94.839142,49.308878],[-94.592852,48.726433],[-92.97972,48.61768],[-91.574845,48.048205],[-90.873802,48.234344],[-89.363636,47.979605],[-88.376461,48.305115],[-84.87869,46.897914],[-84.566565,46.461196],[-84.110443,46.526464],[-83.964586,46.063184],[-83.462808,46.007787],[-83.636867,45.773944],[-82.54829,45.334598],[-82.145653,43.576411],[-82.526224,42.619906],[-83.159493,42.046324],[-82.666913,41.669086],[-79.019384,42.802686],[-79.17431,43.464532],[-78.750821,43.617055],[-76.841532,43.625504],[-74.903744,45.005213],[-71.50408,45.013739],[-71.334323,45.28871],[-70.892412,45.234604],[-69.237268,47.45881],[-67.813556,47.081908],[-67.807045,45.71287],[-67.431306,45.597941],[-67.471303,45.266282],[-66.977325,44.815538],[-68.060536,44.328315],[-68.202016,44.525092],[-68.47822,44.493394],[-68.574412,44.410834],[-68.541371,44.237331],[-68.801625,44.560289],[-69.191396,43.952175],[-69.547637,43.834906],[-69.533966,44.021023],[-69.592397,43.807725],[-69.629587,44.027289],[-69.759226,43.88642],[-69.758005,43.759508],[-69.774729,44.059963],[-69.828155,43.698269],[-69.999379,43.861518],[-70.286855,43.650499],[-70.863759,42.826239],[-70.597035,42.634467],[-71.046783,42.321519],[-70.335194,41.719224],[-70.000111,41.816311],[-70.081198,42.058354],[-69.938873,41.674221],[-70.658682,41.521349],[-70.710439,41.748033],[-71.185902,41.468736],[-71.110748,41.797065],[-71.391347,41.818793],[-71.497711,41.366278],[-72.909983,41.305121],[-73.893833,40.803853],[-73.875315,41.153266],[-73.975942,41.292182],[-73.91808,40.931464],[-74.031929,40.714181],[-74.209647,40.634231],[-74.282687,40.497319],[-73.979156,40.449286],[-74.093013,39.776337],[-74.051325,40.035394],[-74.060699,40.062161],[-74.407216,39.557034],[-74.468658,39.399359],[-74.413442,39.357123],[-74.954701,38.926418],[-74.906321,39.179633],[-75.558217,39.613471],[-75.406117,39.802924],[-75.144154,39.874905],[-75.02359,40.016303],[-75.391713,39.839586],[-75.592152,39.649237],[-75.044749,38.425035],[-75.17951,38.40842],[-75.1044,38.31623],[-75.818707,37.454238],[-75.795874,37.405683],[-75.887309,37.356967],[-75.949111,37.124952],[-75.934722,37.576402],[-75.633127,37.960028],[-75.874989,37.951117],[-75.843251,38.404364],[-76.037913,38.232489],[-76.318959,38.473944],[-75.970204,38.606594],[-76.341293,38.673173],[-76.106068,38.877997],[-76.374748,38.841573],[-75.831695,39.584377],[-76.623199,39.259711],[-76.392764,38.35357],[-76.681467,38.679389],[-76.673644,38.486058],[-76.373382,38.298893],[-76.323897,38.043842],[-77.031565,38.481391],[-77.255259,38.393522],[-77.012467,38.697355],[-77.015932,38.854279],[-77.068333,38.901938],[-77.34307,38.348691],[-76.247909,37.903471],[-76.504994,37.656928],[-76.934967,38.093695],[-77.062571,38.166002],[-77.133941,38.166002],[-76.551982,37.626758],[-76.284169,37.569566],[-76.496029,37.249115],[-76.729848,37.494452],[-76.798166,37.504381],[-76.274526,37.048041],[-76.860219,37.323147],[-77.274322,37.316352],[-76.669972,37.185007],[-76.524403,36.863227],[-76.004592,36.932358],[-75.523834,35.794379],[-75.946889,36.718451],[-75.785512,36.08161],[-76.198842,36.322659],[-76.063466,36.162014],[-76.57726,36.012397],[-76.687001,36.056098],[-76.679555,36.287543],[-76.729848,36.322659],[-76.729848,35.945258],[-76.048329,35.98371],[-76.03718,35.651028],[-75.852854,35.979967],[-75.721832,35.829169],[-76.15038,35.347154],[-77.051991,35.534369],[-76.470367,35.270575],[-76.764475,34.989203],[-77.079335,35.156968],[-76.940256,34.979804],[-76.346262,34.883246],[-77.131703,34.762397],[-77.336537,34.561103],[-77.401479,34.589057],[-77.33316,34.649848],[-77.435618,34.753485],[-77.449818,34.608873],[-77.378896,34.527167],[-77.535878,34.468573],[-77.730458,34.315863],[-77.832672,34.207017],[-77.87442,34.12226],[-77.911122,33.958157],[-77.942047,33.930487],[-77.92162,34.108588],[-77.962554,34.191148],[-78.017812,33.896308],[-78.763336,33.778551],[-79.387034,33.01732],[-80.669789,32.521145],[-80.553293,32.278795],[-80.85497,32.539496],[-80.677846,32.214748],[-81.492421,31.367662],[-81.26769,31.258734],[-81.533355,30.853705],[-81.293813,29.89411],[-80.528228,28.472602],[-80.450917,27.86636],[-80.600413,28.600287],[-80.848134,28.790595],[-80.738271,28.373481],[-80.380971,27.666083],[-80.345367,27.514594],[-80.197825,27.19599],[-80.197011,27.180487],[-80.217152,27.209418],[-80.31432,27.24258],[-80.038238,26.811184],[-80.402496,25.186225],[-81.101959,25.124742],[-81.177113,25.227769],[-81.164866,25.298082],[-81.129954,25.344468],[-81.07787,25.272854],[-80.98526,25.234605],[-81.005767,25.214179],[-80.917226,25.245754],[-81.348459,25.81684],[-81.622711,25.94717],[-81.732004,25.920478],[-82.008656,26.484524],[-81.780385,26.714993],[-82.039052,26.527899],[-81.978383,26.996161],[-82.313832,26.849351],[-82.573638,27.395087],[-82.698394,27.45482],[-82.729156,27.514716],[-82.589182,27.503241],[-82.421742,27.917182],[-82.690989,28.037665],[-82.718861,27.659654],[-82.842397,27.828518],[-82.633616,28.887641],[-83.680572,29.921291],[-84.209137,30.107082],[-85.346099,29.678371],[-85.586781,30.326117],[-85.85436,30.264838],[-85.72053,30.134345],[-86.510894,30.40762],[-86.107777,30.386705],[-86.207143,30.504869],[-87.194081,30.360297],[-86.893788,30.43891],[-87.029612,30.607327],[-87.328847,30.319729],[-87.529205,30.277737],[-87.345611,30.42768],[-87.426829,30.48314],[-87.590159,30.275377],[-87.65453,30.252102],[-88.030141,30.223782],[-87.764231,30.279527],[-88.030141,30.737698],[-88.137685,30.31977],[-90.405019,30.22016],[-89.667388,30.164008],[-89.66454,29.875474],[-89.486236,30.076361],[-89.366038,30.048651],[-89.601471,29.734849],[-89.482533,29.634101],[-89.756907,29.634101],[-89.010162,29.17475],[-89.413645,28.928371],[-89.276194,29.160102],[-89.816314,29.474351],[-90.182037,29.579495],[-90.017568,29.298285],[-90.229237,29.086656],[-90.434438,29.357245],[-90.884023,29.133775],[-91.327992,29.294867],[-91.113108,29.270982],[-91.228383,29.608059],[-91.847524,29.831244],[-92.314307,29.534369],[-93.831028,29.700135],[-93.854075,29.986558],[-93.875803,29.675035],[-94.762766,29.366523],[-94.700999,29.462795],[-94.504465,29.526028],[-94.485951,29.566107],[-95.05228,29.749748],[-94.821116,29.373969],[-95.170522,29.20893],[-95.158925,29.045722],[-95.951975,28.688707],[-95.719228,28.715481],[-96.218861,28.489488],[-95.987782,28.644843],[-96.650868,28.729722],[-96.403798,28.434882],[-96.793324,28.479722],[-97.184071,27.836615],[-97.521067,27.873196],[-97.259592,27.695054],[-97.411204,27.335028],[-97.774281,27.468492],[-97.426096,27.263658],[-97.562001,26.837877],[-97.137522,25.974514],[-97.36599,25.843902],[-99.106427,26.423039],[-99.515006,27.588601],[-101.405098,29.778442],[-102.321011,29.893939],[-103.122771,28.996474],[-103.38663,29.028798],[-104.516639,29.654315],[-104.93434,30.610536],[-106.39177,31.745919],[-108.215121,31.777751],[-108.214811,31.327443],[-111.067118,31.333644],[-114.822108,32.50024],[-114.724285,32.712836],[-117.125121,32.531669],[-117.508844,33.335205],[-118.514068,34.022162],[-120.636627,34.562893],[-120.644887,35.13939],[-121.899661,36.3044],[-121.804246,36.836018],[-122.520472,37.531421],[-122.408637,37.810392],[-122.374109,37.604187],[-122.100168,37.455064],[-122.03214,37.463364],[-122.366306,38.012336],[-121.445383,38.003892],[-122.39652,38.153231],[-122.528426,37.816372],[-123.027453,37.994489],[-122.996297,38.24273],[-122.825673,38.072089],[-122.832265,38.095893],[-123.726242,38.918576],[-123.854019,39.833514],[-124.409202,40.443818],[-124.087398,40.825156],[-124.068349,41.539252],[-124.566762,42.83397],[-124.070218,43.711661],[-124.022664,46.230842],[-123.798736,46.102444],[-123.865419,46.186468],[-123.519273,46.235269],[-123.385521,46.146183],[-123.256439,46.133321],[-123.180095,46.179102],[-123.297939,46.151545],[-123.455676,46.267044],[-123.692967,46.305202],[-124.080175,46.271688],[-124.062876,46.654941],[-124.014251,46.385119],[-123.958119,46.378241],[-123.763987,46.678412],[-124.093379,46.743228],[-124.12682,46.898505],[-123.813059,46.95897],[-124.178461,46.925507],[-124.727528,48.387728],[-122.770172,48.141099],[-122.791982,48.082913],[-122.620107,47.877631],[-122.856435,47.826077],[-123.161285,47.356838],[-122.528066,47.905504],[-122.696929,47.623114],[-122.568512,47.264065],[-122.805653,47.397773],[-123.078765,47.130276],[-122.722483,47.089301],[-122.328481,47.357123],[-122.191721,48.026313],[-122.510365,48.147447],[-122.385854,48.303778],[-122.558949,48.434027],[-122.683461,48.430162],[-122.440297,48.580715],[-122.753017,48.992515]]],[[[-141.005564,69.650946],[-140.994929,60.304382],[-139.079465,60.341021],[-139.182146,60.073389],[-137.611363,59.239331],[-137.486875,58.900075],[-136.840816,59.148174],[-136.569489,59.172152],[-136.350329,59.592384],[-135.259879,59.698218],[-133.392241,58.403878],[-131.825592,56.593343],[-130.071539,56.084123],[-129.989247,55.284003],[-130.365387,54.907294],[-130.934234,54.824449],[-130.971018,55.061225],[-130.720326,55.081],[-130.461578,55.331855],[-131.057037,55.126288],[-130.612457,55.297065],[-131.196401,55.971422],[-131.009674,56.112616],[-131.914662,55.859442],[-131.961415,55.501044],[-132.17162,55.588528],[-131.963043,56.157375],[-131.579498,56.179104],[-131.489491,56.22248],[-132.540191,56.631496],[-132.35969,56.818427],[-132.761383,56.845771],[-132.7954,57.092719],[-133.551991,57.181464],[-133.471913,57.281887],[-133.254791,57.281073],[-133.05842,57.331855],[-133.038075,57.367092],[-133.419504,57.34394],[-133.3131,57.592963],[-133.648264,57.702826],[-133.566314,57.716498],[-133.045522,57.503607],[-133.003977,57.51789],[-133.551991,57.915107],[-133.124094,57.857123],[-133.554311,57.929429],[-133.68635,57.790717],[-133.682362,58.155341],[-134.059722,58.07217],[-133.771799,58.524644],[-134.157867,58.204291],[-134.497955,58.353949],[-134.756174,58.381537],[-135.348297,59.470608],[-135.553782,59.31977],[-135.359527,59.213772],[-135.307362,59.086982],[-135.553782,59.230414],[-135.093821,58.23725],[-135.484934,58.483954],[-135.909413,58.381293],[-136.073883,58.812649],[-135.77302,58.904527],[-136.157379,59.037584],[-136.209706,58.7508],[-137.059478,59.063707],[-136.903717,58.93244],[-137.01301,58.922512],[-137.129709,58.826321],[-136.587554,58.848334],[-136.026723,58.388129],[-136.664784,58.220364],[-138.449086,59.191636],[-139.857004,59.546291],[-139.480051,59.704413],[-139.473215,59.993598],[-139.289906,59.576158],[-139.280385,59.833686],[-139.036366,59.846869],[-138.945302,59.807115],[-138.897369,59.813178],[-139.520904,60.0515],[-140.322743,59.701239],[-141.45401,59.882066],[-141.267323,59.955552],[-141.377675,60.142157],[-141.673492,59.961127],[-144.249623,60.032294],[-144.002553,60.03974],[-144.94164,60.306627],[-144.622792,60.717027],[-145.269521,60.357082],[-145.938754,60.456066],[-145.629018,60.679145],[-146.263173,60.653713],[-146.026112,60.744818],[-146.043446,60.801011],[-146.482289,60.686957],[-146.695709,60.744818],[-146.093088,60.84101],[-146.753285,60.955024],[-146.277984,61.122748],[-147.364613,60.891262],[-147.561147,61.155911],[-147.870188,60.837714],[-147.9381,60.908759],[-148.050404,60.950141],[-147.730458,61.279853],[-148.703684,60.79267],[-148.196604,60.62873],[-148.488474,60.582221],[-148.68989,60.457221],[-147.935902,60.461168],[-148.390859,60.277411],[-148.100331,60.220933],[-148.333119,60.170111],[-148.435374,59.959296],[-149.285878,59.874661],[-149.408681,60.123725],[-149.526723,59.717597],[-149.724721,59.964057],[-149.746083,59.667182],[-150.031687,59.799262],[-150.012685,59.628241],[-150.656972,59.552476],[-150.958608,59.203681],[-151.977162,59.279364],[-150.992787,59.779039],[-151.871775,59.749457],[-151.305979,60.386949],[-151.396921,60.738023],[-150.387034,61.047268],[-149.025828,60.854682],[-150.067332,61.155748],[-149.245554,61.498969],[-149.428171,61.51317],[-151.566762,60.994534],[-152.596303,60.228461],[-152.938588,60.313463],[-153.082631,60.299791],[-152.578603,60.070136],[-154.261301,59.148424],[-153.26415,58.857367],[-154.110463,58.477484],[-154.246775,58.12641],[-156.544626,57.322699],[-156.339955,57.285305],[-156.549794,56.982856],[-158.43102,56.438056],[-158.646433,56.270657],[-158.119496,56.236151],[-158.427561,56.006537],[-158.479237,56.191474],[-158.639638,56.202053],[-158.682932,55.958401],[-159.544993,55.889635],[-159.626536,55.578274],[-159.845774,55.851223],[-161.279164,55.354885],[-161.518422,55.383368],[-161.144887,55.53498],[-161.620798,55.612982],[-162.001291,55.093207],[-162.44933,55.040269],[-162.645334,55.300035],[-162.559926,54.961249],[-163.183054,55.139146],[-163.049875,54.94184],[-163.341379,54.811103],[-163.334543,55.119534],[-161.799998,55.889716],[-160.24352,55.776842],[-160.579905,55.989732],[-160.18871,56.386908],[-158.889231,56.889594],[-158.639638,56.763739],[-158.312449,57.314887],[-157.413808,57.489936],[-157.70991,57.652533],[-157.60554,58.105211],[-157.139475,58.168402],[-157.562082,58.363674],[-156.940867,58.737535],[-156.783193,59.155219],[-158.203359,58.612982],[-158.497507,58.993964],[-158.1728,59.013007],[-158.030141,58.879055],[-157.995351,58.908271],[-158.140248,59.0362],[-158.544057,59.175767],[-158.914622,58.775377],[-158.708689,58.492255],[-158.881734,58.39962],[-160.352169,59.070659],[-161.707509,58.561184],[-162.176054,58.644923],[-161.677398,58.773527],[-161.855824,59.033759],[-161.569163,59.115058],[-161.97411,59.131415],[-161.713938,59.50137],[-162.149037,60.245185],[-162.45858,60.295086],[-161.88154,60.703925],[-162.703318,60.265692],[-162.525828,59.997504],[-164.098337,59.833686],[-165.143259,60.450629],[-164.985585,60.54682],[-165.431223,60.553046],[-164.937449,60.936469],[-164.669138,60.825751],[-164.270823,60.787909],[-164.420359,60.554267],[-163.955637,60.779853],[-163.686472,60.589748],[-163.409006,60.752346],[-163.930409,60.854682],[-163.563588,60.913316],[-165.170766,60.941596],[-164.766469,61.108588],[-165.362742,61.212795],[-165.212717,61.265204],[-165.158762,61.418647],[-165.076243,61.419379],[-164.967722,61.489569],[-164.841542,61.498969],[-164.72407,61.625556],[-165.085764,61.476264],[-165.294057,61.334459],[-165.225779,61.273098],[-165.390248,61.224595],[-165.373728,61.071601],[-166.199941,61.59455],[-165.766428,61.690823],[-166.102773,61.821112],[-165.588246,61.862128],[-165.705556,62.116604],[-165.133046,62.515692],[-164.581899,62.426174],[-164.857981,62.563625],[-164.479075,62.745917],[-164.813222,62.620185],[-164.883168,62.841539],[-164.313954,63.014106],[-164.595164,63.130113],[-164.423533,63.20897],[-163.093984,63.057359],[-162.309438,63.546576],[-161.056508,63.574408],[-160.766957,63.824123],[-160.973459,64.250474],[-161.538889,64.39765],[-160.791575,64.725898],[-161.020131,64.947211],[-161.806386,64.82274],[-162.781321,64.343695],[-163.148997,64.658271],[-163.38976,64.596869],[-163.165883,64.41059],[-166.189687,64.585191],[-166.957387,65.178127],[-166.031188,65.243104],[-167.398555,65.401082],[-168.137441,65.665025],[-167.531239,65.726142],[-166.310902,66.17536],[-165.500111,66.152289],[-165.889963,66.241034],[-164.274363,66.602281],[-163.736318,66.603461],[-163.628733,66.570014],[-163.930124,66.585761],[-163.854685,66.289455],[-164.191111,66.193305],[-163.680491,66.078599],[-161.017527,66.193305],[-161.896311,66.270453],[-162.484812,66.960395],[-161.633778,66.457994],[-160.228505,66.412055],[-160.274973,66.654608],[-161.495432,66.536689],[-161.901967,66.735093],[-161.525217,66.991441],[-162.456899,66.994574],[-162.337839,67.145087],[-162.360097,67.167426],[-163.724965,67.111274],[-164.151479,67.619615],[-166.82905,68.351386],[-166.315134,68.405992],[-166.222605,68.88581],[-163.622548,69.119208],[-161.90571,70.320624],[-161.703359,70.263739],[-162.121693,70.153876],[-159.947092,70.597235],[-160.201894,70.47663],[-159.771189,70.195461],[-159.825795,70.497056],[-159.709706,70.469794],[-159.291371,70.538072],[-160.127431,70.626207],[-157.864939,70.866441],[-156.471506,71.412502],[-155.573435,71.150377],[-156.187327,70.921698],[-155.978098,70.75967],[-155.08967,71.154934],[-154.230336,70.778388],[-152.327504,70.856879],[-152.509145,70.663886],[-152.075266,70.579047],[-152.630116,70.558539],[-151.733266,70.558539],[-151.979685,70.448717],[-149.488515,70.523017],[-144.941558,69.977973],[-143.235666,70.118232],[-141.412913,69.650377],[-141.005564,69.650946]]],[[[-123.090506,48.992515],[-123.035308,48.992499],[-123.08849,48.972235],[-123.090506,48.992515]]],[[[-73.928049,40.877509],[-73.975806,40.714013],[-74.016916,40.699286],[-73.928049,40.877509]]],[[[-71.303375,41.62637],[-71.35676,41.631578],[-71.343739,41.67064],[-71.303375,41.62637]]],[[[-69.647125,43.837307],[-69.688791,43.828192],[-69.673166,43.852932],[-69.647125,43.837307]]],[[[-69.722646,43.90762],[-69.698741,43.872542],[-69.714833,43.859442],[-69.722646,43.90762]]],[[[-68.651031,44.065172],[-68.608062,44.023505],[-68.656239,44.010484],[-68.651031,44.065172]]],[[[-68.85676,44.181057],[-68.863271,44.119859],[-68.942698,44.117255],[-68.85676,44.181057]]],[[[-68.459625,44.184963],[-68.432281,44.128974],[-68.5065,44.160224],[-68.459625,44.184963]]],[[[-68.885406,44.299547],[-68.942698,44.290432],[-68.901031,44.311265],[-68.885406,44.299547]]],[[[-68.511708,44.378974],[-68.484364,44.31387],[-68.529937,44.330797],[-68.511708,44.378974]]],[[[-68.911448,44.365953],[-68.859364,44.35814],[-68.903635,44.319078],[-68.911448,44.365953]]],[[[-67.582021,44.51439],[-67.584625,44.444078],[-67.614573,44.51439],[-67.582021,44.51439]]],[[[-67.303375,44.625067],[-67.276031,44.602932],[-67.321604,44.602932],[-67.303375,44.625067]]],[[[-67.012115,44.899359],[-67.038157,44.954901],[-66.989573,44.89761],[-67.012115,44.899359]]],[[[-132.629303,54.903998],[-132.6162,54.760199],[-132.78482,54.92772],[-132.629303,54.903998]]],[[[-131.263824,54.996894],[-131.331166,54.861233],[-131.482167,54.925605],[-131.263824,54.996894]]],[[[-132.750722,54.995429],[-132.822662,55.190497],[-132.668202,55.050686],[-132.750722,54.995429]]],[[[-132.702952,54.701239],[-133.147939,54.954413],[-133.182118,55.235582],[-133.107004,55.248684],[-132.702952,54.701239]]],[[[-131.372792,55.201483],[-131.624501,55.017401],[-131.551584,55.276557],[-131.372792,55.201483]]],[[[-133.449859,55.25023],[-133.209381,55.270413],[-133.316151,55.201483],[-133.449859,55.25023]]],[[[-131.818471,55.413764],[-131.636098,55.299302],[-131.72289,55.140082],[-131.817779,55.197984],[-131.818471,55.413764]]],[[[-133.580556,55.426215],[-133.607289,55.235582],[-133.689198,55.311347],[-133.580556,55.426215]]],[[[-133.600453,55.447903],[-133.505727,55.52261],[-133.418446,55.475572],[-133.600453,55.447903]]],[[[-133.272084,55.530463],[-133.433176,55.527981],[-133.428538,55.544135],[-133.272084,55.530463]]],[[[-133.70287,55.557766],[-133.651967,55.447903],[-133.799062,55.447903],[-133.70287,55.557766]]],[[[-133.305653,55.797349],[-133.542104,55.694892],[-133.682362,55.790473],[-133.614898,55.833197],[-133.305653,55.797349]]],[[[-133.341176,55.837348],[-133.216868,55.866278],[-133.250803,55.775946],[-133.341176,55.837348]]],[[[-155.749849,55.81768],[-155.556101,55.914618],[-155.597264,55.760431],[-155.749849,55.81768]]],[[[-134.298695,55.9265],[-134.258412,55.818427],[-134.347157,55.910956],[-134.298695,55.9265]]],[[[-133.912668,55.862779],[-133.856028,55.942288],[-133.842519,55.86636],[-133.912668,55.862779]]],[[[-130.961903,55.58511],[-131.192006,55.185736],[-131.20995,55.406317],[-131.298329,55.276557],[-131.463206,55.293402],[-131.270741,55.447333],[-131.350819,55.645575],[-131.526479,55.299384],[-131.820221,55.463813],[-131.280263,55.965155],[-130.961903,55.58511]]],[[[-133.794911,55.94359],[-133.617014,56.131537],[-133.285308,56.147203],[-133.794911,55.94359]]],[[[-132.548411,56.304429],[-132.092193,56.106431],[-132.133453,55.929023],[-132.645416,56.058092],[-132.548411,56.304429]]],[[[-131.976715,54.831529],[-132.27774,54.71483],[-132.640859,55.25609],[-133.212961,55.279202],[-132.846303,55.352281],[-133.125844,55.483588],[-132.908355,55.63288],[-133.379058,55.629788],[-133.139801,55.876614],[-133.264638,56.147406],[-133.614735,56.352851],[-132.508412,55.827623],[-132.140614,55.465277],[-132.523508,55.62523],[-132.681793,55.455308],[-131.994293,55.268134],[-132.223134,54.989203],[-131.976715,54.831529]]],[[[-132.612904,56.400621],[-132.819651,56.236151],[-133.055247,56.344794],[-132.924224,56.451972],[-132.612904,56.400621]]],[[[-132.151519,56.351996],[-132.072336,56.119452],[-132.375356,56.488471],[-132.151519,56.351996]]],[[[-154.137807,56.510484],[-154.020457,56.555487],[-153.877146,56.565131],[-154.137807,56.510484]]],[[[-157.259267,56.583401],[-156.978261,56.536526],[-157.331248,56.524156],[-157.259267,56.583401]]],[[[-154.42516,56.593044],[-154.73823,56.398261],[-154.791249,56.430854],[-154.700144,56.530341],[-154.42516,56.593044]]],[[[-154.124094,56.612616],[-154.210072,56.503648],[-154.350087,56.544664],[-154.124094,56.612616]]],[[[-132.881093,56.640204],[-132.816314,56.797349],[-132.533437,56.580308],[-132.918609,56.507025],[-132.881093,56.640204]]],[[[-133.717152,56.771186],[-134.129384,55.999457],[-134.281972,56.362779],[-134.034413,56.485907],[-134.306142,56.565131],[-134.086415,56.64704],[-134.40567,56.852688],[-133.717152,56.771186]]],[[[-134.018178,57.017564],[-133.052358,56.982856],[-132.933949,56.641588],[-133.346425,56.837592],[-133.079091,56.530341],[-133.621246,56.442206],[-133.67927,56.853705],[-134.018178,57.017564]]],[[[-153.41161,57.079047],[-152.926137,57.125963],[-153.209218,57.079047],[-153.272165,56.998521],[-153.41161,57.079047]]],[[[-135.843739,57.324693],[-135.628245,57.010199],[-135.841135,56.989691],[-135.843739,57.324693]]],[[[-134.62149,56.743842],[-134.66747,56.170396],[-135.052846,56.537828],[-134.847401,56.688666],[-135.109771,56.601752],[-134.99885,56.761664],[-135.367543,56.828925],[-135.165354,57.041734],[-135.674957,57.358629],[-134.994781,57.397773],[-134.62149,56.743842]]],[[[-153.212351,57.81269],[-153.325266,57.858629],[-153.541941,57.935614],[-153.32665,57.926581],[-153.212351,57.81269]]],[[[-152.160878,57.627143],[-152.973378,57.51789],[-152.596018,57.373928],[-153.174753,57.351386],[-152.959096,57.257148],[-153.54186,57.175849],[-153.987253,56.743842],[-153.739939,57.133694],[-154.099558,56.96483],[-153.959665,57.120063],[-154.240834,57.154771],[-154.494944,57.113593],[-154.103708,57.113837],[-154.304921,56.85578],[-154.810007,57.346584],[-154.220326,57.675523],[-154.018625,57.647203],[-154.110463,57.544582],[-153.935496,57.53498],[-153.890736,57.408026],[-153.747304,57.303412],[-153.630686,57.270901],[-153.884592,57.648261],[-153.584584,57.617092],[-153.924631,57.810492],[-153.178822,57.709662],[-153.240305,57.902086],[-153.048451,57.833197],[-153.28425,58.010443],[-152.160878,57.627143]]],[[[-136.338368,58.014635],[-136.451283,57.846869],[-136.542836,58.065904],[-136.338368,58.014635]]],[[[-153.262644,58.085354],[-153.277781,58.146796],[-152.890818,57.997707],[-153.262644,58.085354]]],[[[-151.897084,58.192857],[-151.793446,58.244696],[-151.846181,58.175198],[-151.897084,58.192857]]],[[[-135.847971,57.394355],[-136.416493,57.825751],[-136.032948,57.846869],[-136.355702,58.219875],[-134.924794,58.027493],[-135.203684,57.943061],[-135.013783,57.785875],[-135.889556,57.997707],[-134.913889,57.755845],[-134.813873,57.497463],[-135.813222,57.764309],[-135.546295,57.466051],[-135.847971,57.394355]]],[[[-134.53539,58.224107],[-134.563344,58.34455],[-134.258412,58.196275],[-134.53539,58.224107]]],[[[-133.839996,57.462633],[-134.614613,57.010199],[-134.556304,57.397773],[-134.312978,57.332343],[-134.306142,57.394355],[-134.653554,57.598212],[-134.961008,58.404853],[-134.693186,58.168402],[-134.176991,58.16352],[-133.789296,57.588853],[-134.306752,58.09809],[-133.839996,57.462633]]],[[[-151.966013,58.332831],[-152.116811,58.147895],[-152.804921,57.991523],[-153.229604,58.168891],[-152.9051,58.168402],[-153.109934,58.271389],[-152.767323,58.257758],[-152.650624,58.483629],[-151.966013,58.332831]]],[[[-152.502024,58.473456],[-152.453684,58.62816],[-152.348988,58.628323],[-152.502024,58.473456]]],[[[-161.085979,58.553326],[-160.767008,58.775717],[-160.687786,58.818724],[-161.085979,58.553326]]],[[[-152.157786,58.956692],[-152.334218,58.911933],[-152.363271,58.915717],[-152.157786,58.956692]]],[[[-150.779856,59.334052],[-150.608591,59.381171],[-150.76183,59.316799],[-150.779856,59.334052]]],[[[-153.405873,59.338568],[-153.476755,59.405422],[-153.357411,59.378119],[-153.405873,59.338568]]],[[[-150.410512,59.446275],[-150.293894,59.456977],[-150.443471,59.402289],[-150.410512,59.446275]]],[[[-144.552358,59.873236],[-144.208608,60.011786],[-144.605295,59.813178],[-144.552358,59.873236]]],[[[-148.144846,59.972398],[-148.081166,59.971666],[-148.244985,59.943549],[-148.223256,59.99136],[-148.144846,59.972398]]],[[[-147.876576,60.076361],[-147.895172,59.990424],[-148.046376,59.957099],[-147.876576,60.076361]]],[[[-147.881256,60.107367],[-148.044423,60.070299],[-148.141306,60.011786],[-147.966461,60.156562],[-147.881256,60.107367]]],[[[-148.099233,60.083482],[-148.313832,60.032294],[-148.049998,60.195705],[-148.099233,60.083482]]],[[[-147.011057,60.347602],[-146.922271,60.313463],[-147.915395,59.79267],[-147.011057,60.347602]]],[[[-148.075632,60.369371],[-148.042226,60.286566],[-148.135121,60.299791],[-148.075632,60.369371]]],[[[-145.284291,60.341376],[-145.12328,60.311754],[-145.284291,60.33393],[-145.284291,60.341376]]],[[[-146.188629,60.402167],[-146.600168,60.245185],[-146.722646,60.386217],[-146.588124,60.484036],[-146.188629,60.402167]]],[[[-147.908559,60.292955],[-147.614369,60.436957],[-147.798695,60.170111],[-147.908559,60.292955]]],[[[-152.08967,60.359117],[-151.966013,60.375556],[-152.038564,60.350409],[-152.08967,60.359117]]],[[[-146.332631,60.464911],[-145.773101,60.582953],[-146.0631,60.488267],[-146.332631,60.464911]]],[[[-147.339711,60.645575],[-147.428782,60.711371],[-147.312734,60.684027],[-147.339711,60.645575]]],[[[-148.012196,60.725002],[-147.90982,60.744818],[-147.847076,60.693996],[-147.935902,60.662909],[-148.012196,60.725002]]],[[[-148.111155,60.738105],[-148.222239,60.706122],[-148.21703,60.759101],[-148.111155,60.738105]]],[[[-148.023793,60.791205],[-148.107777,60.923],[-147.912343,60.825426],[-148.023793,60.791205]]],[[[-162.42809,63.642157],[-162.359364,63.54621],[-162.7176,63.575181],[-162.42809,63.642157]]],[[[-163.176259,69.482245],[-163.17162,69.657782],[-163.129099,69.681545],[-163.176259,69.482245]]],[[[-141.809234,69.821926],[-141.385121,69.694525],[-141.898427,69.824897],[-141.809234,69.821926]]],[[[-163.129099,69.701972],[-162.999949,69.85578],[-162.841135,69.93476],[-163.129099,69.701972]]],[[[-162.806345,69.948391],[-162.641794,70.065579],[-162.556467,70.090277],[-162.806345,69.948391]]],[[[-162.559926,70.106024],[-162.308542,70.241278],[-162.162709,70.269924],[-162.559926,70.106024]]],[[[-161.551137,70.325995],[-161.837839,70.343411],[-161.977122,70.312161],[-161.888132,70.353949],[-161.551137,70.325995]]],[[[-148.819692,70.469794],[-149.015696,70.484931],[-149.313181,70.544867],[-149.236277,70.55329],[-148.819692,70.469794]]],[[[-81.810292,24.558173],[-81.732004,24.55622],[-81.814565,24.542548],[-81.810292,24.558173]]],[[[-81.725738,24.55622],[-81.65685,24.597805],[-81.650054,24.576117],[-81.725738,24.55622]]],[[[-81.560658,24.693427],[-81.530832,24.61522],[-81.636464,24.583564],[-81.560658,24.693427]]],[[[-81.076161,24.709052],[-81.136098,24.707017],[-81.039906,24.734361],[-81.076161,24.709052]]],[[[-81.364247,24.6612],[-81.355458,24.686184],[-81.36266,24.631334],[-81.364247,24.6612]]],[[[-80.955556,24.768744],[-80.958892,24.749335],[-81.03307,24.720689],[-80.955556,24.768744]]],[[[-80.845041,24.814358],[-80.802154,24.809882],[-80.85497,24.80329],[-80.845041,24.814358]]],[[[-80.598012,24.9501],[-80.36148,25.159491],[-80.578603,24.950263],[-80.598012,24.9501]]],[[[-80.188222,25.498358],[-80.216908,25.415473],[-80.238026,25.405951],[-80.188222,25.498358]]],[[[-80.158315,25.679267],[-80.183339,25.713813],[-80.156077,25.734931],[-80.158315,25.679267]]],[[[-82.164133,26.47956],[-82.026845,26.447455],[-82.204945,26.550482],[-82.164133,26.47956]]],[[[-82.24767,26.654364],[-82.245961,26.694525],[-82.225453,26.611274],[-82.24767,26.654364]]],[[[-82.082021,26.491523],[-82.132436,26.609809],[-82.177642,26.701321],[-82.113637,26.654364],[-82.082021,26.491523]]],[[[-82.287506,26.803127],[-82.257965,26.758531],[-82.266428,26.714993],[-82.287506,26.803127]]],[[[-97.377065,27.207831],[-97.166379,26.102847],[-97.397532,26.831],[-97.405019,27.12523],[-97.391591,27.193101],[-97.377065,27.207831]]],[[[-82.649037,27.381334],[-82.680979,27.434068],[-82.589182,27.324449],[-82.649037,27.381334]]],[[[-97.25414,27.659654],[-97.044016,27.835273],[-97.397532,27.228909],[-97.25414,27.659654]]],[[[-80.292592,27.417304],[-80.444569,27.857489],[-80.162913,27.173651],[-80.292592,27.417304]]],[[[-96.972564,28.009914],[-96.850087,28.071194],[-97.034413,27.852037],[-96.972564,28.009914]]],[[[-80.629018,28.181057],[-80.640696,28.204169],[-80.64859,28.222724],[-80.629018,28.181057]]],[[[-96.807769,28.187649],[-96.41686,28.328762],[-96.835805,28.071194],[-96.807769,28.187649]]],[[[-96.283925,28.447659],[-96.312896,28.458564],[-96.232533,28.489488],[-96.283925,28.447659]]],[[[-80.737416,28.484849],[-80.612172,28.568834],[-80.64977,28.225165],[-80.737416,28.484849]]],[[[-90.91511,29.051256],[-90.903188,29.057196],[-90.879628,29.051256],[-90.91511,29.051256]]],[[[-90.283844,29.078559],[-90.31078,29.082424],[-90.283844,29.086005],[-90.283844,29.078559]]],[[[-90.024281,29.238471],[-89.955474,29.25731],[-90.030629,29.216376],[-90.024281,29.238471]]],[[[-94.834096,29.359768],[-94.724409,29.333155],[-95.116544,29.088993],[-94.834096,29.359768]]],[[[-89.173004,29.489325],[-89.166249,29.482367],[-89.221832,29.469631],[-89.173004,29.489325]]],[[[-91.720204,29.581732],[-91.840484,29.483832],[-92.03539,29.596177],[-91.720204,29.581732]]],[[[-85.08609,29.685736],[-85.171864,29.66885],[-85.212799,29.688707],[-85.08609,29.685736]]],[[[-84.987457,29.620429],[-84.692698,29.76439],[-85.09732,29.627265],[-84.987457,29.620429]]],[[[-89.49059,29.793769],[-89.427317,29.743964],[-89.48998,29.736477],[-89.49059,29.793769]]],[[[-89.337026,29.806627],[-89.27717,29.812079],[-89.290679,29.771226],[-89.337026,29.806627]]],[[[-84.65685,29.787055],[-84.576405,29.81977],[-84.664703,29.778713],[-84.65685,29.787055]]],[[[-89.279042,29.937201],[-89.235504,29.931627],[-89.293935,29.920071],[-89.279042,29.937201]]],[[[-89.278066,29.982123],[-89.295806,29.942206],[-89.32787,29.91592],[-89.278066,29.982123]]],[[[-88.854563,29.769192],[-88.850453,30.04682],[-88.817779,29.983547],[-88.810943,29.915229],[-88.821034,29.832668],[-88.854563,29.769192]]],[[[-89.439361,30.136542],[-89.424916,30.142564],[-89.431264,30.133368],[-89.439361,30.136542]]],[[[-89.180816,30.168524],[-89.222076,30.033759],[-89.345326,30.066067],[-89.180816,30.168524]]],[[[-88.967356,30.214301],[-88.927846,30.217597],[-88.969309,30.210639],[-88.967356,30.214301]]],[[[-88.434193,30.209418],[-88.503041,30.223782],[-88.427358,30.216254],[-88.434193,30.209418]]],[[[-89.077016,30.24079],[-89.084625,30.195787],[-89.153554,30.229926],[-89.077016,30.24079]]],[[[-88.697825,30.25788],[-88.537913,30.224433],[-88.756337,30.250434],[-88.697825,30.25788]]],[[[-88.109039,30.276109],[-88.090972,30.244696],[-88.311269,30.236762],[-88.109039,30.276109]]],[[[-87.296498,30.332343],[-86.52184,30.401272],[-87.2412,30.326117],[-87.296498,30.332343]]],[[[-81.461659,30.725816],[-81.482167,30.904364],[-81.417307,30.970404],[-81.461659,30.725816]]],[[[-118.564367,33.023762],[-118.49915,32.850628],[-118.607215,33.030856],[-118.564367,33.023762]]],[[[-79.363108,33.043036],[-79.360951,33.005683],[-79.368398,33.005683],[-79.363108,33.043036]]],[[[-119.532103,33.286278],[-119.434337,33.224012],[-119.578926,33.276097],[-119.532103,33.286278]]],[[[-118.30434,33.30904],[-118.603913,33.476589],[-118.369206,33.408393],[-118.30434,33.30904]]],[[[-77.995229,33.899319],[-77.96996,33.847968],[-78.017812,33.875881],[-77.995229,33.899319]]],[[[-120.096665,34.017861],[-120.109891,33.89314],[-120.248517,34.001127],[-120.096665,34.017861]]],[[[-120.369068,34.076225],[-120.308301,34.0182],[-120.449203,34.035866],[-120.369068,34.076225]]],[[[-119.564931,34.055325],[-119.817205,33.959338],[-119.933019,34.060229],[-119.564931,34.055325]]],[[[-77.860178,34.100409],[-77.844228,34.166653],[-77.819203,34.177476],[-77.860178,34.100409]]],[[[-77.578725,34.42536],[-77.353017,34.527574],[-77.634185,34.362494],[-77.578725,34.42536]]],[[[-76.634267,34.691474],[-76.537709,34.642157],[-76.654775,34.691474],[-76.634267,34.691474]]],[[[-77.099762,34.649848],[-76.733551,34.717597],[-76.681467,34.705146],[-77.099762,34.649848]]],[[[-76.407786,34.79442],[-76.20226,34.944729],[-76.530629,34.589057],[-76.407786,34.79442]]],[[[-76.106435,35.030341],[-76.03718,35.061347],[-76.147043,34.992499],[-76.106435,35.030341]]],[[[-76.017323,35.075019],[-75.939849,35.126899],[-75.770253,35.197943],[-76.017323,35.075019]]],[[[-75.735748,35.18769],[-75.451812,35.582506],[-75.515614,35.260199],[-75.735748,35.18769]]],[[[-75.659291,35.836005],[-75.661041,35.92475],[-75.625356,35.830146],[-75.659291,35.836005]]],[[[-75.676477,37.455073],[-75.66043,37.443184],[-75.719214,37.368298],[-75.676477,37.455073]]],[[[-75.674375,37.485835],[-75.599806,37.575131],[-75.670617,37.477057],[-75.674375,37.485835]]],[[[-76.051422,37.994086],[-75.981291,37.992836],[-76.026368,37.913515],[-76.051422,37.994086]]],[[[-76.048608,38.200408],[-76.083608,38.160666],[-76.079009,38.182844],[-76.048608,38.200408]]],[[[-75.392913,37.864699],[-75.092437,38.302639],[-75.189695,38.08978],[-75.326039,37.892279],[-75.378535,37.855773],[-75.392913,37.864699]]],[[[-74.44815,39.419867],[-74.302113,39.464748],[-74.393381,39.389146],[-74.44815,39.419867]]],[[[-74.240072,39.575388],[-74.098134,39.755683],[-74.256418,39.522203],[-74.240072,39.575388]]],[[[-73.339384,40.644593],[-73.320324,40.635056],[-73.57412,40.575093],[-73.339384,40.644593]]],[[[-74.191802,40.628264],[-74.053569,40.602704],[-74.250831,40.501397],[-74.191802,40.628264]]],[[[-73.040343,40.681995],[-72.757083,40.768802],[-73.147532,40.644314],[-73.245783,40.623806],[-73.305046,40.629922],[-73.255292,40.629668],[-73.040343,40.681995]]],[[[-72.624623,40.907823],[-71.857411,41.071723],[-72.723955,40.770419],[-72.650516,40.797455],[-73.710925,40.610212],[-73.581801,40.584486],[-74.03999,40.619786],[-73.485687,40.945626],[-72.275543,41.162624],[-72.624623,40.907823]]],[[[-71.5792,41.225572],[-71.549095,41.152042],[-71.613748,41.155181],[-71.5792,41.225572]]],[[[-71.970153,41.273622],[-72.038798,41.249447],[-71.920732,41.291396],[-71.970153,41.273622]]],[[[-70.278112,41.307907],[-70.02887,41.38612],[-69.95776,41.275748],[-69.967149,41.249453],[-70.278112,41.307907]]],[[[-70.465484,41.360256],[-70.455719,41.429633],[-70.446685,41.367418],[-70.465484,41.360256]]],[[[-70.605133,41.474026],[-70.507436,41.362616],[-70.846221,41.346666],[-70.605133,41.474026]]],[[[-71.377675,41.577948],[-71.365631,41.495347],[-71.398793,41.4619],[-71.377675,41.577948]]],[[[-69.981028,41.627672],[-69.959381,41.632636],[-70.021474,41.550727],[-69.981028,41.627672]]],[[[-71.354563,41.458319],[-71.220611,41.660549],[-71.233632,41.489203],[-71.354563,41.458319]]],[[[-123.997763,46.453397],[-123.94818,46.46419],[-123.964121,46.406791],[-123.997763,46.453397]]],[[[-122.471018,47.495795],[-122.366811,47.383531],[-122.527252,47.346259],[-122.471018,47.495795]]],[[[-122.510976,47.695868],[-122.57787,47.601549],[-122.557769,47.713813],[-122.510976,47.695868]]],[[[-122.730784,48.042426],[-122.686879,48.073228],[-122.681508,48.00727],[-122.730784,48.042426]]],[[[-122.723704,48.233791],[-122.539215,47.972154],[-122.74413,48.205878],[-122.656565,48.385077],[-122.723704,48.233791]]],[[[-122.887074,48.563666],[-122.827748,48.417385],[-122.937611,48.458319],[-122.887074,48.563666]]],[[[-122.735422,48.590399],[-122.67455,48.568793],[-122.714345,48.541938],[-122.735422,48.590399]]],[[[-122.977651,48.531317],[-122.964955,48.451483],[-123.177561,48.598822],[-122.977651,48.531317]]],[[[-122.917958,48.711412],[-122.896352,48.699774],[-123.026519,48.626532],[-122.917958,48.711412]]],[[[-122.698476,48.734687],[-122.655141,48.66474],[-122.715159,48.739081],[-122.698476,48.734687]]],[[[-166.156565,53.993598],[-166.15392,53.955308],[-166.196116,53.981024],[-166.156565,53.993598]]],[[[-159.571278,54.822252],[-159.569325,54.754584],[-159.604197,54.812323],[-159.571278,54.822252]]],[[[-161.35436,55.221503],[-161.360463,55.163031],[-161.439687,55.197333],[-161.35436,55.221503]]],[[[-161.658884,55.242377],[-161.564076,55.207913],[-161.691721,55.211615],[-161.658884,55.242377]]],[[[-160.066599,55.344713],[-160.039988,55.307074],[-160.10908,55.325751],[-160.066599,55.344713]]],[[[-159.332834,55.812445],[-159.302113,55.759223],[-159.362294,55.786282],[-159.332834,55.812445]]],[[[-156.701283,56.066148],[-156.694936,56.009345],[-156.746165,56.034898],[-156.701283,56.066148]]],[[[-156.77831,56.226711],[-156.76655,56.16767],[-156.792063,56.153022],[-156.809316,56.190131],[-156.77831,56.226711]]],[[[-157.856557,56.362128],[-157.833323,56.313666],[-157.898386,56.339057],[-157.856557,56.362128]]],[[[-153.887807,57.508979],[-153.829294,57.451077],[-153.843577,57.436225],[-153.887807,57.508979]]],[[[-152.432322,57.969184],[-152.369374,57.88642],[-152.504832,57.925727],[-152.432322,57.969184]]],[[[-152.833079,57.974595],[-152.764109,57.93008],[-152.860707,57.954657],[-152.833079,57.974595]]],[[[-152.846059,58.337592],[-152.902699,58.307685],[-152.930613,58.328559],[-152.846059,58.337592]]],[[[-160.275867,58.679436],[-160.27718,58.636693],[-160.301242,58.729354],[-160.275867,58.679436]]],[[[-160.405998,58.751282],[-160.393015,58.699652],[-160.433095,58.684638],[-160.405998,58.751282]]],[[[-150.224355,61.170396],[-150.177724,61.161363],[-150.276438,61.127387],[-150.224355,61.170396]]],[[[-164.611562,63.055894],[-164.567006,63.046291],[-164.611806,63.046698],[-164.611562,63.055894]]],[[[-179.119008,51.215399],[-179.088246,51.296088],[-179.061594,51.247707],[-179.119008,51.215399]]],[[[-178.986887,51.307522],[-178.954416,51.395209],[-178.904246,51.353827],[-178.986887,51.307522]]],[[[-178.858876,51.795722],[-178.740183,51.783637],[-178.808298,51.747301],[-178.858876,51.795722]]],[[[-176.303212,51.868964],[-176.38561,51.737128],[-176.423044,51.85102],[-176.303212,51.868964]]],[[[-176.190134,51.886705],[-176.148671,51.775295],[-176.223744,51.843573],[-176.190134,51.886705]]],[[[-176.020945,51.912787],[-175.956858,51.85102],[-176.107737,51.884508],[-176.020945,51.912787]]],[[[-177.622182,51.857164],[-177.933461,51.5987],[-178.213816,51.876044],[-177.622182,51.857164]]],[[[-177.122182,51.932929],[-177.156687,51.700141],[-177.704701,51.700141],[-177.29247,51.782782],[-177.122182,51.932929]]],[[[-175.752024,51.939154],[-175.662058,51.967027],[-175.662058,51.959621],[-175.752024,51.939154]]],[[[-176.437245,51.788275],[-176.710398,51.617011],[-176.977895,51.600287],[-176.758778,51.953437],[-176.437245,51.788275]]],[[[-175.950022,51.973863],[-175.80602,51.987494],[-175.876414,51.96894],[-175.950022,51.973863]]],[[[-176.04304,51.963365],[-176.143259,52.107123],[-175.963694,52.035346],[-176.04304,51.963365]]],[[[-174.059438,52.124701],[-172.9558,52.089911],[-173.490224,52.021674],[-174.059438,52.124701]]],[[[-172.557973,52.350653],[-172.310902,52.316474],[-172.633046,52.261298],[-172.557973,52.350653]]],[[[-174.051951,52.24079],[-174.411366,52.042792],[-175.340525,52.014838],[-174.190297,52.417873],[-174.051951,52.24079]]],[[[-171.293568,52.514106],[-171.222157,52.46308],[-171.311635,52.46426],[-171.293568,52.514106]]],[[[-170.743723,52.678697],[-170.621938,52.593899],[-170.837392,52.549262],[-170.743723,52.678697]]],[[[-170.18696,52.78266],[-170.063425,52.73428],[-170.194407,52.727444],[-170.18696,52.78266]]],[[[-169.85029,52.882514],[-169.723378,52.774482],[-170.011098,52.823635],[-169.85029,52.882514]]],[[[-170.124827,52.888617],[-170.014272,52.905829],[-169.994578,52.905585],[-170.124827,52.888617]]],[[[-169.753285,53.024807],[-169.666208,53.001166],[-169.748118,52.946519],[-169.753285,53.024807]]],[[[-167.857493,53.392768],[-168.766062,52.913886],[-169.111277,52.823635],[-168.236806,53.530097],[-167.857493,53.392768]]],[[[-166.290517,53.795356],[-166.212636,53.708075],[-166.297841,53.760199],[-166.290517,53.795356]]],[[[-166.294301,53.727973],[-166.752187,53.450873],[-167.850046,53.309638],[-166.705515,53.721137],[-167.151112,53.824164],[-167.021596,53.961249],[-166.370351,54.00849],[-166.575144,53.714301],[-166.294301,53.727973]]],[[[-165.376576,54.091051],[-165.294057,54.043891],[-165.485829,54.07746],[-165.376576,54.091051]]],[[[-165.945505,54.222073],[-165.900746,54.033352],[-166.12267,54.118354],[-165.945505,54.222073]]],[[[-165.494333,54.296373],[-165.609975,54.118354],[-165.679799,54.248928],[-165.494333,54.296373]]],[[[-159.28661,54.871731],[-159.212595,54.931138],[-159.208811,54.918524],[-159.28661,54.871731]]],[[[-159.462717,55.064276],[-159.339182,54.975531],[-159.462717,54.948188],[-159.462717,55.064276]]],[[[-159.507069,55.171088],[-159.65925,55.065131],[-159.53364,55.251044],[-159.507069,55.171088]]],[[[-160.194814,55.121527],[-159.825795,55.180976],[-160.23705,54.888577],[-160.194814,55.121527]]],[[[-163.142771,55.441067],[-163.151682,55.396959],[-163.195058,55.412665],[-163.142771,55.441067]]],[[[-154.899622,19.567016],[-155.674756,18.906117],[-155.87813,19.029072],[-156.060164,19.731221],[-155.880483,20.252021],[-154.899622,19.567016]]],[[[-156.608815,20.591046],[-156.544555,20.513217],[-156.700562,20.525427],[-156.608815,20.591046]]],[[[-156.990414,20.927509],[-156.96228,20.732388],[-157.063136,20.890387],[-156.990414,20.927509]]],[[[-156.001698,20.800442],[-156.407653,20.587207],[-156.696009,20.915802],[-156.597929,21.032653],[-156.001698,20.800442]]],[[[-157.259759,21.22188],[-156.869578,21.053371],[-157.303944,21.109565],[-157.259759,21.22188]]],[[[-157.706824,21.351995],[-158.094309,21.293606],[-158.278933,21.575265],[-157.969655,21.709061],[-157.706824,21.351995]]],[[[-160.245463,21.850839],[-160.072214,21.910834],[-160.211285,21.780209],[-160.245463,21.850839]]],[[[-159.301259,22.151028],[-159.437315,21.868769],[-159.787211,22.01927],[-159.558543,22.232995],[-159.301259,22.151028]]],[[[178.920177,51.611802],[179.243012,51.353827],[178.636404,51.637437],[178.920177,51.611802]]],[[[178.224864,51.836737],[178.333995,51.81623],[178.396169,51.7685],[178.341482,51.7685],[178.236583,51.822943],[178.224864,51.836737]]],[[[178.459972,51.944403],[178.604259,51.93769],[178.516775,51.896186],[178.459972,51.944403]]],[[[179.636974,52.035346],[179.6421,51.874172],[179.486095,51.973863],[179.636974,52.035346]]],[[[177.642589,52.124701],[177.612071,51.927924],[177.224294,51.891995],[177.508474,51.994574],[177.642589,52.124701]]],[[[175.928884,52.33926],[175.915863,52.377997],[175.990977,52.3581],[175.928884,52.33926]]],[[[173.624522,52.500718],[173.743419,52.361233],[173.388927,52.403795],[173.624522,52.500718]]],[[[174.09669,52.713772],[174.113943,52.741034],[174.182302,52.706936],[174.09669,52.713772]]],[[[173.376638,52.830471],[172.944347,52.749823],[172.476085,52.926663],[173.127208,52.99494],[173.376638,52.830471]]],[[[-165.133005,54.132636],[-164.976023,54.075751],[-165.225779,54.091051],[-165.133005,54.132636]]],[[[-162.472239,54.422105],[-162.368113,54.385891],[-162.485422,54.413886],[-162.472239,54.422105]]],[[[-162.813832,54.50434],[-162.63268,54.371894],[-162.841135,54.461005],[-162.813832,54.50434]]],[[[-162.342152,54.839545],[-162.262685,54.989203],[-162.230946,54.907294],[-162.342152,54.839545]]],[[[-163.073842,54.687567],[-164.652577,54.391995],[-164.958241,54.58515],[-163.75654,55.06037],[-163.525706,55.04385],[-163.35436,54.776923],[-163.073842,54.687567]]],[[[-161.843821,55.171332],[-161.751169,55.058051],[-161.908193,55.143459],[-161.843821,55.171332]]],[[[-160.486928,55.353217],[-160.336293,55.248684],[-160.531484,55.325019],[-160.486928,55.353217]]],[[[-160.497385,55.194648],[-160.818918,55.119534],[-160.853627,55.331855],[-160.559275,55.393134],[-160.497385,55.194648]]],[[[-160.171132,55.453762],[-160.25947,55.422309],[-160.346547,55.417467],[-160.171132,55.453762]]],[[[-158.828114,55.896715],[-158.883778,55.805243],[-158.908681,55.841295],[-158.828114,55.896715]]],[[[-169.789052,56.620347],[-169.474355,56.593004],[-169.63268,56.544664],[-169.789052,56.620347]]],[[[-170.412099,57.184801],[-170.104441,57.250393],[-170.289988,57.106391],[-170.412099,57.184801]]],[[[-165.582102,59.950995],[-166.182078,59.756293],[-167.45283,60.217231],[-166.157419,60.436957],[-165.684438,60.299791],[-165.582102,59.950995]]],[[[-172.925038,60.606676],[-172.208567,60.313463],[-173.057607,60.49844],[-172.925038,60.606676]]],[[[-169.868845,63.106147],[-169.777089,63.035061],[-169.931874,63.139146],[-169.868845,63.106147]]],[[[-169.529001,63.383368],[-169.489329,63.367825],[-169.512318,63.373765],[-169.529001,63.383368]]],[[[-170.381825,63.301418],[-170.449656,63.3251],[-170.707834,63.395209],[-170.485463,63.344672],[-170.381825,63.301418]]],[[[-170.975209,63.43122],[-171.072895,63.437326],[-170.784047,63.408515],[-170.975209,63.43122]]],[[[-171.090037,63.603909],[-171.07079,63.602484],[-171.0749,63.60224],[-171.090037,63.603909]]],[[[-171.090037,63.603909],[-171.157656,63.609737],[-171.144032,63.611762],[-171.090037,63.603909]]],[[[-168.686106,63.301459],[-169.666208,62.945217],[-169.817454,63.126776],[-170.444325,63.359198],[-170.85615,63.460354],[-171.083852,63.444892],[-171.43932,63.31977],[-171.852895,63.521186],[-171.728017,63.796129],[-171.487172,63.608954],[-170.93696,63.571682],[-170.310048,63.698676],[-170.084543,63.485826],[-169.186716,63.301459],[-168.686106,63.301459]]],[[[-68.910186,44.095526],[-68.772979,44.081895],[-68.774648,44.061876],[-68.910186,44.095526]]],[[[-68.724599,44.219062],[-68.622792,44.171332],[-68.716339,44.167344],[-68.724599,44.219062]]],[[[-68.375762,44.404079],[-68.176544,44.328315],[-68.414052,44.258612],[-68.375762,44.404079]]],[[[-161.940907,23.041978],[-161.944773,23.04621],[-161.940419,23.0456],[-161.940907,23.041978]]],[[[-164.704335,23.579332],[-164.699086,23.570543],[-164.708485,23.57453],[-164.704335,23.579332]]],[[[-167.995554,25.011664],[-168.002797,25.014797],[-167.999867,25.016425],[-167.995554,25.011664]]],[[[-171.740671,25.769029],[-171.72936,25.751939],[-171.739084,25.756293],[-171.740671,25.769029]]],[[[-173.965647,26.05858],[-173.959177,26.059638],[-173.95995,26.055325],[-173.965647,26.05858]]],[[[-178.297988,28.390993],[-178.287905,28.392989],[-178.304366,28.387912],[-178.297988,28.390993]]],[[[-122.746409,47.153713],[-122.671376,47.164984],[-122.70108,47.123969],[-122.746409,47.153713]]],[[[-122.921946,47.237209],[-122.848297,47.193305],[-122.87385,47.167873],[-122.921946,47.237209]]],[[[-82.128285,24.553697],[-82.113759,24.557318],[-82.128774,24.550849],[-82.128285,24.553697]]],[[[-82.110463,24.565497],[-82.134755,24.592963],[-82.145741,24.592719],[-82.110463,24.565497]]],[[[-81.414784,24.647691],[-81.417592,24.65941],[-81.410634,24.655422],[-81.414784,24.647691]]],[[[-81.277496,24.65762],[-81.258372,24.667629],[-81.276031,24.655585],[-81.277496,24.65762]]],[[[-81.460683,24.664374],[-81.43932,24.660386],[-81.441396,24.650539],[-81.460683,24.664374]]],[[[-81.515004,24.69774],[-81.481313,24.649848],[-81.520172,24.674058],[-81.515004,24.69774]]],[[[-81.340891,24.7001],[-81.320668,24.694485],[-81.317779,24.674954],[-81.340891,24.7001]]],[[[-80.729726,24.862779],[-80.710846,24.864325],[-80.738352,24.850735],[-80.729726,24.862779]]],[[[-80.625478,24.936225],[-80.61852,24.941555],[-80.657135,24.901109],[-80.625478,24.936225]]],[[[-81.078359,25.301703],[-81.039784,25.296698],[-81.066884,25.27676],[-81.078359,25.301703]]],[[[-81.116526,25.341946],[-81.090728,25.312812],[-81.122222,25.336575],[-81.116526,25.341946]]],[[[-81.429514,25.850898],[-81.439565,25.8039],[-81.4405,25.842434],[-81.429514,25.850898]]],[[[-81.474355,25.872463],[-81.512034,25.836127],[-81.516916,25.859768],[-81.474355,25.872463]]],[[[-81.708404,25.898668],[-81.660024,25.886542],[-81.696156,25.86579],[-81.708404,25.898668]]],[[[-81.558339,25.903388],[-81.533559,25.878648],[-81.545766,25.853664],[-81.558339,25.903388]]],[[[-82.683217,28.737738],[-82.673736,28.714423],[-82.696034,28.725572],[-82.683217,28.737738]]],[[[-82.673818,28.766669],[-82.694936,28.787584],[-82.679921,28.784654],[-82.673818,28.766669]]],[[[-90.767161,29.047065],[-90.642201,29.072943],[-90.656321,29.063218],[-90.67276,29.057278],[-90.74942,29.040961],[-90.767161,29.047065]]],[[[-90.452301,29.069566],[-90.413401,29.04857],[-90.512359,29.074856],[-90.452301,29.069566]]],[[[-83.050282,29.155707],[-83.029652,29.139797],[-83.058176,29.136176],[-83.050282,29.155707]]],[[[-90.43456,29.264472],[-90.452545,29.224026],[-90.446278,29.260321],[-90.43456,29.264472]]],[[[-89.933827,29.284573],[-89.913157,29.290229],[-89.938954,29.277248],[-89.933827,29.284573]]],[[[-90.119862,29.50552],[-90.015736,29.443793],[-90.091949,29.473538],[-90.119862,29.50552]]],[[[-89.057037,29.562079],[-89.049916,29.565009],[-89.0985,29.520941],[-89.057037,29.562079]]],[[[-88.978261,29.631659],[-88.970082,29.639797],[-88.964508,29.642768],[-88.978261,29.631659]]],[[[-88.889556,29.725328],[-88.938832,29.673285],[-88.874094,29.747463],[-88.889556,29.725328]]],[[[-81.30032,31.411516],[-81.17465,31.521421],[-81.279611,31.385481],[-81.30032,31.411516]]],[[[-81.179485,31.635942],[-81.136435,31.69841],[-81.16096,31.567314],[-81.179485,31.635942]]],[[[-118.267506,33.747029],[-118.236346,33.728046],[-118.257629,33.716554],[-118.267506,33.747029]]],[[[-75.810779,37.200169],[-75.90542,37.234426],[-75.873971,37.29038],[-75.810779,37.200169]]],[[[-72.371306,41.054992],[-72.280482,41.078895],[-72.275527,41.031833],[-72.371306,41.054992]]],[[[-72.141521,41.096849],[-72.078431,41.099964],[-72.100823,41.054246],[-72.141521,41.096849]]],[[[-70.823108,41.25076],[-70.814021,41.263167],[-70.801756,41.248076],[-70.823108,41.25076]]],[[[-70.92603,41.428917],[-70.848598,41.434332],[-70.948503,41.414124],[-70.92603,41.428917]]],[[[-70.839861,41.450531],[-70.679194,41.51045],[-70.790816,41.449199],[-70.839861,41.450531]]],[[[-123.411046,46.17508],[-123.405043,46.200934],[-123.315661,46.148536],[-123.411046,46.17508]]],[[[-123.468439,46.225003],[-123.444335,46.235899],[-123.44084,46.213248],[-123.468439,46.225003]]],[[[-133.544749,54.831692],[-133.515167,54.782457],[-133.521759,54.76675],[-133.544749,54.831692]]],[[[-131.244148,55.092744],[-131.189992,55.048337],[-131.254895,55.069237],[-131.244148,55.092744]]],[[[-133.274493,55.40428],[-133.269251,55.44395],[-133.236057,55.44022],[-133.274493,55.40428]]],[[[-152.299935,57.374118],[-152.255922,57.384243],[-152.315124,57.363121],[-152.299935,57.374118]]],[[[-136.059997,58.267785],[-136.106984,58.303409],[-136.027939,58.294969],[-136.059997,58.267785]]],[[[-135.670623,58.3309],[-135.654904,58.379797],[-135.543345,58.334832],[-135.670623,58.3309]]],[[[-152.062489,58.942776],[-152.013132,58.939846],[-152.074656,58.914293],[-152.062489,58.942776]]],[[[-151.713647,59.105835],[-151.64372,59.115749],[-151.646924,59.103936],[-151.713647,59.105835]]],[[[-151.500251,59.137327],[-151.428281,59.117302],[-151.508501,59.128566],[-151.500251,59.137327]]],[[[-151.89319,59.144364],[-151.816822,59.170664],[-151.788782,59.153053],[-151.89319,59.144364]]],[[[-146.358632,59.422431],[-146.322418,59.425849],[-146.358551,59.410102],[-146.358632,59.422431]]],[[[-152.604604,60.178616],[-152.580149,60.107245],[-152.638132,60.167304],[-152.604604,60.178616]]],[[[-147.493886,60.263129],[-147.347808,60.273586],[-147.491811,60.228827],[-147.493886,60.263129]]],[[[-173.071726,60.686225],[-173.05842,60.621283],[-173.111399,60.664211],[-173.071726,60.686225]]],[[[-146.76558,60.801956],[-146.76162,60.87925],[-146.704063,60.839486],[-146.76558,60.801956]]],[[[-147.226918,60.906806],[-147.139638,60.855618],[-147.318918,60.877265],[-147.226918,60.906806]]],[[[-165.972117,62.07217],[-165.947825,62.015937],[-166.009836,62.022935],[-165.972117,62.07217]]],[[[-168.087595,64.978827],[-168.048411,64.95893],[-168.09675,64.965399],[-168.087595,64.978827]]],[[[-168.942983,65.764716],[-168.909861,65.739569],[-168.951731,65.75316],[-168.942983,65.764716]]],[[[-167.819407,65.759345],[-167.738271,65.777167],[-167.848704,65.742825],[-167.819407,65.759345]]],[[[-167.73054,65.745673],[-167.566477,65.816636],[-167.556467,65.817369],[-167.73054,65.745673]]],[[[-167.232045,65.917914],[-166.835805,66.041815],[-167.239491,65.909247],[-167.232045,65.917914]]],[[[-166.762766,66.071194],[-166.187082,66.210273],[-166.800526,66.0515],[-166.762766,66.071194]]],[[[-166.14741,66.235419],[-166.041819,66.259996],[-166.156117,66.226264],[-166.14741,66.235419]]],[[[-165.970041,66.286689],[-165.814036,66.322455],[-166.010365,66.257717],[-165.970041,66.286689]]],[[[-165.690867,66.370754],[-165.601389,66.376654],[-165.704579,66.361721],[-165.690867,66.370754]]],[[[-165.488718,66.409003],[-165.448313,66.418769],[-165.42394,66.421332],[-165.488718,66.409003]]],[[[-165.342641,66.436713],[-165.381663,66.425686],[-165.423039,66.421449],[-165.342641,66.436713]]],[[[-165.342641,66.436713],[-165.326405,66.440253],[-165.322703,66.440416],[-165.342641,66.436713]]],[[[-165.042093,66.493518],[-164.866567,66.507025],[-165.32085,66.440582],[-165.042093,66.493518]]]]}},{"type":"Feature","properties":{"ISO3166-1-Alpha-3":"CAN"},"geometry":{"type":"MultiPolygon","coordinates":[[[[-95.160569,49.369494],[-95.177106,48.99267],[-123.090506,48.992515],[-123.246897,49.274644],[-122.960846,49.281887],[-122.855702,49.441799],[-123.270009,49.335354],[-123.17101,49.705268],[-123.502675,49.505439],[-123.533559,49.388495],[-124.061106,49.630805],[-123.777089,49.505316],[-123.533518,49.705268],[-123.927602,49.763617],[-123.754547,50.093736],[-123.828359,50.158393],[-124.28303,49.746568],[-124.828928,50.054755],[-124.684885,49.986477],[-124.602935,50.240302],[-124.71345,50.331366],[-124.411204,50.445746],[-124.358998,50.509263],[-125.081532,50.324693],[-124.869862,50.582953],[-124.813832,50.927191],[-125.127838,50.436998],[-125.356679,50.543118],[-125.577056,50.470689],[-125.454579,50.720364],[-125.703277,50.437934],[-125.787221,50.531643],[-126.007721,50.471503],[-126.280629,50.519436],[-125.959869,50.645575],[-126.277252,50.625881],[-125.705637,50.681708],[-125.507314,50.939195],[-125.637034,51.103705],[-125.647694,50.782416],[-126.186635,50.671861],[-126.034535,50.795111],[-126.183827,50.867865],[-126.547353,50.837388],[-126.173085,50.938788],[-126.514719,51.076361],[-127.042348,50.822903],[-127.481068,51.109931],[-127.777008,51.167222],[-127.126617,51.338813],[-127.779652,51.330552],[-127.551869,51.470893],[-127.492014,51.620592],[-126.677235,51.645738],[-126.603424,51.713813],[-127.423207,51.671861],[-127.350087,51.870185],[-127.645579,51.700141],[-127.467437,51.662299],[-127.713857,51.45775],[-127.873687,51.673407],[-127.172597,52.316474],[-126.672271,51.987494],[-126.938547,52.305854],[-126.753041,52.393378],[-127.224965,52.456122],[-126.931793,52.712836],[-126.969553,52.829413],[-127.616567,52.298529],[-127.872426,52.21955],[-127.888254,52.515123],[-128.01594,52.346747],[-127.877675,52.584052],[-128.296702,52.27558],[-128.392242,52.296047],[-128.226226,52.460517],[-128.132232,52.873114],[-128.028798,52.916653],[-128.442983,52.827704],[-128.481028,53.145738],[-128.974477,53.556627],[-127.87149,53.228339],[-128.807729,53.615383],[-128.473744,53.841498],[-128.598297,54.030219],[-129.009185,53.899319],[-128.973215,53.777574],[-129.228342,53.632717],[-129.289784,53.385403],[-130.104726,53.947089],[-129.491811,54.251451],[-130.482533,54.373684],[-130.431223,54.632961],[-130.052968,54.337388],[-129.958892,54.322089],[-130.372426,54.664252],[-130.234446,54.711412],[-130.011627,54.619859],[-129.879547,54.620592],[-130.173655,54.84455],[-129.641347,54.989569],[-130.001047,55.022447],[-129.478017,55.483466],[-129.824818,55.619208],[-129.786204,55.356757],[-130.124827,55.005276],[-130.071539,56.084123],[-131.825592,56.593343],[-133.392241,58.403878],[-134.95783,59.280982],[-135.032942,59.573109],[-135.482759,59.792475],[-136.2585,59.621582],[-136.569489,59.172152],[-137.486875,58.900075],[-137.611363,59.239331],[-139.182146,60.073389],[-139.079465,60.341021],[-140.994929,60.304382],[-141.005564,69.650946],[-135.149037,68.660468],[-136.004994,68.947903],[-135.519032,69.029771],[-135.967763,69.222154],[-135.415924,69.0987],[-135.855377,69.290473],[-135.166656,69.263007],[-135.155385,69.479722],[-134.476308,69.443793],[-134.480946,69.727484],[-134.12092,69.544338],[-133.751291,69.551174],[-134.222239,69.27261],[-134.312978,69.153957],[-132.332997,69.684638],[-132.548411,69.742987],[-131.188466,69.824897],[-130.893625,70.106024],[-129.406484,70.121161],[-130.941151,69.565904],[-131.047963,69.643744],[-131.983551,69.536851],[-133.491322,68.842515],[-133.209381,68.715074],[-132.922027,68.693996],[-133.388173,68.845445],[-132.483225,68.805406],[-132.873647,69.057766],[-131.252065,69.503852],[-131.347808,69.317084],[-131.161122,69.393541],[-131.243072,69.585354],[-131.138051,69.369778],[-131.127797,69.621039],[-131.119537,69.325263],[-130.947743,69.538886],[-131.051259,69.338935],[-130.900868,69.385647],[-131.026194,69.206],[-130.927805,69.139635],[-130.379709,69.694525],[-128.886057,69.976264],[-129.173695,69.832343],[-128.941518,69.68244],[-128.337229,70.129828],[-127.515207,70.222113],[-128.20051,70.400865],[-127.991526,70.592922],[-125.448842,69.319159],[-125.088979,69.454332],[-125.624013,69.420844],[-125.116851,69.489691],[-125.370107,69.694525],[-124.822011,69.715033],[-125.281361,69.811225],[-124.630238,69.986274],[-125.206207,70.003079],[-124.408111,70.155422],[-124.506744,69.736151],[-124.034413,69.681545],[-124.422841,69.366645],[-123.38268,69.414008],[-122.979726,69.834784],[-121.64387,69.789049],[-117.165395,68.893948],[-115.56725,68.971869],[-113.905385,68.399807],[-114.941518,68.291327],[-114.755116,68.194322],[-115.543365,67.923407],[-115.118235,67.8039],[-111.885487,67.685207],[-110.059641,68.005072],[-109.716705,67.719184],[-109.067047,67.72016],[-108.824127,67.357164],[-108.639882,67.629462],[-108.471262,67.351467],[-107.992543,67.282457],[-107.885365,67.048245],[-108.62206,67.152818],[-107.241526,66.348538],[-107.799672,66.768622],[-107.642974,67.077094],[-107.562978,66.839504],[-107.087717,66.830715],[-107.585846,67.501166],[-108.005727,67.709662],[-107.659332,67.946723],[-107.909535,67.995103],[-107.879506,68.093004],[-106.443471,68.152777],[-105.648346,68.638739],[-106.553334,68.515855],[-106.552724,68.29678],[-107.889027,68.269477],[-107.614654,68.16706],[-108.815053,68.274237],[-108.280832,68.621568],[-106.22175,68.94599],[-104.483876,68.033922],[-103.414866,68.169379],[-102.218902,67.69184],[-98.363352,67.794623],[-98.72704,67.957831],[-98.584584,68.096381],[-97.927235,67.696885],[-97.557932,67.595404],[-97.213246,67.624579],[-97.249582,67.924628],[-98.095041,67.836615],[-98.713368,68.379259],[-97.747629,68.36872],[-97.979644,68.547065],[-96.403798,68.317857],[-96.764516,68.017157],[-95.896718,68.296739],[-96.46524,67.478013],[-96.095937,67.467475],[-96.110748,67.221869],[-95.58137,67.384833],[-95.835276,67.165839],[-95.330312,67.010362],[-96.455678,67.05976],[-95.820953,66.591132],[-95.643463,66.669298],[-96.093495,66.920233],[-95.218332,66.974066],[-95.338124,67.552232],[-95.707672,67.733344],[-95.478383,68.063422],[-94.798248,68.038072],[-93.374867,68.638739],[-93.752268,68.612128],[-93.570668,68.844062],[-93.827138,69.0692],[-94.094228,68.762885],[-94.636098,68.756049],[-94.005483,69.160142],[-94.281646,69.32213],[-93.525706,69.441352],[-93.840321,69.168687],[-93.450592,69.489691],[-95.786855,69.742987],[-96.53189,70.136176],[-96.232981,70.571194],[-95.793446,70.544135],[-96.602447,70.791327],[-96.506907,71.277899],[-95.536448,71.296088],[-95.375966,71.510688],[-95.91039,71.606879],[-94.608144,71.867621],[-95.225168,71.94953],[-94.492014,71.990424],[-94.649159,71.81977],[-94.415517,71.665473],[-93.720855,71.765326],[-92.980133,71.347357],[-92.854115,70.859605],[-93.040842,70.862372],[-91.510976,70.161322],[-92.367543,70.236436],[-92.587229,70.078803],[-91.942942,70.024115],[-92.923004,69.674058],[-90.311757,69.454332],[-91.449534,69.352525],[-90.435292,68.878974],[-90.607045,68.443915],[-90.270823,68.242133],[-89.331695,69.249498],[-88.022613,68.808661],[-87.792226,68.331244],[-88.398427,68.290798],[-88.373647,67.975816],[-87.362945,67.267198],[-87.516184,67.11872],[-86.501943,67.379381],[-86.529286,67.687201],[-85.901723,68.054389],[-85.668121,68.726996],[-84.788238,68.735582],[-85.192942,68.86933],[-84.528188,69.023627],[-85.4735,69.276801],[-85.33316,69.791368],[-85.563222,69.8581],[-84.339833,69.859687],[-83.731191,69.70897],[-82.253407,69.64057],[-83.293813,69.539903],[-81.273305,69.0987],[-82.061594,68.878974],[-81.378774,68.867621],[-81.26651,68.638739],[-82.650624,68.433905],[-81.993642,68.215033],[-82.101552,67.910386],[-81.237945,67.460517],[-81.502919,67.001044],[-83.560536,66.349351],[-84.01358,66.632066],[-83.856597,66.686713],[-83.91808,66.885932],[-84.269399,66.727851],[-84.268137,66.782294],[-84.439443,66.830675],[-84.240142,66.83751],[-84.582834,66.981513],[-84.370513,66.974066],[-84.939076,67.055976],[-84.637441,66.981513],[-85.004628,66.968085],[-85.227122,66.885932],[-84.603342,66.939927],[-83.690785,66.199205],[-85.241567,66.270087],[-85.465479,66.574425],[-86.782541,66.522203],[-85.856662,66.16283],[-87.380767,65.329698],[-89.687978,65.946845],[-91.497304,65.946845],[-89.958119,65.794298],[-89.039866,65.328192],[-86.938222,65.141954],[-88.11266,64.140855],[-89.290679,64.136908],[-89.049306,63.946357],[-89.786366,64.25023],[-90.127431,64.130072],[-89.813344,63.946031],[-90.277659,64.007188],[-89.965891,63.813341],[-90.22057,63.613227],[-92.373769,63.77912],[-92.506256,63.831],[-92.751088,63.863145],[-92.786244,63.900987],[-93.44815,64.023139],[-93.634918,64.164862],[-93.77953,64.191514],[-93.647288,63.881456],[-92.099965,63.699286],[-92.545644,63.554755],[-92.467437,63.528388],[-91.778432,63.714423],[-91.39094,63.487738],[-90.784739,63.39765],[-90.976471,63.424384],[-90.626454,63.061265],[-92.452748,62.824937],[-91.888051,62.620429],[-92.61852,62.622545],[-92.827382,62.355536],[-92.47053,62.150092],[-92.744252,62.294053],[-93.252024,62.369818],[-92.764719,62.21837],[-93.617014,61.952338],[-93.264556,61.744452],[-93.984975,61.457994],[-93.986236,61.100653],[-94.800608,60.498399],[-94.660146,59.358751],[-94.999176,59.052802],[-94.204091,58.806464],[-94.361724,58.223009],[-94.177398,58.77912],[-93.189524,58.759711],[-92.423573,57.354438],[-92.881988,56.914537],[-91.031117,57.264635],[-88.879221,56.859931],[-87.61856,56.002753],[-85.127919,55.349799],[-85.389027,55.112128],[-85.417307,54.999213],[-85.053944,55.294135],[-82.330922,55.162543],[-82.430898,54.228217],[-82.11441,53.289008],[-82.301178,52.967597],[-81.478749,52.303453],[-81.82018,52.259385],[-81.882802,52.19359],[-80.594879,51.711371],[-80.429799,51.357164],[-81.012603,51.035386],[-80.136138,51.301337],[-79.334299,50.726915],[-79.696767,51.398505],[-79.323232,51.666978],[-79.011545,51.467393],[-78.953196,51.219224],[-78.847035,51.164496],[-78.690012,51.487291],[-79.038808,51.7685],[-78.408193,52.248236],[-78.984202,53.028428],[-79.114573,53.508857],[-78.923085,53.566718],[-79.156117,53.708075],[-78.901682,53.817328],[-79.292633,54.091051],[-79.046254,54.180487],[-79.765614,54.659613],[-77.781606,55.273505],[-77.13801,55.657701],[-76.681549,56.042914],[-76.515126,56.438178],[-76.532704,57.115302],[-76.949818,57.827826],[-77.470611,58.211982],[-78.566477,58.620836],[-78.565745,58.95775],[-77.67516,59.402289],[-77.915395,59.419053],[-77.778188,59.71015],[-77.570302,59.693427],[-77.442983,59.577582],[-77.312734,59.566759],[-77.545481,59.74494],[-77.189198,60.060248],[-77.634185,60.066474],[-77.408274,60.135321],[-77.742258,60.425849],[-77.41511,60.54682],[-77.829701,60.649237],[-77.51065,60.84101],[-78.196523,60.79267],[-77.476552,61.539984],[-77.989735,61.71483],[-78.154897,62.297309],[-77.471791,62.593817],[-74.558095,62.109117],[-74.755035,62.213568],[-73.670725,62.482123],[-72.62914,62.116889],[-72.795969,61.835395],[-71.995229,61.67711],[-72.085113,61.606269],[-72.243479,61.617621],[-72.30309,61.567857],[-71.580963,61.613837],[-71.891591,61.430732],[-71.583119,61.410224],[-71.822662,61.354967],[-71.572865,61.155748],[-70.155344,61.087633],[-69.915883,60.810004],[-69.585439,61.08808],[-69.36974,60.916815],[-69.82901,60.525743],[-69.59557,60.1789],[-69.794911,59.991319],[-71.035064,60.066474],[-69.561513,59.864691],[-69.755116,59.317694],[-69.232533,59.241278],[-69.542551,59.169542],[-69.45165,58.895209],[-69.863149,59.059678],[-69.801747,58.82628],[-70.254221,58.771674],[-69.813547,58.596503],[-68.773427,58.921698],[-68.191029,58.546373],[-68.354075,58.123725],[-68.970123,57.960395],[-69.36974,57.770494],[-68.417592,58.038642],[-68.006215,58.579535],[-67.862701,58.309272],[-68.129547,58.082994],[-67.862701,58.23725],[-67.738515,58.469184],[-67.71349,57.927069],[-66.382395,58.853583],[-65.944163,58.620836],[-66.053375,58.332831],[-65.827504,58.579901],[-65.982249,58.917182],[-65.319732,59.046007],[-65.717641,59.158311],[-65.357574,59.282172],[-65.559926,59.491034],[-64.983957,59.381171],[-65.497914,59.79267],[-64.983957,59.764757],[-65.229726,59.892401],[-64.860463,60.361274],[-64.380605,60.245185],[-64.636545,60.293036],[-64.758656,60.238349],[-64.380605,60.170111],[-64.828277,59.991156],[-64.377187,60.129747],[-64.518422,59.902533],[-64.182607,60.032294],[-64.264556,59.764757],[-64.147857,59.682847],[-63.921986,59.655504],[-64.031606,59.644965],[-64.120595,59.518378],[-63.727691,59.519965],[-64.060658,59.387274],[-63.380727,59.278754],[-63.442209,59.120551],[-63.973541,59.078966],[-64.039906,59.01793],[-63.131581,59.062323],[-63.32608,58.861029],[-62.844594,58.685167],[-63.593007,58.305528],[-62.558258,58.477484],[-62.907582,58.214342],[-62.635243,58.186754],[-63.079091,58.155341],[-63.339752,57.983995],[-62.462066,58.181993],[-62.305043,58.031195],[-62.534495,58.005683],[-62.674957,57.935614],[-62.140859,57.978258],[-62.118723,57.797471],[-61.886708,57.637641],[-62.533681,57.496039],[-61.35912,57.089586],[-61.904652,56.793769],[-61.6881,56.620347],[-62.503082,56.784857],[-62.088694,56.841295],[-62.585601,56.797838],[-61.712026,56.575385],[-62.147369,56.455268],[-61.60554,56.283922],[-62.078481,56.298204],[-61.344838,56.22248],[-61.455312,56.058051],[-61.234975,56.043769],[-61.503082,56.010199],[-60.728505,55.825263],[-60.943918,55.729804],[-60.601959,55.819566],[-60.681304,55.564561],[-60.334706,55.781968],[-60.482086,55.352281],[-60.327707,55.494818],[-60.194081,55.427436],[-60.687571,54.995429],[-59.776357,55.331855],[-59.963979,55.117133],[-59.430043,55.142035],[-59.735422,54.968085],[-59.921986,54.743232],[-59.159779,55.238715],[-59.382558,54.978013],[-59.027415,55.161973],[-58.913808,54.848212],[-57.350413,54.589423],[-59.579661,54.05036],[-58.371165,54.228217],[-60.13268,53.783149],[-60.136098,53.529364],[-60.859446,53.83515],[-60.920277,53.714301],[-60.06371,53.508857],[-60.412262,53.357978],[-60.128977,53.275458],[-58.840688,53.947089],[-57.795766,54.071234],[-58.356068,54.209581],[-57.466176,54.200303],[-57.075795,53.824164],[-57.549387,53.590766],[-57.377431,53.433702],[-56.479888,53.790025],[-56.726918,53.686998],[-55.979604,53.549791],[-56.263499,53.553656],[-55.746897,53.145738],[-56.165191,53.028428],[-55.802113,52.840684],[-56.162465,52.817979],[-55.753733,52.624986],[-56.500356,52.597724],[-55.74059,52.492906],[-56.19872,52.446845],[-55.616526,52.220323],[-56.966542,51.425238],[-57.685902,51.480414],[-58.671986,51.255683],[-59.007965,50.761054],[-59.087758,50.887681],[-60.134877,50.212999],[-61.717885,50.100043],[-62.709137,50.315416],[-66.46817,50.2685],[-67.376332,49.339219],[-68.444325,49.198188],[-69.676015,48.149888],[-70.369211,48.374132],[-70.987213,48.465155],[-71.069814,48.444648],[-69.735951,48.122504],[-70.75064,47.091783],[-70.956858,47.020657],[-71.341664,46.742336],[-71.880523,46.69066],[-72.994496,46.210801],[-73.979237,45.49844],[-74.379465,45.561632],[-73.961537,45.354234],[-74.15331,45.320136],[-74.712961,44.999254],[-75.270233,44.863774],[-76.797194,43.64527],[-78.750821,43.617055],[-79.17431,43.464532],[-79.019384,42.802686],[-82.451319,41.671902],[-83.159493,42.046324],[-82.526224,42.619906],[-82.145653,43.576411],[-82.532141,45.293516],[-83.636867,45.773944],[-83.462808,46.007787],[-83.964586,46.063184],[-84.110443,46.526464],[-84.566565,46.461196],[-84.87869,46.897914],[-88.347264,48.298655],[-89.363636,47.979605],[-90.873802,48.234344],[-91.574845,48.048205],[-92.97972,48.61768],[-94.592852,48.726433],[-94.839142,49.308878],[-95.160569,49.369494]]],[[[-67.176015,45.178656],[-67.807045,45.71287],[-67.813556,47.081908],[-69.221972,47.459688],[-70.892412,45.234604],[-71.334323,45.28871],[-71.50408,45.013739],[-74.712961,44.999254],[-73.518951,45.426256],[-73.156117,46.049709],[-72.189931,46.526231],[-71.867096,46.666653],[-71.714182,46.632188],[-71.30248,46.745185],[-71.157948,46.840806],[-70.973622,46.861884],[-70.534901,47.010565],[-68.824778,48.365831],[-65.565785,49.266466],[-64.552561,49.097357],[-64.188832,48.526597],[-65.285553,48.012641],[-65.895741,48.225531],[-66.84789,47.998969],[-65.81786,47.907416],[-65.635732,47.62226],[-64.800038,47.809272],[-64.908844,47.355333],[-65.367543,47.087795],[-64.799631,47.08161],[-64.559397,46.223782],[-62.749745,45.61286],[-61.911488,45.888983],[-61.237213,45.505764],[-61.461537,45.354844],[-60.998647,45.333157],[-60.968658,45.271633],[-63.661855,44.716783],[-63.523264,44.518134],[-63.632802,44.440741],[-63.888417,44.696357],[-64.305531,44.565985],[-64.269032,44.267076],[-65.474843,43.470933],[-65.861643,43.805569],[-66.121693,43.743557],[-66.190582,44.165351],[-65.840484,44.573391],[-66.180328,44.434434],[-64.477773,45.341132],[-64.155344,44.98371],[-64.115061,45.216051],[-63.360219,45.36107],[-64.576161,45.415635],[-64.929311,45.326321],[-64.264556,45.765123],[-64.545766,45.731594],[-64.531484,45.902248],[-64.748687,46.089911],[-64.572418,45.860704],[-64.771637,45.614325],[-65.752349,45.244371],[-66.135976,45.312649],[-66.001861,45.398586],[-66.009755,45.464342],[-66.440663,45.079901],[-67.176015,45.178656]]],[[[-66.904937,44.955797],[-66.91926,44.837307],[-66.98176,44.872463],[-66.904937,44.955797]]],[[[-66.947906,44.98314],[-67.016916,44.979234],[-66.938791,45.024807],[-66.947906,44.98314]]],[[[-55.843088,47.273424],[-55.92809,47.273424],[-55.949941,47.268134],[-55.888051,47.294908],[-55.843088,47.273424]]],[[[-54.126047,47.670111],[-54.244049,47.407701],[-54.362701,47.40998],[-54.126047,47.670111]]],[[[-56.109975,47.636542],[-55.924143,47.638739],[-55.877187,47.616034],[-56.109975,47.636542]]],[[[-54.0985,47.491848],[-54.081532,47.691148],[-54.081532,47.478217],[-54.0985,47.491848]]],[[[-53.67748,48.149848],[-53.618804,48.082099],[-53.875234,48.106513],[-53.931386,48.208441],[-53.67748,48.149848]]],[[[-54.679596,49.492906],[-54.698557,49.40766],[-54.749908,49.424262],[-54.679596,49.492906]]],[[[-55.733225,49.513495],[-55.65746,49.561916],[-55.657094,49.541449],[-55.733225,49.513495]]],[[[-55.725738,49.581773],[-55.572906,49.598131],[-55.670277,49.571112],[-55.725738,49.581773]]],[[[-54.744008,49.493801],[-54.884999,49.595201],[-54.529286,49.625067],[-54.744008,49.493801]]],[[[-53.987172,49.651068],[-54.269846,49.72724],[-53.978505,49.664293],[-53.987172,49.651068]]],[[[-59.341054,50.538031],[-59.376291,50.65233],[-59.337514,50.644436],[-59.295969,50.572333],[-59.341054,50.538031]]],[[[-55.619944,50.791815],[-55.52359,50.721015],[-55.64273,50.723334],[-55.619944,50.791815]]],[[[-55.63915,50.961493],[-55.547597,50.890815],[-55.623362,50.911933],[-55.63915,50.961493]]],[[[-58.479482,51.277981],[-58.474192,51.220404],[-58.562896,51.233385],[-58.479482,51.277981]]],[[[-52.628814,47.526679],[-53.066884,46.665595],[-53.554677,46.618354],[-53.56017,47.204535],[-54.188547,46.828437],[-53.807851,47.423651],[-54.081532,47.875474],[-54.26651,47.903469],[-54.403676,47.450914],[-54.83788,47.419257],[-55.250885,46.91885],[-55.73941,46.854438],[-55.97997,46.970364],[-54.698557,47.67064],[-56.161936,47.491929],[-55.629547,47.677476],[-55.914418,47.659247],[-55.73941,47.923896],[-55.780385,47.958075],[-56.791493,47.530097],[-58.261301,47.75259],[-59.146352,47.560981],[-59.405832,47.896633],[-58.272206,48.520901],[-59.262441,48.472602],[-58.768951,48.780463],[-58.958852,48.616156],[-58.713735,48.568183],[-58.398427,49.136705],[-58.357493,49.061672],[-58.213368,49.074205],[-58.068593,48.979193],[-57.884511,48.972235],[-58.228668,49.370998],[-57.700307,49.462836],[-57.94811,49.679511],[-57.154775,50.625678],[-57.396962,50.708645],[-56.925526,50.918158],[-57.089426,51.021145],[-56.720204,51.319322],[-55.892812,51.627753],[-55.404205,51.562974],[-55.596059,51.309149],[-56.089508,51.370551],[-55.733144,51.083075],[-56.161366,50.878241],[-56.856679,49.548245],[-56.116811,50.158393],[-56.191884,49.924994],[-55.465077,49.962551],[-56.130727,49.429145],[-55.370107,49.506659],[-55.314849,49.314887],[-55.314849,49.534613],[-55.198842,49.506659],[-55.212473,49.534613],[-55.15567,49.549302],[-55.136098,49.540758],[-55.383127,49.047309],[-55.082143,49.362698],[-54.816965,49.275621],[-54.469309,49.546088],[-54.483469,49.267646],[-54.044749,49.481757],[-53.492543,49.287543],[-54.197621,48.774237],[-53.604115,48.676703],[-54.164133,48.390692],[-52.984771,48.554511],[-53.925282,48.237006],[-53.941274,48.176703],[-53.905181,48.08511],[-53.663197,48.061103],[-53.908355,48.021064],[-53.608551,48.054267],[-53.928944,47.852444],[-53.553863,47.539252],[-52.923329,48.170966],[-53.259755,47.558539],[-53.129384,47.416815],[-52.876373,47.588284],[-52.772532,47.801011],[-52.628814,47.526679]]],[[[-128.009877,51.7237],[-128.050282,51.459947],[-128.156606,51.627875],[-128.009877,51.7237]]],[[[-55.286041,51.95954],[-55.427398,51.891343],[-55.270131,52.005601],[-55.286041,51.95954]]],[[[-128.017649,51.772162],[-128.15925,52.034817],[-127.95344,52.049018],[-128.017649,51.772162]]],[[[-131.12682,52.111558],[-131.07136,52.060981],[-131.023997,51.946601],[-131.12682,52.111558]]],[[[-128.076975,52.145209],[-127.961497,52.082831],[-128.122955,52.151679],[-128.076975,52.145209]]],[[[-128.162587,52.073188],[-128.290679,52.124701],[-128.145253,52.19359],[-128.162587,52.073188]]],[[[-128.447298,52.238007],[-128.339757,52.079336],[-128.522442,52.157552],[-128.447298,52.238007]]],[[[-128.071278,52.182318],[-127.98526,52.302069],[-127.907704,52.200873],[-128.071278,52.182318]]],[[[-127.751047,52.25019],[-127.238026,52.312934],[-127.90217,51.968248],[-127.751047,52.25019]]],[[[-128.763824,52.44953],[-128.623158,52.330146],[-128.679596,52.268134],[-128.763824,52.44953]]],[[[-128.732045,52.595526],[-128.497874,52.436347],[-128.817454,52.521959],[-128.732045,52.595526]]],[[[-131.452748,52.64525],[-131.65689,52.721625],[-131.674428,52.706936],[-131.452748,52.64525]]],[[[-128.318593,52.687567],[-128.46642,52.382717],[-128.391265,52.796536],[-128.318593,52.687567]]],[[[-129.101796,52.743394],[-128.981272,52.453681],[-129.275054,52.824652],[-129.101796,52.743394]]],[[[-128.274973,52.602525],[-128.322987,52.778754],[-128.173166,52.823635],[-128.274973,52.602525]]],[[[-128.509877,52.653876],[-128.535959,52.766425],[-128.502105,52.872016],[-128.509877,52.653876]]],[[[-129.572092,53.019721],[-129.620513,52.958197],[-129.653472,53.022203],[-129.572092,53.019721]]],[[[-129.618723,53.056342],[-129.519683,53.026597],[-129.687611,53.06387],[-129.618723,53.056342]]],[[[-129.693959,53.138861],[-129.588857,53.071763],[-129.742909,53.132066],[-129.693959,53.138861]]],[[[-129.46109,53.186713],[-129.394928,53.000393],[-129.550445,53.166205],[-129.46109,53.186713]]],[[[-131.983551,52.878241],[-131.279693,52.132392],[-132.342275,52.94245],[-132.113881,53.001166],[-132.565785,53.145738],[-132.373118,53.132717],[-132.0655,53.161282],[-131.797963,53.255601],[-131.59557,53.041938],[-132.004018,53.06387],[-131.613026,52.926663],[-131.922109,52.940334],[-131.983551,52.878241]]],[[[-128.803782,52.70067],[-129.121205,52.84455],[-129.016835,52.85932],[-129.070668,52.892524],[-128.837961,53.035875],[-128.877349,53.072008],[-129.183746,52.94953],[-129.078114,53.302802],[-128.538726,53.019721],[-128.594594,52.614447],[-128.664459,52.970893],[-128.803782,52.70067]]],[[[-129.139556,53.104804],[-129.275746,53.331],[-129.197825,53.321682],[-129.139556,53.104804]]],[[[-128.997222,53.543931],[-128.940012,53.32392],[-129.148183,53.363715],[-128.997222,53.543931]]],[[[-129.74295,53.235297],[-129.939443,53.168891],[-130.515289,53.630357],[-129.973988,53.457994],[-129.74295,53.235297]]],[[[-129.093861,53.508938],[-129.159983,53.627021],[-128.823638,53.708075],[-128.884267,53.576239],[-128.98054,53.584662],[-129.093861,53.508938]]],[[[-130.331858,53.62401],[-130.260894,53.797838],[-130.091664,53.570299],[-130.331858,53.62401]]],[[[-130.252797,53.892483],[-129.830963,53.735419],[-129.328718,53.263449],[-129.585032,53.2237],[-130.252797,53.892483]]],[[[-130.228871,53.953843],[-130.675771,53.961005],[-130.715484,53.857652],[-130.673899,53.989244],[-130.42162,54.100043],[-130.228871,53.953843]]],[[[-132.579416,53.207221],[-132.702952,53.378485],[-132.400136,53.330308],[-132.977284,53.556627],[-133.072865,54.166815],[-132.161041,54.00849],[-132.657948,53.690741],[-132.483795,53.577135],[-132.159169,53.699897],[-132.078521,53.892483],[-132.1822,54.043891],[-131.660797,54.166815],[-131.963043,53.282945],[-132.579416,53.207221]]],[[[-130.155873,54.141588],[-130.252797,54.19066],[-130.162506,54.160956],[-130.155873,54.141588]]],[[[-130.756459,54.214545],[-130.697621,54.114936],[-130.80484,54.173651],[-130.756459,54.214545]]],[[[-130.420644,54.331855],[-130.365387,54.242499],[-130.469106,54.303941],[-130.420644,54.331855]]],[[[-130.298451,54.253648],[-130.305043,54.333686],[-130.253041,54.311347],[-130.298451,54.253648]]],[[[-130.69107,54.367092],[-130.756012,54.393866],[-130.687571,54.399604],[-130.69107,54.367092]]],[[[-130.931223,54.622707],[-130.776926,54.55036],[-130.969106,54.461982],[-130.931223,54.622707]]],[[[-130.461781,54.712104],[-130.483551,54.81037],[-130.434316,54.769477],[-130.461781,54.712104]]],[[[-130.340443,54.736884],[-130.23998,54.730536],[-130.377675,54.698188],[-130.340443,54.736884]]],[[[-58.227366,54.871405],[-57.843577,54.824693],[-57.857249,54.803371],[-58.022288,54.756415],[-58.157094,54.763861],[-58.227366,54.871405]]],[[[-130.269846,54.831529],[-130.461578,54.831529],[-130.167388,55.016547],[-130.269846,54.831529]]],[[[-60.89981,55.876776],[-60.687571,55.92829],[-60.744944,55.886908],[-60.89981,55.876776]]],[[[-61.23233,56.099799],[-60.940663,56.018948],[-61.174143,56.032416],[-61.23233,56.099799]]],[[[-61.462148,56.408108],[-61.596995,56.333238],[-61.797353,56.421129],[-61.462148,56.408108]]],[[[-61.46231,56.550035],[-61.14684,56.442206],[-61.639638,56.496894],[-61.46231,56.550035]]],[[[-61.057485,56.626532],[-61.164906,56.69184],[-61.057485,56.633979],[-61.057485,56.626532]]],[[[-61.647125,56.736477],[-61.338694,56.935045],[-61.584706,56.771674],[-61.388417,56.623236],[-61.647125,56.736477]]],[[[-61.679351,57.537543],[-61.848948,57.415107],[-61.90038,57.448961],[-61.679351,57.537543]]],[[[-61.967112,57.589423],[-61.793935,57.50731],[-62.017079,57.51789],[-61.967112,57.589423]]],[[[-61.745188,57.713039],[-61.800404,57.844916],[-61.654124,57.789984],[-61.745188,57.713039]]],[[[-61.931386,57.915107],[-62.092152,57.815863],[-62.105784,57.838568],[-61.931386,57.915107]]],[[[-69.101971,59.131323],[-69.218902,58.963446],[-69.363515,58.963446],[-69.354156,59.14057],[-69.101971,59.131323]]],[[[-64.101918,59.862982],[-63.96288,59.751776],[-64.203114,59.74494],[-64.101918,59.862982]]],[[[-107.95051,66.857978],[-107.793446,66.994574],[-107.830678,66.902655],[-107.95051,66.857978]]],[[[-108.11498,67.036811],[-107.993642,66.956],[-107.936838,66.953559],[-108.11498,67.036811]]],[[[-107.624176,67.204535],[-107.320465,67.104438],[-107.543568,67.088446],[-107.624176,67.204535]]],[[[-107.907338,67.31684],[-108.149078,67.412909],[-107.881581,67.467475],[-107.907338,67.31684]]],[[[-108.458241,67.573676],[-108.382476,67.467475],[-108.499176,67.535793],[-108.458241,67.573676]]],[[[-108.105784,67.468207],[-108.003814,67.660549],[-107.922515,67.549506],[-108.105784,67.468207]]],[[[-97.562001,67.694037],[-97.335276,67.679755],[-97.551178,67.645331],[-97.562001,67.694037]]],[[[-109.136057,67.768134],[-109.070709,67.810981],[-109.039784,67.7897],[-109.136057,67.768134]]],[[[-114.296457,67.899563],[-113.974517,67.891791],[-113.926503,67.879096],[-114.237782,67.879096],[-114.296457,67.899563]]],[[[-113.603749,67.906317],[-113.284332,67.938544],[-113.248036,67.919989],[-113.528432,67.89525],[-113.603749,67.906317]]],[[[-111.089345,67.865424],[-110.844472,67.955552],[-110.808176,67.961005],[-110.878651,67.892524],[-111.089345,67.865424]]],[[[-108.177073,67.961005],[-108.092193,67.884711],[-108.258941,67.892727],[-108.177073,67.961005]]],[[[-108.935129,67.970649],[-108.94107,67.875881],[-109.19811,67.995103],[-108.935129,67.970649]]],[[[-98.991811,68.076606],[-98.95401,67.985093],[-99.083363,68.057196],[-98.991811,68.076606]]],[[[-109.483876,68.099311],[-109.317535,67.985175],[-109.547515,68.057196],[-109.483876,68.099311]]],[[[-110.164784,68.082017],[-109.875844,68.13227],[-110.259429,68.042914],[-110.164784,68.082017]]],[[[-109.781972,68.142646],[-109.643178,68.242621],[-109.567983,68.249579],[-109.781972,68.142646]]],[[[-111.768707,68.229926],[-111.528676,68.314032],[-111.500234,68.304185],[-111.768707,68.229926]]],[[[-100.118642,68.379299],[-100.120961,68.278632],[-100.234039,68.324042],[-100.118642,68.379299]]],[[[-111.034047,68.50967],[-110.698883,68.488593],[-111.095204,68.480048],[-111.034047,68.50967]]],[[[-110.760487,68.56623],[-110.520741,68.550686],[-110.614329,68.52261],[-110.760487,68.56623]]],[[[-104.490142,68.515855],[-104.655181,68.398017],[-105.086008,68.550686],[-104.681304,68.578559],[-104.490142,68.515855]]],[[[-113.795766,68.581732],[-113.835276,68.614447],[-113.762034,68.597805],[-113.795766,68.581732]]],[[[-114.192738,68.680976],[-114.071767,68.644599],[-114.04776,68.627183],[-114.192738,68.680976]]],[[[-101.693959,68.770331],[-101.844797,68.571112],[-102.351918,68.687201],[-102.024648,68.823798],[-101.693959,68.770331]]],[[[-114.382192,68.869208],[-114.438385,68.900377],[-114.330474,68.886176],[-114.382192,68.869208]]],[[[-100.206776,68.8039],[-100.603342,68.755561],[-100.631337,68.995673],[-100.323476,69.003119],[-100.206776,68.8039]]],[[[-100.138539,69.147121],[-100.02184,68.940375],[-100.255198,69.050279],[-100.138539,69.147121]]],[[[-101.689076,69.211168],[-101.550608,69.112982],[-101.701405,69.0987],[-101.689076,69.211168]]],[[[-135.566762,69.386054],[-135.353383,69.39704],[-135.272572,69.348822],[-135.307607,69.309149],[-135.566762,69.386054]]],[[[-100.981435,69.482245],[-101.242502,69.374335],[-101.381459,69.538153],[-101.173207,69.571682],[-100.981435,69.482245]]],[[[-96.143137,69.352525],[-96.740224,69.585354],[-96.101308,69.467271],[-96.143137,69.352525]]],[[[-133.830434,69.593492],[-134.0183,69.582506],[-133.812734,69.60578],[-133.830434,69.593492]]],[[[-95.944488,69.420844],[-95.801137,69.633124],[-95.371205,69.513577],[-95.533599,69.331448],[-95.944488,69.420844]]],[[[-139.335601,69.571682],[-138.92101,69.617011],[-138.870107,69.592108],[-139.335601,69.571682]]],[[[-135.488881,69.57925],[-135.510976,69.648383],[-135.402943,69.654202],[-135.488881,69.57925]]],[[[-102.226186,69.72606],[-102.159332,69.654242],[-102.235829,69.684638],[-102.226186,69.72606]]],[[[-95.214915,68.862209],[-96.520497,68.447577],[-99.597279,69.026679],[-98.409576,69.307807],[-98.549428,69.58511],[-98.023834,69.434638],[-98.370188,69.60578],[-97.92516,69.895941],[-96.219797,69.313951],[-95.828196,68.875881],[-95.214915,68.862209]]],[[[-97.27538,69.858873],[-97.388417,69.962388],[-97.226226,69.879543],[-97.27538,69.858873]]],[[[-125.084584,70.164862],[-125.066151,70.120795],[-125.123687,70.126614],[-125.084584,70.164862]]],[[[-113.207102,70.297838],[-113.056304,70.311347],[-112.946401,70.290432],[-113.207102,70.297838]]],[[[-100.826894,70.329006],[-100.769154,70.256903],[-100.872182,70.297838],[-100.826894,70.329006]]],[[[-112.322621,70.356187],[-111.671498,70.312161],[-112.108469,70.30093],[-112.322621,70.356187]]],[[[-116.790924,70.510728],[-116.571197,70.469794],[-116.831939,70.510728],[-116.790924,70.510728]]],[[[-116.443471,70.543158],[-116.1256,70.538072],[-116.496165,70.52383],[-116.443471,70.543158]]],[[[-116.777333,70.551703],[-116.610463,70.571031],[-116.509755,70.551703],[-116.777333,70.551703]]],[[[-115.909576,70.574774],[-115.815785,70.573676],[-116.064117,70.551703],[-115.909576,70.574774]]],[[[-117.239735,70.592719],[-116.87975,70.551703],[-117.30427,70.571601],[-117.239735,70.592719]]],[[[-128.255238,70.647162],[-128.08373,70.613186],[-128.344472,70.544867],[-128.255238,70.647162]]],[[[-100.193756,70.579047],[-100.655629,70.551581],[-100.714508,70.681464],[-100.193756,70.579047]]],[[[-125.909088,71.964342],[-125.988433,71.970404],[-125.996938,71.977037],[-125.909088,71.964342]]],[[[-110.527577,72.600491],[-110.47232,72.57331],[-110.595855,72.600653],[-110.527577,72.600491]]],[[[-110.469228,72.625393],[-110.348866,72.607489],[-110.493479,72.62051],[-110.469228,72.625393]]],[[[-110.364247,72.652777],[-110.279897,72.648424],[-110.410878,72.642239],[-110.364247,72.652777]]],[[[-100.872182,69.807807],[-101.294789,69.670478],[-101.457387,69.906155],[-101.673451,69.646715],[-102.224965,69.920478],[-102.783844,69.536851],[-103.489613,69.694525],[-103.016672,69.482245],[-103.198069,69.120307],[-102.282582,69.503648],[-101.939076,69.42064],[-102.221547,69.229071],[-101.756012,69.160142],[-102.965891,68.798651],[-105.123036,68.89643],[-104.918446,69.075141],[-106.412099,69.188056],[-106.317535,69.401313],[-106.583892,69.503607],[-107.334828,69.02558],[-109.028554,68.726752],[-113.244008,68.454413],[-113.039133,68.49494],[-113.668121,68.815375],[-113.541127,69.190741],[-115.974843,69.300198],[-117.442047,69.989407],[-114.509429,70.315253],[-112.586252,70.200019],[-111.486562,70.331977],[-113.988393,70.716213],[-117.585439,70.60635],[-118.421498,70.990546],[-115.056752,71.52497],[-118.161977,71.378974],[-117.695302,71.668362],[-119.137603,71.774359],[-118.127838,72.22724],[-118.593414,72.428697],[-118.189809,72.635443],[-114.584299,73.384589],[-113.958363,73.140123],[-113.981068,72.809149],[-114.546132,72.567816],[-113.659576,72.613105],[-113.015004,73.016018],[-111.219635,72.724107],[-111.887522,72.367743],[-111.753326,72.207099],[-110.704091,72.578803],[-109.780263,72.436184],[-110.29426,72.675727],[-109.773427,72.716702],[-110.735707,73.00137],[-109.622629,72.915961],[-108.633412,72.565579],[-108.245961,71.722968],[-107.740956,71.61815],[-107.251576,71.901679],[-107.779164,72.141303],[-108.298329,73.133775],[-107.867909,73.189643],[-108.087636,73.354153],[-106.873443,73.315579],[-105.367177,72.792426],[-105.024566,72.072984],[-104.365346,71.577216],[-104.591176,71.073188],[-103.571848,70.605536],[-101.022288,70.186225],[-100.872182,69.807807]]],[[[-74.472157,66.148586],[-72.193349,67.275702],[-72.994618,68.235907],[-73.844431,68.349595],[-73.755605,68.687201],[-74.187571,68.729397],[-73.885203,68.554877],[-74.220041,68.515815],[-74.982737,68.811265],[-74.684804,68.879828],[-75.044138,68.906928],[-74.809071,69.083319],[-76.624989,68.682359],[-76.638132,69.015937],[-75.59557,69.229071],[-76.629587,69.545966],[-76.181874,69.667873],[-77.20287,69.646715],[-76.794789,69.72248],[-77.312815,69.841986],[-76.976389,69.942206],[-77.634267,69.824897],[-77.614369,69.742987],[-77.682688,69.824897],[-77.703928,70.201239],[-79.100942,70.503323],[-78.839915,70.635688],[-79.591257,70.411322],[-78.925364,70.302069],[-78.799916,69.879543],[-81.762441,70.12287],[-80.770334,69.782294],[-80.951243,69.715033],[-81.567576,69.96955],[-83.047922,70.312161],[-81.711537,69.93476],[-85.782908,69.995185],[-86.549875,70.236477],[-86.59081,70.366767],[-86.296986,70.477444],[-86.37092,70.526597],[-87.852528,70.237982],[-88.907216,70.544867],[-89.557729,71.092963],[-87.002309,70.996772],[-89.853139,71.339342],[-90.044911,71.596666],[-89.797922,71.764594],[-90.118601,71.92886],[-89.578196,72.162421],[-89.912953,72.425971],[-88.687489,73.423041],[-87.134104,73.80272],[-85.105702,73.811998],[-84.836741,73.745185],[-86.737538,72.730943],[-86.242014,72.422512],[-86.408193,72.005805],[-84.837636,71.286566],[-85.193186,71.299302],[-86.823557,70.990546],[-84.972605,71.196194],[-85.145212,71.086127],[-84.799184,70.927883],[-84.622385,71.665839],[-85.257883,71.668362],[-85.555531,71.901679],[-86.021352,71.984117],[-86.050649,72.014553],[-85.47643,72.266262],[-84.16454,72.024604],[-84.939158,72.292141],[-84.432078,72.381537],[-85.514516,72.463446],[-85.682078,72.893622],[-83.95287,72.758246],[-85.463572,73.111884],[-83.637563,72.984809],[-85.192983,73.231269],[-84.342641,73.231269],[-84.65803,73.395087],[-84.1822,73.477688],[-83.605173,73.3015],[-84.007517,73.50495],[-82.831125,73.736721],[-81.528391,73.716213],[-80.245473,72.737779],[-81.382639,72.24433],[-80.506215,72.497626],[-80.97175,72.203355],[-80.566884,72.082261],[-81.026316,72.093492],[-80.800404,72.017768],[-80.985341,71.888088],[-80.396677,72.050116],[-80.245229,72.299872],[-80.00532,72.182847],[-79.676381,72.127631],[-80.169789,72.326321],[-79.818837,72.506415],[-79.593821,72.340522],[-79.768015,72.222357],[-78.957224,72.283108],[-79.230662,71.976264],[-78.504465,71.874457],[-78.830434,72.172675],[-77.747629,71.751695],[-78.875071,72.230658],[-76.997426,72.134467],[-78.554758,72.44481],[-77.601023,72.755805],[-75.198354,72.497626],[-74.941721,72.257392],[-76.028757,72.08869],[-76.414622,71.860785],[-75.657704,72.124335],[-75.222279,72.069281],[-75.585398,72.004096],[-76.099924,71.696275],[-75.866444,71.707953],[-75.063181,72.128241],[-74.242258,72.079901],[-74.214955,71.837144],[-75.414052,71.52497],[-74.649403,71.67886],[-74.732249,71.582994],[-75.019602,71.542711],[-75.153391,71.469713],[-74.704661,71.394924],[-75.045888,71.187201],[-74.630971,71.390204],[-74.522654,71.662584],[-73.620961,71.772528],[-74.317942,71.415107],[-74.029978,71.442369],[-74.242258,71.202826],[-73.563791,71.558498],[-73.638905,71.3605],[-73.378855,71.387152],[-73.899607,71.059475],[-73.440907,71.346829],[-73.049875,71.270453],[-73.276438,71.223334],[-73.454579,71.031562],[-73.378855,70.9831],[-72.549428,71.665107],[-71.117055,71.270453],[-71.47053,71.06566],[-72.045115,71.084784],[-72.776112,70.81802],[-72.165354,70.839748],[-72.570668,70.613186],[-70.621449,71.069322],[-70.805531,70.724351],[-71.576365,70.613186],[-71.967356,70.421373],[-71.168894,70.535102],[-71.542226,70.024115],[-70.985341,70.633694],[-69.914988,70.879869],[-69.774485,70.856187],[-70.448679,70.635199],[-70.494496,70.482856],[-69.473459,70.791327],[-68.362253,70.584296],[-68.458608,70.372992],[-69.808339,70.166693],[-70.472768,69.845404],[-68.643625,70.14704],[-69.788157,69.832343],[-69.99116,69.677436],[-69.982045,69.617825],[-67.808542,70.263739],[-67.115468,69.728664],[-68.013051,69.776068],[-70.021555,69.536851],[-66.788035,69.340033],[-66.742258,69.136868],[-67.678049,69.177191],[-68.197947,69.310981],[-69.013539,69.359361],[-69.260569,69.276801],[-68.082509,69.219672],[-68.96406,69.223456],[-68.507029,69.201117],[-69.069895,69.113715],[-69.018259,68.968411],[-68.373362,69.179592],[-67.704457,69.023627],[-68.492787,68.899482],[-67.773386,68.784003],[-68.582509,68.849921],[-68.619578,68.7862],[-69.302073,68.882758],[-69.397776,68.858466],[-68.047719,68.687201],[-68.105662,68.630194],[-68.643992,68.665351],[-68.904286,68.605211],[-67.958363,68.399807],[-66.663564,68.440823],[-67.403147,68.396959],[-67.793894,68.337714],[-67.876169,68.283393],[-67.032541,68.326646],[-67.602122,68.16706],[-66.788157,68.249416],[-66.971425,68.036689],[-66.738718,67.988959],[-66.58141,68.148383],[-66.313547,68.129136],[-66.745554,67.879096],[-66.388661,67.78148],[-65.928171,68.164781],[-66.01179,67.636623],[-65.809641,67.974921],[-65.451894,67.998603],[-65.614451,67.789455],[-65.361155,67.597886],[-65.419423,67.913764],[-64.749705,68.000718],[-65.066599,67.934272],[-65.194814,67.643744],[-64.503489,67.806545],[-64.641428,67.666734],[-64.041982,67.536526],[-64.44343,67.481147],[-63.908396,67.30683],[-64.799672,67.351467],[-63.962961,67.275702],[-64.60912,67.140286],[-64.700388,67.008857],[-63.449086,67.227973],[-63.768056,67.025946],[-63.800404,66.992987],[-63.771189,66.960395],[-63.163645,67.337551],[-62.976918,67.221869],[-63.236765,66.974066],[-63.550649,66.906806],[-63.614573,66.82982],[-63.819651,66.817084],[-63.528025,66.818183],[-63.442454,66.910834],[-63.428456,66.707831],[-62.865305,66.969143],[-62.901601,66.638251],[-62.74706,66.943061],[-62.31135,66.727688],[-62.425038,66.928209],[-62.090037,67.05976],[-61.267527,66.631578],[-61.438222,66.546536],[-61.999257,66.698879],[-62.188425,66.632066],[-61.564646,66.344062],[-62.894154,66.337226],[-61.954213,66.019761],[-62.318796,65.980943],[-62.923655,66.15119],[-63.0655,66.124335],[-62.291493,65.822699],[-62.870798,65.908149],[-62.571767,65.7626],[-62.846384,65.768704],[-62.598012,65.674872],[-62.657175,65.588772],[-63.510081,65.93651],[-63.346669,65.672512],[-63.721425,65.679267],[-63.291371,65.432318],[-63.6551,65.467027],[-63.313303,65.209784],[-63.535024,64.898505],[-63.809071,65.185858],[-64.278269,65.103949],[-64.07905,65.200141],[-64.374338,65.179267],[-64.237375,65.432318],[-64.557118,65.093207],[-64.91511,65.343492],[-64.458485,65.421088],[-64.40864,65.480699],[-65.169626,65.487494],[-64.929392,65.52851],[-64.710317,65.65884],[-65.340891,65.583157],[-64.792226,65.727729],[-65.50536,65.755072],[-64.353993,66.350287],[-65.899403,65.953681],[-65.960398,66.05268],[-65.63915,66.172756],[-65.477488,66.391832],[-66.011912,66.117499],[-66.520823,66.218695],[-66.443227,66.414252],[-67.060251,66.645738],[-66.88268,66.570014],[-67.746083,66.570014],[-67.145985,66.302802],[-67.398915,66.296454],[-67.629384,66.446479],[-67.992502,66.508531],[-67.187123,65.916164],[-67.9228,65.903225],[-67.972646,66.083441],[-68.513539,66.303127],[-68.84968,66.193305],[-68.027292,66.075914],[-68.34789,66.039781],[-67.81432,65.815863],[-68.033437,65.487494],[-67.273142,65.645209],[-67.458689,65.501166],[-67.059885,65.424058],[-67.417104,65.35102],[-66.937327,65.241156],[-67.108632,65.062323],[-66.725046,65.185858],[-66.916819,65.049302],[-66.70519,64.768785],[-66.6822,65.044176],[-66.149648,64.870551],[-66.217966,64.69245],[-65.716786,64.844224],[-65.706858,64.490058],[-65.073435,64.449123],[-65.656199,64.301418],[-64.666127,64.03262],[-64.991444,63.828437],[-64.522328,63.669094],[-64.536814,63.255194],[-64.717112,63.280992],[-64.942698,63.632717],[-65.302439,63.81273],[-64.902089,63.239407],[-65.149119,63.287787],[-64.627756,62.911078],[-65.272043,63.006659],[-64.929392,62.643541],[-65.169626,62.568427],[-65.32726,62.917873],[-66.396718,62.999823],[-66.643666,63.374579],[-66.550404,62.996283],[-67.924184,63.767564],[-67.697703,63.369696],[-68.993031,63.760728],[-67.985666,63.075507],[-67.611318,63.097113],[-67.80073,63.014106],[-67.773386,62.958808],[-65.987131,62.242092],[-66.204294,62.116604],[-66.0631,61.874945],[-71.15803,62.993598],[-70.822825,63.130113],[-70.926462,63.172553],[-71.402048,63.055569],[-72.142323,63.44831],[-71.614451,63.426907],[-71.226918,63.602484],[-72.666249,63.856391],[-72.591176,64.027655],[-72.663197,64.08393],[-73.386301,64.28148],[-73.167185,64.590033],[-73.30309,64.665717],[-73.921702,64.60928],[-73.782908,64.48017],[-74.077748,64.329332],[-74.049794,64.725898],[-74.39448,64.57685],[-74.646311,64.904731],[-74.988881,64.802314],[-74.468739,64.562079],[-74.68102,64.377753],[-75.820017,64.622219],[-75.736033,64.372463],[-76.710927,64.305365],[-76.688954,64.191555],[-77.853993,64.370307],[-78.299021,64.706732],[-77.312815,65.200141],[-77.391591,65.47309],[-75.797922,65.232327],[-75.41865,65.030463],[-75.667917,64.945624],[-75.537587,64.781195],[-75.296986,64.734076],[-75.571726,64.884223],[-75.262563,64.957017],[-75.19872,65.105699],[-75.949086,65.322455],[-73.474436,65.459621],[-74.472157,66.148586]]],[[[-115.323638,73.508694],[-119.163889,72.629828],[-119.340159,72.346747],[-120.25475,72.26081],[-120.635243,71.491441],[-122.79776,71.087795],[-125.253407,71.955715],[-124.958892,71.96662],[-125.877553,71.964016],[-124.952382,72.569648],[-125.113433,72.867499],[-124.475982,72.933051],[-124.859934,73.090318],[-123.773752,73.765611],[-124.755686,74.348578],[-121.5808,74.555854],[-119.5183,74.231147],[-119.817983,74.104315],[-119.765248,74.035346],[-119.144358,74.209052],[-119.18932,73.992174],[-117.416493,74.232489],[-115.323638,73.508694]]],[[[-123.305287,48.618801],[-123.302887,48.596991],[-123.337473,48.648424],[-123.305287,48.618801]]],[[[-123.496002,48.845526],[-123.531117,48.734361],[-123.59557,48.951809],[-123.496002,48.845526]]],[[[-123.394521,48.872382],[-123.697255,49.10932],[-123.317128,48.869818],[-123.394521,48.872382]]],[[[-123.833852,49.201158],[-123.776682,49.133287],[-123.869781,49.190497],[-123.833852,49.201158]]],[[[-126.006459,49.214057],[-125.968902,49.148749],[-126.035024,49.201809],[-126.006459,49.214057]]],[[[-126.131703,49.396796],[-126.223541,49.277086],[-126.231435,49.378607],[-126.131703,49.396796]]],[[[-123.349965,49.417548],[-123.375885,49.337104],[-123.429433,49.346747],[-123.349965,49.417548]]],[[[-124.354604,49.522406],[-124.171702,49.454739],[-124.379058,49.50727],[-124.354604,49.522406]]],[[[-123.342681,49.442939],[-123.418121,49.530911],[-123.322499,49.48607],[-123.342681,49.442939]]],[[[-124.683746,49.549262],[-124.662913,49.49433],[-124.703765,49.521186],[-124.683746,49.549262]]],[[[-124.836049,49.597724],[-124.690826,49.482856],[-124.825429,49.540107],[-124.836049,49.597724]]],[[[-124.074534,49.74136],[-124.205068,49.705268],[-124.020131,49.780992],[-124.074534,49.74136]]],[[[-124.664418,49.746894],[-124.34789,49.704169],[-124.123158,49.499823],[-124.438832,49.611884],[-124.664418,49.746894]]],[[[-126.768544,49.88345],[-126.679433,49.591783],[-126.98705,49.815131],[-126.768544,49.88345]]],[[[-127.286,50.037055],[-127.272328,49.977973],[-127.318593,49.999579],[-127.286,50.037055]]],[[[-125.005483,50.017646],[-124.995676,50.232082],[-124.890981,50.069037],[-125.005483,50.017646]]],[[[-125.171457,50.21898],[-125.32372,50.143256],[-125.336008,50.274482],[-125.171457,50.21898]]],[[[-124.832346,50.117377],[-124.917063,50.303453],[-124.753774,50.16828],[-124.832346,50.117377]]],[[[-124.723297,50.292873],[-124.725087,50.304511],[-124.650746,50.224433],[-124.723297,50.292873]]],[[[-125.212473,50.322252],[-125.287953,50.437405],[-125.047963,50.205552],[-125.142201,50.1258],[-125.136098,50.232367],[-125.212473,50.322252]]],[[[-125.546864,50.443427],[-125.635813,50.382514],[-125.783355,50.397406],[-125.546864,50.443427]]],[[[-125.478017,50.429511],[-125.392405,50.367418],[-125.544789,50.377834],[-125.478017,50.429511]]],[[[-125.805816,50.475043],[-125.823638,50.40884],[-125.965443,50.438218],[-125.805816,50.475043]]],[[[-126.586903,50.594875],[-126.614898,50.55268],[-126.670888,50.589586],[-126.586903,50.594875]]],[[[-126.367584,50.582953],[-126.226674,50.569281],[-126.624501,50.534573],[-126.367584,50.582953]]],[[[-126.471262,50.628241],[-126.363515,50.618842],[-126.558502,50.603176],[-126.471262,50.628241]]],[[[-127.107493,50.671088],[-126.833079,50.62523],[-127.15038,50.63996],[-127.107493,50.671088]]],[[[-126.617665,50.672309],[-126.289459,50.828559],[-126.178863,50.7508],[-126.288075,50.654608],[-126.617665,50.672309]]],[[[-126.562408,50.802069],[-126.9051,50.829332],[-126.640981,50.849799],[-126.562408,50.802069]]],[[[-123.321197,48.495836],[-123.65392,48.314276],[-125.093984,48.730048],[-125.18517,48.800971],[-124.846995,49.020453],[-124.779408,49.152045],[-124.80842,49.246568],[-124.907704,49.006415],[-125.606557,48.961859],[-125.871693,49.090155],[-125.612945,49.206366],[-125.77477,49.370103],[-126.028066,49.273871],[-125.950917,49.320258],[-125.911977,49.438381],[-126.572662,49.414293],[-126.107493,49.683295],[-126.843617,49.973456],[-127.141916,49.866645],[-127.096913,50.150946],[-127.898101,50.114081],[-127.925771,50.462104],[-127.446929,50.376899],[-127.419016,50.603461],[-128.06017,50.452582],[-128.417226,50.771877],[-125.476715,50.339016],[-125.178334,49.924994],[-124.882069,49.724921],[-124.976226,49.668036],[-124.794749,49.472561],[-123.954945,49.229193],[-123.535471,48.540107],[-123.321197,48.495836]]],[[[-127.915395,50.939643],[-127.874989,50.890367],[-127.983022,50.916734],[-127.915395,50.939643]]],[[[-127.557851,51.089301],[-127.541982,51.052151],[-127.611684,51.0751],[-127.557851,51.089301]]],[[[-131.759429,52.857123],[-131.74352,52.811347],[-131.837636,52.840969],[-131.759429,52.857123]]],[[[-132.364735,53.00731],[-132.30309,52.966702],[-132.382558,53.004096],[-132.364735,53.00731]]],[[[-133.061391,54.256252],[-133.000478,54.19009],[-133.081776,54.231757],[-133.061391,54.256252]]],[[[-64.641347,60.492255],[-64.426666,60.2862],[-64.861562,60.465522],[-64.641347,60.492255]]],[[[-67.880798,60.496805],[-67.972847,60.290296],[-68.419382,60.209676],[-68.241306,60.585606],[-67.880798,60.496805]]],[[[-64.716461,60.604926],[-64.625559,60.614569],[-64.713531,60.597642],[-64.716461,60.604926]]],[[[-78.616078,60.776435],[-78.278472,60.772773],[-78.696116,60.714097],[-78.616078,60.776435]]],[[[-64.71703,61.663479],[-64.975413,61.349351],[-65.484242,61.622504],[-64.71703,61.663479]]],[[[-65.791493,61.872504],[-65.691518,61.750393],[-65.946401,61.801093],[-65.791493,61.872504]]],[[[-93.066396,61.937812],[-93.058909,61.829901],[-93.22468,61.90644],[-93.066396,61.937812]]],[[[-65.147328,61.783922],[-64.977773,61.896877],[-64.82787,61.761176],[-65.147328,61.783922]]],[[[-92.374908,62.390326],[-92.14151,62.403957],[-92.14151,62.39647],[-92.374908,62.390326]]],[[[-79.28246,62.269924],[-79.75886,61.58218],[-80.261091,61.856298],[-79.934565,62.37805],[-79.28246,62.269924]]],[[[-92.599233,62.400092],[-92.52892,62.43301],[-92.402211,62.410793],[-92.599233,62.400092]]],[[[-64.380605,62.527493],[-64.594146,62.369818],[-64.96349,62.464789],[-64.80134,62.568508],[-64.380605,62.527493]]],[[[-77.886952,62.599189],[-77.860585,62.550482],[-78.113352,62.574652],[-77.886952,62.599189]]],[[[-77.833485,62.602607],[-77.620513,62.588324],[-77.762074,62.540025],[-77.833485,62.602607]]],[[[-64.840566,62.582099],[-65.11441,62.538479],[-65.141591,62.554145],[-64.840566,62.582099]]],[[[-91.670725,62.671047],[-91.575103,62.624416],[-91.689076,62.670844],[-91.670725,62.671047]]],[[[-91.271352,62.691962],[-91.04483,62.682563],[-90.983998,62.664008],[-91.271352,62.691962]]],[[[-74.530141,62.753363],[-73.964711,62.609442],[-74.653066,62.719306],[-74.530141,62.753363]]],[[[-70.24059,62.615627],[-70.727895,62.553412],[-71.235951,62.88642],[-70.492493,62.766957],[-70.24059,62.615627]]],[[[-83.418691,62.892279],[-81.862375,62.92475],[-81.939809,62.711615],[-83.066151,62.187161],[-83.70519,62.1435],[-83.939809,62.423814],[-83.418691,62.892279]]],[[[-90.651112,63.490302],[-90.702219,63.444892],[-90.756825,63.500067],[-90.651112,63.490302]]],[[[-77.537994,63.287787],[-77.940764,63.087149],[-78.544272,63.449184],[-77.844309,63.47248],[-77.537994,63.287787]]],[[[-90.761301,63.553941],[-90.811757,63.500067],[-90.969716,63.554755],[-90.761301,63.553941]]],[[[-91.539133,63.607001],[-91.359486,63.592719],[-91.298655,63.567776],[-91.539133,63.607001]]],[[[-64.086415,63.335028],[-64.279205,63.341132],[-64.497914,63.616767],[-64.354888,63.66885],[-64.086415,63.335028]]],[[[-77.446116,63.661119],[-76.544911,63.466539],[-76.982086,63.407294],[-77.446116,63.661119]]],[[[-72.5006,63.712795],[-72.599721,63.646674],[-72.782867,63.664537],[-72.5006,63.712795]]],[[[-92.996897,63.913235],[-92.971669,63.874661],[-93.093658,63.910956],[-92.996897,63.913235]]],[[[-64.888336,63.794908],[-64.562571,63.908596],[-64.388051,63.732856],[-64.457672,63.677395],[-64.888336,63.794908]]],[[[-77.737213,63.932074],[-77.905385,64.024482],[-77.545481,64.027655],[-77.737213,63.932074]]],[[[-81.423085,64.196479],[-81.536773,64.223212],[-81.382558,64.213202],[-81.423085,64.196479]]],[[[-73.337758,64.239936],[-73.173329,64.205797],[-73.39981,64.164862],[-73.337758,64.239936]]],[[[-73.684193,64.524807],[-73.515289,64.370307],[-73.654205,64.323228],[-73.684193,64.524807]]],[[[-65.39094,64.562079],[-65.411936,64.739814],[-65.209828,64.643988],[-65.39094,64.562079]]],[[[-62.469635,65.748847],[-62.134389,65.654527],[-62.485707,65.7237],[-62.469635,65.748847]]],[[[-83.28954,65.835191],[-83.582509,65.861518],[-83.291168,65.846869],[-83.28954,65.835191]]],[[[-80.183339,63.767564],[-81.124908,63.463813],[-82.48176,63.685207],[-82.37092,63.913031],[-83.084543,63.958197],[-83.084299,64.189846],[-85.273915,63.123358],[-85.635162,63.243109],[-85.713735,63.7744],[-87.223785,63.660142],[-86.19286,64.10342],[-86.419423,64.596869],[-86.151519,65.396145],[-85.486511,65.924136],[-84.931793,65.218207],[-84.554677,65.485907],[-81.771311,64.51203],[-81.606597,64.134101],[-81.991607,63.998725],[-80.888783,64.122626],[-80.183339,63.767564]]],[[[-85.11266,65.762112],[-84.857167,65.966702],[-84.574086,65.635647],[-85.11266,65.762112]]],[[[-83.685292,65.755072],[-84.457834,66.146145],[-84.021352,66.087714],[-83.786366,65.812812],[-83.21231,65.706],[-83.838857,65.652248],[-83.685292,65.755072]]],[[[-83.077626,66.197821],[-83.233144,66.344062],[-82.904449,66.268378],[-83.077626,66.197821]]],[[[-62.40746,67.186957],[-62.746897,67.018052],[-62.901519,67.063422],[-62.638987,67.178412],[-62.40746,67.186957]]],[[[-63.631581,67.356106],[-63.360219,67.29621],[-63.83316,67.289984],[-63.631581,67.356106]]],[[[-63.757476,67.522773],[-63.982411,67.506741],[-64.037994,67.529608],[-63.954701,67.654975],[-63.757476,67.522773]]],[[[-73.358266,67.83808],[-74.402333,67.778876],[-74.775217,68.029364],[-74.338368,68.180732],[-73.358266,67.83808]]],[[[-66.661122,68.209459],[-66.183095,68.262641],[-66.270579,68.161444],[-66.661122,68.209459]]],[[[-86.577138,68.290595],[-86.372467,67.936591],[-86.680084,67.735053],[-86.987375,68.084296],[-86.577138,68.290595]]],[[[-75.033518,68.173285],[-75.065053,67.552436],[-75.595855,67.311103],[-76.981557,67.243313],[-77.322662,67.707994],[-76.688873,68.262641],[-75.033518,68.173285]]],[[[-79.156117,68.34455],[-78.829986,68.252672],[-79.183461,68.221666],[-79.156117,68.34455]]],[[[-82.000111,68.351386],[-82.149322,68.334418],[-82.348948,68.365058],[-82.000111,68.351386]]],[[[-74.221669,68.249579],[-74.29776,68.464423],[-74.080719,68.332709],[-74.221669,68.249579]]],[[[-78.46345,68.619534],[-78.784088,68.445868],[-78.97057,68.474921],[-78.46345,68.619534]]],[[[-74.788197,68.561347],[-74.792592,68.675686],[-74.517079,68.564276],[-74.788197,68.561347]]],[[[-75.019887,68.680976],[-74.996246,68.337714],[-75.40038,68.60871],[-75.019887,68.680976]]],[[[-68.417592,68.817532],[-67.663442,68.701402],[-68.458567,68.793647],[-68.417592,68.817532]]],[[[-90.154693,69.139635],[-90.127431,69.057766],[-90.276763,69.114],[-90.154693,69.139635]]],[[[-90.618967,69.37637],[-90.685414,69.229071],[-90.777008,69.328681],[-90.618967,69.37637]]],[[[-78.214019,69.302883],[-79.423004,68.927395],[-78.710113,69.34162],[-78.214019,69.302883]]],[[[-90.201894,69.448147],[-90.327626,69.238959],[-90.506744,69.366645],[-90.201894,69.448147]]],[[[-76.692291,69.410875],[-76.901194,69.105536],[-77.387196,69.266547],[-77.250111,69.435126],[-76.692291,69.410875]]],[[[-67.52009,69.60578],[-67.307769,69.558051],[-67.752838,69.523261],[-67.52009,69.60578]]],[[[-67.731068,69.658759],[-67.967437,69.529853],[-68.307729,69.592108],[-67.731068,69.658759]]],[[[-78.566477,69.646715],[-77.942047,69.646715],[-78.880727,69.480658],[-78.566477,69.646715]]],[[[-79.326812,69.708808],[-79.998647,69.500149],[-80.814036,69.694525],[-79.326812,69.708808]]],[[[-83.701039,69.722805],[-83.897572,69.818671],[-83.527659,69.790758],[-83.701039,69.722805]]],[[[-91.840199,69.824897],[-91.747548,69.883002],[-91.641265,69.859687],[-91.840199,69.824897]]],[[[-91.408518,69.879543],[-91.556793,69.729193],[-91.737457,69.797593],[-91.408518,69.879543]]],[[[-86.776926,69.971259],[-87.379018,70.106024],[-86.460357,70.01675],[-86.776926,69.971259]]],[[[-72.228017,70.921698],[-71.343495,71.007636],[-72.002065,70.811916],[-72.228017,70.921698]]],[[[-72.953603,71.517524],[-73.053578,71.296373],[-73.378774,71.517524],[-73.139312,71.420844],[-72.953603,71.517524]]],[[[-72.926259,71.655341],[-72.765289,71.528998],[-73.043568,71.586412],[-72.926259,71.655341]]],[[[-95.451731,71.825995],[-95.318471,71.742499],[-95.492055,71.743476],[-95.451731,71.825995]]],[[[-95.793202,72.880561],[-95.732289,72.807685],[-95.855784,72.860663],[-95.793202,72.880561]]],[[[-96.753285,72.724107],[-96.759389,72.896186],[-96.648305,72.80093],[-96.753285,72.724107]]],[[[-97.072011,73.138129],[-96.809193,73.192084],[-96.568267,73.052476],[-96.973012,72.929633],[-97.072011,73.138129]]],[[[-107.993967,73.546576],[-107.848866,73.633368],[-107.579945,73.600531],[-107.993967,73.546576]]],[[[-104.680898,73.629828],[-104.572662,73.33218],[-105.284983,72.851386],[-107.039296,73.484442],[-106.599599,73.710639],[-104.680898,73.629828]]],[[[-80.903391,73.607367],[-78.113759,73.665717],[-76.058258,72.901679],[-79.56843,72.759833],[-80.00182,72.871243],[-80.163808,73.233385],[-80.860097,73.318996],[-80.697336,73.484442],[-80.903391,73.607367]]],[[[-96.32127,72.466864],[-96.876812,72.326321],[-96.53416,72.24433],[-96.869284,72.045111],[-96.493226,72.028022],[-96.766948,71.922268],[-96.588766,71.820746],[-97.685283,71.618394],[-98.252788,71.669989],[-98.359274,71.734361],[-98.213115,71.881252],[-98.295025,71.901679],[-98.500469,71.722968],[-98.04181,71.531195],[-98.729961,71.271715],[-102.755962,72.812323],[-101.947816,73.093451],[-101.333558,72.724799],[-100.448345,72.738105],[-100.467429,73.018988],[-100.035462,72.943834],[-100.556255,73.231269],[-100.35138,73.29267],[-100.038677,73.193671],[-99.768617,73.210761],[-101.625632,73.49136],[-100.420269,73.419257],[-101.118552,73.724066],[-100.885845,73.832099],[-99.802715,73.936957],[-99.191224,73.690253],[-97.773906,73.918891],[-96.938213,73.686835],[-97.643942,73.5397],[-97.150493,73.395087],[-98.49404,73.01789],[-98.446188,72.872504],[-97.255962,72.962063],[-97.4186,72.860663],[-97.025615,72.729478],[-97.19391,72.615058],[-96.537578,72.752021],[-96.32127,72.466864]]],[[[-98.143422,73.878404],[-99.440256,73.909003],[-97.643219,74.072211],[-98.143422,73.878404]]],[[[-90.291005,73.923285],[-92.095815,72.746243],[-94.32079,72.765082],[-93.464223,72.463446],[-94.233876,72.032416],[-94.060129,71.983629],[-94.34496,72.025621],[-95.211497,71.994208],[-94.790435,72.159939],[-95.176747,72.154975],[-95.135732,72.463446],[-95.717397,72.997138],[-95.513254,73.133734],[-95.719228,73.690579],[-94.622426,73.655748],[-95.330922,73.917467],[-94.72057,74.101386],[-90.291005,73.923285]]],[[[-97.736806,74.471381],[-97.503041,74.623033],[-97.260365,74.597968],[-97.377065,74.512356],[-97.736806,74.471381]]],[[[-95.563222,74.64289],[-95.255605,74.518785],[-95.870025,74.581244],[-95.563222,74.64289]]],[[[-103.638417,75.19953],[-104.229482,75.018866],[-104.929555,75.141099],[-104.403228,75.432603],[-103.638417,75.19953]]],[[[-93.676503,75.362047],[-93.533111,74.6706],[-94.724192,74.631781],[-96.616119,74.991523],[-95.780019,75.382514],[-96.155507,75.408026],[-94.899526,75.644721],[-93.676503,75.362047]]],[[[-95.91039,75.560696],[-97.054921,75.499213],[-96.375111,75.65998],[-95.91039,75.560696]]],[[[-121.022613,75.823472],[-120.991119,75.763007],[-121.293446,75.759955],[-121.022613,75.823472]]],[[[-102.604807,75.77261],[-103.386586,75.766099],[-101.981313,75.951728],[-102.604807,75.77261]]],[[[-94.532338,75.998033],[-94.294586,75.775702],[-94.910471,75.937445],[-94.532338,75.998033]]],[[[-102.318512,76.044135],[-103.69164,75.888983],[-103.976226,75.944281],[-102.318512,76.044135]]],[[[-117.462514,76.088284],[-118.613922,75.50373],[-119.409047,75.60163],[-117.462514,76.088284]]],[[[-78.895416,76.122992],[-79.176015,75.957953],[-78.896474,75.842597],[-79.752024,75.882799],[-78.895416,76.122992]]],[[[-81.204416,76.184475],[-81.436147,76.154731],[-81.465077,76.164008],[-81.204416,76.184475]]],[[[-102.530629,76.157172],[-104.478139,76.14704],[-102.726633,76.315619],[-102.530629,76.157172]]],[[[-89.524973,76.480414],[-89.407379,76.437934],[-89.626536,76.451361],[-89.524973,76.480414]]],[[[-83.911244,76.471869],[-84.123443,76.451361],[-84.137807,76.514065],[-83.911244,76.471869]]],[[[-104.377675,76.324856],[-104.681304,76.6022],[-103.010406,76.423489],[-104.377675,76.324856]]],[[[-97.939361,75.745673],[-97.280873,75.403022],[-97.724233,75.572211],[-98.041819,75.484931],[-97.774281,75.42414],[-98.116689,75.298],[-97.568837,75.149807],[-98.103261,75.225531],[-97.975819,75.014472],[-99.645416,74.97602],[-100.368764,75.023098],[-100.549428,75.205024],[-99.98705,75.238593],[-100.782135,75.355211],[-98.894195,75.699652],[-102.633412,75.498114],[-102.881663,75.617825],[-102.009267,75.704657],[-102.262278,75.869818],[-101.275787,75.745673],[-100.913157,75.814521],[-101.550608,75.869818],[-101.303538,76.020657],[-101.902903,76.105902],[-101.385487,76.253363],[-102.167551,76.239081],[-102.035146,76.412787],[-101.321645,76.414537],[-99.947092,75.87519],[-99.440256,75.972235],[-100.221059,76.136054],[-99.683746,76.123765],[-99.418528,76.164008],[-100.988189,76.506578],[-99.64094,76.637437],[-99.070302,76.404202],[-98.455312,76.682074],[-97.66511,76.486151],[-97.570221,75.86522],[-97.939361,75.745673]]],[[[-100.333485,76.714545],[-101.687123,76.588568],[-100.247711,76.739407],[-100.333485,76.714545]]],[[[-89.674957,76.732611],[-89.977366,76.477729],[-90.594472,76.750881],[-89.982167,76.842353],[-89.674957,76.732611]]],[[[-105.395131,75.674262],[-106.008901,75.056627],[-108.824208,75.071519],[-112.437408,74.41352],[-114.439809,74.683661],[-110.91804,75.232367],[-113.886627,75.058173],[-113.645334,75.190741],[-113.939524,75.183295],[-113.812978,75.32392],[-113.784291,75.339667],[-113.601389,75.365383],[-113.32315,75.416693],[-113.32315,75.42414],[-114.070668,75.474921],[-114.19579,75.225165],[-114.51122,75.316962],[-114.615142,75.283271],[-114.440826,75.067939],[-115.057688,74.966742],[-115.262807,75.183295],[-115.715443,74.970364],[-117.688466,75.25967],[-115.002105,75.698472],[-117.249013,75.609076],[-114.827382,75.879381],[-116.736318,75.937445],[-116.162709,76.203843],[-114.666982,76.164008],[-115.926991,76.286851],[-114.872426,76.520209],[-114.15925,76.458808],[-113.963043,76.190619],[-112.425649,76.170844],[-111.726796,75.916938],[-112.22704,75.814521],[-111.459055,75.841864],[-111.250844,75.521877],[-108.909983,75.478746],[-108.828114,75.691067],[-110.054596,75.89647],[-109.323069,76.115383],[-110.397206,76.396715],[-108.775624,76.864163],[-108.450795,76.732611],[-108.731923,76.643215],[-108.615875,76.423489],[-108.080881,76.286851],[-108.499176,76.040473],[-107.640126,75.989244],[-108.026235,75.787258],[-107.075999,75.8994],[-106.88093,75.649237],[-106.614817,75.80093],[-106.874867,75.965399],[-106.339833,76.061591],[-105.395131,75.674262]]],[[[-114.837026,76.759833],[-113.846059,76.898871],[-113.453481,76.773505],[-113.673166,76.70425],[-114.837026,76.759833]]],[[[-80.44343,75.039944],[-79.334299,74.903388],[-80.31314,74.941555],[-80.217519,74.58747],[-81.788686,74.458401],[-82.919993,74.5515],[-83.491689,74.909491],[-83.49352,74.577826],[-84.25829,74.506496],[-85.007965,74.704088],[-85.184926,74.493109],[-85.533681,74.69009],[-85.603871,74.498033],[-88.517812,74.501207],[-88.296986,74.779853],[-88.539459,74.903754],[-89.434438,74.55329],[-91.024973,74.704088],[-90.786773,74.889635],[-91.513499,74.644721],[-92.504018,75.218004],[-92.004384,75.60163],[-92.12682,75.873847],[-93.06017,76.349026],[-95.390248,76.239081],[-94.800608,76.328437],[-96.965566,76.739407],[-96.308217,76.759833],[-96.81843,76.983385],[-95.770741,77.076728],[-93.196767,76.753079],[-93.656077,76.445136],[-93.560699,76.395168],[-93.079254,76.627631],[-90.921132,76.643297],[-90.46939,76.486151],[-91.565541,76.499742],[-89.194447,76.248196],[-91.613352,76.267035],[-90.188222,76.067776],[-91.161488,76.020657],[-90.942983,76.006334],[-91.072133,75.992662],[-91.128814,75.836127],[-89.963775,76.016018],[-89.162506,75.765204],[-89.763051,75.581204],[-88.917388,75.430365],[-88.722401,75.686103],[-86.364817,75.430365],[-86.618031,75.368883],[-84.0006,75.828803],[-81.113149,75.77912],[-81.286285,75.663723],[-79.573842,75.451483],[-79.516916,75.229234],[-80.44343,75.039944]]],[[[-118.963531,76.135728],[-119.486318,76.36107],[-119.716868,76.335273],[-119.552398,76.122992],[-119.805653,76.115627],[-119.485951,75.974921],[-120.387441,75.806708],[-120.86498,76.200995],[-121.299672,75.910793],[-123.040679,76.088284],[-119.162709,77.324897],[-117.039215,77.292792],[-116.646962,77.390448],[-117.154042,77.458726],[-116.406728,77.562405],[-115.392568,77.307929],[-116.400543,77.137274],[-115.732045,76.948554],[-116.365793,76.931789],[-115.892812,76.698432],[-117.007924,76.552151],[-117.136342,76.290229],[-118.05842,76.410386],[-117.865793,76.82331],[-118.946278,76.522854],[-118.568959,76.345201],[-118.963531,76.135728]]],[[[-84.816233,77.499701],[-85.244374,77.532457],[-85.542388,77.540717],[-85.018381,77.583482],[-84.816233,77.499701]]],[[[-89.661285,77.35635],[-90.405019,77.203192],[-91.209299,77.575385],[-90.304107,77.629381],[-89.661285,77.35635]]],[[[-104.394521,77.192532],[-105.224599,77.164496],[-106.093658,77.729641],[-105.503041,77.721096],[-104.394521,77.192532]]],[[[-93.252024,77.644355],[-93.784535,77.43773],[-96.328725,77.609565],[-95.5065,77.810736],[-93.252024,77.644355]]],[[[-77.650502,77.870917],[-77.85261,77.779242],[-77.956288,77.836127],[-77.650502,77.870917]]],[[[-102.44872,77.739936],[-101.725209,77.90648],[-100.931996,77.744534],[-101.790598,77.679389],[-102.44872,77.739936]]],[[[-113.686269,77.866604],[-114.300689,77.713284],[-115.118235,77.959662],[-114.32726,78.080797],[-113.686269,77.866604]]],[[[-109.603668,78.07392],[-110.903717,77.853217],[-110.1079,77.77619],[-110.235422,77.504218],[-111.990834,77.329291],[-113.165883,77.515082],[-113.32315,77.808173],[-109.603668,78.07392]]],[[[-103.065053,78.261298],[-102.778472,78.214789],[-103.284169,78.161363],[-103.065053,78.261298]]],[[[-88.221913,78.432603],[-88.208323,78.281806],[-88.405588,78.258979],[-88.221913,78.432603]]],[[[-109.259511,78.459296],[-109.823232,78.295396],[-113.336171,78.336371],[-110.740956,78.757961],[-109.259511,78.459296]]],[[[-74.703603,78.726874],[-74.315582,78.756293],[-74.167063,78.726793],[-74.703603,78.726874]]],[[[-96.910308,77.795152],[-97.774281,78.041571],[-96.869293,78.137152],[-97.919545,78.220282],[-98.407297,78.488186],[-98.024973,78.552558],[-98.361887,78.766181],[-94.82787,78.363715],[-95.403228,78.233344],[-94.889312,78.10928],[-95.060658,77.972642],[-96.910308,77.795152]]],[[[-105.606801,79.103583],[-105.456899,79.329291],[-103.721588,79.363349],[-102.879465,79.233303],[-102.598948,78.877631],[-101.648427,79.081],[-99.557932,78.5987],[-99.802724,78.308498],[-98.946156,78.068915],[-99.938588,77.782904],[-101.059722,78.205512],[-102.74413,78.380561],[-104.465688,78.274644],[-105.046376,78.504788],[-103.53954,78.500393],[-103.37975,78.589586],[-104.044504,78.630601],[-103.318267,78.737047],[-104.188059,78.776679],[-103.832183,78.904975],[-104.247222,78.997056],[-104.955434,78.798163],[-104.678538,79.011135],[-105.606801,79.103583]]],[[[-100.15217,79.997992],[-99.1197,80.133734],[-98.651357,79.792222],[-98.840199,79.669867],[-100.15217,79.997992]]],[[[-94.971303,80.639146],[-96.150543,80.665839],[-95.477691,80.708441],[-94.971303,80.639146]]],[[[-95.853749,79.652411],[-96.801666,80.097317],[-94.382232,79.988023],[-94.807444,80.097317],[-94.087473,80.179877],[-96.684967,80.343695],[-95.437408,80.343695],[-96.027008,80.58393],[-93.785756,80.529283],[-95.533599,80.824123],[-93.155751,81.097846],[-94.395863,81.261705],[-93.25768,81.37344],[-91.798329,81.159247],[-90.731068,80.566718],[-89.057973,80.467841],[-89.255849,80.28974],[-88.538442,80.099107],[-88.146148,80.103461],[-88.644154,80.396674],[-87.700551,80.412584],[-87.567698,80.183295],[-88.063629,80.12523],[-86.962026,79.908759],[-87.460927,79.53559],[-85.69872,79.617987],[-84.912587,79.270697],[-86.968251,79.064195],[-87.649241,78.643012],[-87.997548,78.811225],[-87.728424,79.083075],[-88.173736,78.995592],[-88.13622,78.686916],[-88.358469,78.657904],[-87.909739,78.552436],[-88.804758,78.610175],[-88.540028,78.416897],[-88.811269,78.165432],[-90.006174,78.613756],[-89.45519,78.164496],[-92.024526,78.210679],[-92.991282,78.466132],[-91.649159,78.565009],[-93.281728,78.594713],[-93.8131,78.767768],[-93.038442,78.767768],[-94.293528,78.986884],[-90.366363,79.247545],[-92.627349,79.245429],[-91.120513,79.391588],[-93.086659,79.487128],[-95.211008,79.280951],[-95.780019,79.480943],[-94.340647,79.686225],[-94.300282,79.775214],[-95.853749,79.652411]]],[[[-61.085479,82.331163],[-64.372589,81.724962],[-69.308339,81.721666],[-66.608306,81.516221],[-70.213287,81.179877],[-64.435943,81.481513],[-69.666005,80.355211],[-70.824452,80.566962],[-69.959462,80.261827],[-70.159088,80.192491],[-72.41983,80.213446],[-70.486969,80.062608],[-71.459625,79.898749],[-70.91161,79.892564],[-71.142405,79.789496],[-74.227773,79.895697],[-74.844879,79.850328],[-73.125315,79.566352],[-78.059397,79.356879],[-74.468739,79.227159],[-74.824981,79.179307],[-74.440826,79.06269],[-78.895497,79.069444],[-77.703155,79.008043],[-78.29898,78.795762],[-78.226837,78.772203],[-75.780751,78.982001],[-76.459218,78.849351],[-74.773752,78.834825],[-74.872833,78.644273],[-74.632598,78.589667],[-76.66161,78.528266],[-75.029815,78.336412],[-76.915435,78.206773],[-75.581939,78.113023],[-75.93399,77.958604],[-78.216583,78.00255],[-78.429962,77.911322],[-77.716217,77.609605],[-78.689687,77.319078],[-80.551422,77.309801],[-81.937489,77.68537],[-81.170929,77.332506],[-82.19815,77.301744],[-81.857696,77.170478],[-79.432403,77.238593],[-79.0065,77.104722],[-79.37564,76.925645],[-77.716217,76.821967],[-78.367258,76.465684],[-81.072499,76.129136],[-80.772491,76.419989],[-82.729766,76.82099],[-82.138173,76.438707],[-83.001047,76.436265],[-83.381012,76.761339],[-83.185089,76.430894],[-84.292958,76.663804],[-84.215891,76.450792],[-85.055816,76.52025],[-84.388092,76.315131],[-85.203399,76.284288],[-86.347401,76.388536],[-86.207183,76.527167],[-86.577952,76.641669],[-86.302887,76.527696],[-88.403554,76.393663],[-88.506988,76.823717],[-88.618398,76.404405],[-89.681182,76.574937],[-89.386383,76.732652],[-89.53718,76.856757],[-88.494618,77.114122],[-86.60379,77.178209],[-87.721018,77.370063],[-88.221954,77.86286],[-86.452179,77.836412],[-85.795684,77.425279],[-84.466135,77.301744],[-83.466217,77.348944],[-83.836171,77.458808],[-82.986114,77.678534],[-82.321075,78.082587],[-83.678497,77.534532],[-84.761016,77.52025],[-84.435089,77.728583],[-85.401682,77.831651],[-84.315338,77.89765],[-85.679596,77.935167],[-84.027984,78.178819],[-84.968332,78.214057],[-84.575999,78.353502],[-84.87088,78.369981],[-84.617014,78.589667],[-85.491485,78.106065],[-86.289377,78.08336],[-85.939198,78.237372],[-85.86026,78.385565],[-86.769765,78.120429],[-87.536692,78.144639],[-87.091054,78.206773],[-87.529286,78.410956],[-86.858306,78.548774],[-87.122345,78.582872],[-86.94046,78.714179],[-85.031077,78.921861],[-82.342804,78.5692],[-82.596018,78.706407],[-82.219268,78.726874],[-83.260162,78.836737],[-81.753692,78.843004],[-81.47879,79.049018],[-82.534576,78.885118],[-84.752105,79.038926],[-84.452911,79.148301],[-83.982493,79.051093],[-83.447418,79.028998],[-83.363189,79.055243],[-84.32962,79.192369],[-85.021026,79.61754],[-86.47468,79.760972],[-86.39627,79.962999],[-85.253814,79.926011],[-86.534657,80.03087],[-86.503936,80.309068],[-83.787872,80.250922],[-81.787262,79.611396],[-80.587473,79.569159],[-79.752024,79.706977],[-81.523427,79.718004],[-81.661692,79.907579],[-81.403717,79.939683],[-83.205556,80.323228],[-78.052317,80.569078],[-79.964345,80.617499],[-76.515289,80.856065],[-78.936431,80.87877],[-76.744171,81.440497],[-79.505035,81.200303],[-79.066192,81.091051],[-80.875559,80.66295],[-82.913116,80.539415],[-83.168284,80.587714],[-81.759999,80.816718],[-83.568634,80.741645],[-83.273712,80.846503],[-83.862823,80.762071],[-83.846018,80.544053],[-85.121368,80.504096],[-86.749054,80.604478],[-85.622467,80.980292],[-82.363271,81.179877],[-85.780995,81.034044],[-87.706532,80.645453],[-89.462148,80.914781],[-86.699208,81.005439],[-84.733673,81.283515],[-89.826161,81.013048],[-90.352773,81.173651],[-87.248687,81.495103],[-90.49234,81.370836],[-90.859893,81.447333],[-89.585601,81.63231],[-91.956614,81.660224],[-88.070465,82.107286],[-84.603342,81.893012],[-86.878733,82.208319],[-84.708404,82.483018],[-84.945953,82.427436],[-79.230621,81.817857],[-82.731475,82.404893],[-81.47879,82.502509],[-82.328033,82.659166],[-80.580637,82.543443],[-81.473948,82.830308],[-78.504425,82.688096],[-80.42984,82.900377],[-80.158111,82.939276],[-75.893829,82.598741],[-76.218332,82.452094],[-75.400421,82.619208],[-77.387237,82.989732],[-77.134023,83.036973],[-74.200022,83.002143],[-73.828399,82.865709],[-72.591135,82.701158],[-73.653147,82.92711],[-69.68753,83.116523],[-66.299835,82.934516],[-68.617706,82.630439],[-64.696685,82.909776],[-64.936798,82.872423],[-62.928253,82.570787],[-63.373321,82.441026],[-61.085479,82.331163]]],[[[-79.916575,53.170315],[-79.795074,53.105414],[-79.92984,53.094387],[-79.916575,53.170315]]],[[[-80.042795,53.366197],[-79.947133,53.265937],[-80.086049,53.33039],[-80.042795,53.366197]]],[[[-79.861887,53.920356],[-79.90689,53.917711],[-79.930084,53.940863],[-79.861887,53.920356]]],[[[-79.678782,56.331285],[-80.059885,56.304429],[-79.545888,56.530341],[-79.678782,56.331285]]],[[[-79.547597,56.727525],[-79.483266,56.739447],[-79.564931,56.620551],[-79.547597,56.727525]]],[[[-79.812489,56.896674],[-79.795033,56.951606],[-79.730865,56.801907],[-79.812489,56.896674]]],[[[-79.696401,57.529486],[-79.850982,57.486518],[-79.737172,57.622016],[-79.696401,57.529486]]],[[[-80.553293,59.4501],[-80.467152,59.464667],[-80.542226,59.371324],[-80.553293,59.4501]]],[[[-80.245432,59.676663],[-80.156077,59.682847],[-80.342193,59.619574],[-80.245432,59.676663]]],[[[-80.01891,59.772203],[-80.042958,59.877753],[-79.881703,59.861029],[-80.01891,59.772203]]],[[[-65.656117,43.463039],[-65.559926,43.51081],[-65.628814,43.422065],[-65.656117,43.463039]]],[[[-59.997814,43.937868],[-59.707184,44.014416],[-60.130161,43.960473],[-59.997814,43.937868]]],[[[-66.285797,44.324774],[-66.20344,44.392239],[-66.327748,44.258124],[-66.285797,44.324774]]],[[[-66.905986,44.606169],[-66.74316,44.782047],[-66.690391,44.620002],[-66.905986,44.606169]]],[[[-74.128407,45.307563],[-73.920644,45.333808],[-74.165028,45.269721],[-74.128407,45.307563]]],[[[-73.917307,45.40998],[-73.858062,45.381781],[-73.984527,45.406399],[-73.917307,45.40998]]],[[[-73.899281,45.500922],[-73.943186,45.507554],[-73.886464,45.523383],[-73.899281,45.500922]]],[[[-61.009674,45.580797],[-61.003529,45.460761],[-61.111724,45.548774],[-61.009674,45.580797]]],[[[-73.718332,45.562445],[-73.740875,45.664252],[-73.564849,45.698676],[-73.718332,45.562445]]],[[[-73.499257,45.709947],[-73.588735,45.447943],[-73.973622,45.444648],[-73.694,45.555325],[-73.499257,45.709947]]],[[[-70.885406,47.026557],[-70.874257,46.936998],[-71.124745,46.877021],[-70.885406,47.026557]]],[[[-60.080881,45.792426],[-61.284576,45.547675],[-61.551503,46.021796],[-60.396108,47.026353],[-60.605784,46.21133],[-60.42691,46.284003],[-61.147613,45.707913],[-60.732493,45.684394],[-60.399526,45.997952],[-60.781646,45.954291],[-60.283518,46.327541],[-59.810536,46.169867],[-60.080881,45.792426]]],[[[-62.004018,46.464057],[-62.750722,45.950751],[-63.116811,46.215766],[-62.963002,46.320014],[-63.602122,46.216864],[-64.416819,46.682766],[-63.99706,47.067328],[-63.935618,46.478339],[-62.004018,46.464057]]],[[[-61.382192,47.636664],[-61.79304,47.240302],[-62.010569,47.224799],[-61.925526,47.413153],[-61.562123,47.627143],[-61.382192,47.636664]]],[[[-64.696604,47.759426],[-64.477447,47.944403],[-64.53893,47.807196],[-64.696604,47.759426]]],[[[-64.594106,47.914374],[-64.484283,48.020087],[-64.590443,47.903469],[-64.594106,47.914374]]],[[[-63.093332,49.232896],[-64.510569,49.868069],[-63.124094,49.783881],[-61.660756,49.151028],[-63.093332,49.232896]]],[[[-63.857533,50.217434],[-63.926991,50.221422],[-63.901479,50.253974],[-63.857533,50.217434]]],[[[-79.635325,52.021674],[-79.251698,52.07689],[-79.620432,51.920478],[-79.635325,52.021674]]],[[[-81.174224,53.212348],[-80.717681,52.694973],[-82.062652,53.022773],[-81.174224,53.212348]]],[[[-79.724721,53.508857],[-79.765614,53.546698],[-79.703603,53.516303],[-79.724721,53.508857]]],[[[-79.65392,54.854438],[-79.01891,54.940823],[-79.779937,54.783759],[-79.65392,54.854438]]],[[[-77.647857,55.427436],[-77.211252,55.653754],[-77.526112,55.465399],[-77.647857,55.427436]]],[[[-79.142445,55.797349],[-78.936391,56.024482],[-79.078277,55.834296],[-79.142445,55.797349]]],[[[-78.655263,56.236151],[-78.936391,56.119452],[-78.670766,56.443061],[-78.655263,56.236151]]],[[[-79.545888,56.043769],[-80.025706,55.900336],[-79.453725,56.559516],[-79.60733,56.134467],[-79.409332,56.22248],[-79.284931,56.661041],[-79.203959,56.684984],[-78.881825,56.325588],[-79.203277,55.859442],[-78.990102,56.2626],[-78.980214,56.392035],[-79.049387,56.360663],[-79.059316,56.202053],[-79.285878,55.866278],[-79.155588,56.236151],[-79.786122,55.790473],[-79.545888,56.043769]]],[[[-79.951731,56.785224],[-79.817372,56.83161],[-79.888051,56.749091],[-79.951731,56.785224]]],[[[-77.949452,58.326606],[-77.817942,58.308783],[-77.668324,58.244696],[-77.949452,58.326606]]],[[[-78.696197,58.696601],[-78.456654,58.546373],[-78.456654,58.538886],[-78.683176,58.620836],[-78.696197,58.696601]]],[[[-123.306996,48.764635],[-123.250396,48.766099],[-123.186676,48.736396],[-123.306996,48.764635]]],[[[-123.043772,48.788764],[-123.185292,48.774604],[-123.2235,48.832668],[-123.043772,48.788764]]],[[[-62.574416,45.824],[-62.506908,45.828065],[-62.603144,45.804211],[-62.574416,45.824]]],[[[-59.69518,46.034003],[-59.725901,46.000434],[-59.780995,46.004381],[-59.69518,46.034003]]],[[[-54.830051,47.267133],[-54.778136,47.273564],[-54.812399,47.231781],[-54.830051,47.267133]]],[[[-54.209626,47.359903],[-54.178042,47.418193],[-54.144589,47.400445],[-54.209626,47.359903]]],[[[-70.425364,47.404975],[-70.323883,47.427436],[-70.435658,47.377021],[-70.425364,47.404975]]],[[[-53.019184,47.61904],[-52.916443,47.634456],[-53.030336,47.599156],[-53.019184,47.61904]]],[[[-68.879785,48.40346],[-68.838064,48.413809],[-68.891065,48.388033],[-68.879785,48.40346]]],[[[-125.914986,49.176295],[-125.797002,49.227035],[-125.801352,49.143888],[-125.914986,49.176295]]],[[[-55.88334,50.204224],[-55.823887,50.204144],[-55.886002,50.197461],[-55.88334,50.204224]]],[[[-55.802679,50.220174],[-55.729933,50.23017],[-55.695802,50.193721],[-55.802679,50.220174]]],[[[-128.615888,50.782817],[-128.603728,50.819827],[-128.572578,50.795158],[-128.615888,50.782817]]],[[[-58.885608,50.794251],[-58.846323,50.789443],[-58.861108,50.779595],[-58.885608,50.794251]]],[[[-128.704444,50.807223],[-128.662177,50.825032],[-128.655007,50.808795],[-128.704444,50.807223]]],[[[-57.252466,50.796739],[-57.209375,50.841056],[-57.186562,50.823001],[-57.252466,50.796739]]],[[[-127.83436,50.878723],[-127.688185,50.900899],[-127.655989,50.837846],[-127.83436,50.878723]]],[[[-58.546952,51.150419],[-58.427357,51.167123],[-58.621209,51.091776],[-58.546952,51.150419]]],[[[-58.388163,51.238934],[-58.362905,51.202219],[-58.41101,51.201632],[-58.388163,51.238934]]],[[[-128.486965,51.953658],[-128.432399,51.902355],[-128.478828,51.906844],[-128.486965,51.953658]]],[[[-79.080149,52.106513],[-79.001861,52.107571],[-79.086659,52.09748],[-79.080149,52.106513]]],[[[-79.484934,52.253323],[-79.381256,52.244778],[-79.501291,52.2331],[-79.484934,52.253323]]],[[[-78.768544,52.447699],[-78.749827,52.406195],[-78.82726,52.427639],[-78.768544,52.447699]]],[[[-79.612416,52.577338],[-79.565297,52.545356],[-79.639394,52.53262],[-79.612416,52.577338]]],[[[-129.449572,52.643997],[-129.400103,52.679527],[-129.402445,52.646643],[-129.449572,52.643997]]],[[[-55.89536,52.763314],[-55.811855,52.770133],[-55.809475,52.731086],[-55.89536,52.763314]]],[[[-129.366192,52.8145],[-129.312018,52.839333],[-129.328924,52.799611],[-129.366192,52.8145]]],[[[-55.850409,53.00353],[-55.767872,52.988162],[-55.802337,52.944583],[-55.850409,53.00353]]],[[[-55.870688,53.026485],[-55.771256,53.089232],[-55.758767,53.034088],[-55.870688,53.026485]]],[[[-55.9835,53.441652],[-55.767163,53.475739],[-55.742891,53.445437],[-55.9835,53.441652]]],[[[-130.616523,53.506408],[-130.586966,53.466192],[-130.636068,53.498406],[-130.616523,53.506408]]],[[[-57.113763,53.642994],[-57.129781,53.704632],[-57.030801,53.712985],[-57.113763,53.642994]]],[[[-57.008855,53.788548],[-56.836105,53.80648],[-56.817715,53.790041],[-57.008855,53.788548]]],[[[-130.437885,53.756889],[-130.569379,53.836742],[-130.419964,53.783274],[-130.437885,53.756889]]],[[[-57.367639,54.259035],[-57.292498,54.283742],[-57.314419,54.239731],[-57.367639,54.259035]]],[[[-81.086049,54.348212],[-81.108022,54.366034],[-81.101796,54.374091],[-81.086049,54.348212]]],[[[-57.293337,54.468605],[-57.228932,54.491941],[-57.197644,54.449325],[-57.293337,54.468605]]],[[[-130.870027,54.434751],[-130.790006,54.493734],[-130.729567,54.420801],[-130.870027,54.434751]]],[[[-57.347349,54.555123],[-57.268041,54.50352],[-57.362203,54.507263],[-57.347349,54.555123]]],[[[-131.090905,54.58224],[-131.05684,54.625717],[-131.049953,54.606029],[-131.090905,54.58224]]],[[[-76.765492,56.175971],[-76.720774,56.125393],[-76.780344,56.108059],[-76.765492,56.175971]]],[[[-77.948964,56.313381],[-77.884633,56.303534],[-77.980092,56.286607],[-77.948964,56.313381]]],[[[-77.537017,56.39704],[-77.502553,56.386461],[-77.53539,56.379543],[-77.537017,56.39704]]],[[[-78.753,56.657294],[-78.850942,56.672675],[-78.739898,56.666978],[-78.753,56.657294]]],[[[-76.634185,56.715277],[-76.619049,56.5869],[-76.654693,56.548896],[-76.634185,56.715277]]],[[[-76.655995,57.139797],[-76.700917,57.082668],[-76.725087,57.190823],[-76.655995,57.139797]]],[[[-78.325551,57.207668],[-78.32433,57.171861],[-78.381947,57.174465],[-78.325551,57.207668]]],[[[-78.381012,57.328803],[-78.415395,57.279283],[-78.480784,57.291449],[-78.381012,57.328803]]],[[[-76.73941,57.283881],[-76.839263,57.41885],[-76.835439,57.425767],[-76.73941,57.283881]]],[[[-67.636557,58.402225],[-67.530842,58.296897],[-67.635937,58.291037],[-67.636557,58.402225]]],[[[-78.650868,58.802069],[-78.648264,58.772162],[-78.707631,58.786038],[-78.650868,58.802069]]],[[[-78.927073,58.865546],[-78.886057,58.808051],[-78.937611,58.864814],[-78.927073,58.865546]]],[[[-69.061197,59.011175],[-68.974561,58.989633],[-69.120279,58.957302],[-69.061197,59.011175]]],[[[-80.569936,59.105618],[-80.538564,59.094672],[-80.582875,59.098334],[-80.569936,59.105618]]],[[[-80.580556,59.669257],[-80.551503,59.6494],[-80.588246,59.661566],[-80.580556,59.669257]]],[[[-80.43871,59.677436],[-80.370269,59.708726],[-80.443674,59.648179],[-80.43871,59.677436]]],[[[-70.011946,60.996764],[-69.977643,60.92986],[-70.003856,60.935066],[-70.011946,60.996764]]],[[[-71.586396,61.301991],[-71.487818,61.337112],[-71.486495,61.301894],[-71.586396,61.301991]]],[[[-72.130833,61.889039],[-71.993857,61.870657],[-71.97344,61.858942],[-72.130833,61.889039]]],[[[-92.850661,61.947699],[-92.771875,61.935055],[-92.874966,61.938678],[-92.850661,61.947699]]],[[[-72.462401,62.036652],[-72.384221,62.032399],[-72.328116,62.016038],[-72.462401,62.036652]]],[[[-92.6417,62.060656],[-92.652846,62.026539],[-92.700898,62.074635],[-92.6417,62.060656]]],[[[-66.561996,62.931058],[-66.342541,62.849553],[-66.569044,62.914832],[-66.561996,62.931058]]],[[[-67.074457,63.097501],[-66.807359,62.985936],[-66.770799,62.944913],[-67.074457,63.097501]]],[[[-68.216111,63.276375],[-68.058483,63.222676],[-68.049819,63.19243],[-68.216111,63.276375]]],[[[-68.091999,63.320381],[-67.931728,63.232875],[-67.894994,63.189448],[-68.091999,63.320381]]],[[[-67.912529,63.393133],[-67.818293,63.291333],[-67.964007,63.409985],[-67.912529,63.393133]]],[[[-64.137308,63.61804],[-64.091172,63.48647],[-64.168668,63.604577],[-64.137308,63.61804]]],[[[-64.333994,63.844829],[-64.261105,63.723887],[-64.34286,63.769296],[-64.333994,63.844829]]],[[[-76.497426,64.24258],[-76.568512,64.206122],[-76.572662,64.23428],[-76.497426,64.24258]]],[[[-76.607411,64.221015],[-76.690053,64.264065],[-76.565256,64.254096],[-76.607411,64.221015]]],[[[-65.075487,64.306968],[-64.878303,64.229578],[-64.991296,64.193192],[-65.075487,64.306968]]],[[[-66.924565,65.364898],[-66.967847,65.28303],[-67.016717,65.319781],[-66.924565,65.364898]]],[[[-89.104454,65.40887],[-89.023045,65.414704],[-88.969343,65.387878],[-89.104454,65.40887]]],[[[-88.489101,65.473111],[-88.383063,65.472481],[-88.371277,65.46199],[-88.489101,65.473111]]],[[[-67.624936,65.733689],[-67.389158,65.736176],[-67.704541,65.716531],[-67.624936,65.733689]]],[[[-65.770635,65.763312],[-65.83725,65.678316],[-65.865552,65.781228],[-65.770635,65.763312]]],[[[-66.963871,65.996973],[-67.105664,65.95769],[-67.148557,65.99589],[-66.963871,65.996973]]],[[[-85.080648,66.081428],[-84.997474,66.057324],[-85.104005,66.059024],[-85.080648,66.081428]]],[[[-83.558746,66.045966],[-83.622304,66.049018],[-83.570383,66.083686],[-83.558746,66.045966]]],[[[-83.574086,66.110256],[-83.648427,66.071112],[-83.648793,66.122952],[-83.574086,66.110256]]],[[[-85.982292,66.463884],[-85.911232,66.461991],[-85.896216,66.453862],[-85.982292,66.463884]]],[[[-113.155099,67.921774],[-112.816507,67.969157],[-112.761341,67.964081],[-113.155099,67.921774]]],[[[-112.912256,68.144884],[-112.74613,68.167627],[-112.717801,68.15592],[-112.912256,68.144884]]],[[[-136.22191,69.105685],[-136.066838,69.12853],[-136.006267,69.090281],[-136.22191,69.105685]]],[[[-80.20771,69.408067],[-80.124264,69.393332],[-80.071006,69.383583],[-80.20771,69.408067]]],[[[-81.838869,69.433788],[-81.485631,69.34718],[-81.902723,69.394146],[-81.838869,69.433788]]],[[[-135.841092,69.495736],[-135.595243,69.448424],[-135.840928,69.48138],[-135.841092,69.495736]]],[[[-82.647722,69.826096],[-82.558868,69.743349],[-82.854681,69.794354],[-82.647722,69.826096]]]]}},{"type":"Feature","properties":{"ISO3166-1-Alpha-3":"MEX"},"geometry":{"type":"MultiPolygon","coordinates":[[[[-97.139272,25.965806],[-97.165151,25.723334],[-97.458974,25.179389],[-97.651438,24.515855],[-97.725209,23.80565],[-97.822092,23.788398],[-97.75886,23.769029],[-97.76061,23.651923],[-97.722239,23.739325],[-97.74234,22.972073],[-97.890981,22.596096],[-97.834299,22.669745],[-97.76061,22.095852],[-97.610463,21.835761],[-97.316233,21.56094],[-97.418609,21.273383],[-97.472239,21.437812],[-97.370229,21.537502],[-97.625071,21.79442],[-97.781117,22.095852],[-97.657582,21.636542],[-97.562001,21.485663],[-97.48941,21.48078],[-97.496816,21.400621],[-97.150543,20.64704],[-96.456125,19.868801],[-96.290354,19.332587],[-96.131947,19.235907],[-96.061431,19.078518],[-95.977162,19.058254],[-95.903554,18.881903],[-95.752756,18.799994],[-95.958852,18.856391],[-95.807362,18.752143],[-95.877309,18.752387],[-95.85204,18.716783],[-95.568349,18.683295],[-95.728383,18.757229],[-95.732818,18.799994],[-95.583608,18.721666],[-95.190053,18.705146],[-95.024241,18.564032],[-94.786936,18.511949],[-94.580881,18.189846],[-94.466949,18.144232],[-93.86148,18.306545],[-93.878285,18.256903],[-93.781117,18.272773],[-93.738596,18.340644],[-93.592844,18.344957],[-93.576405,18.411851],[-93.839589,18.318549],[-93.552358,18.429389],[-93.155751,18.443061],[-93.128489,18.340644],[-93.088368,18.392768],[-93.137603,18.42886],[-92.855731,18.466047],[-92.716908,18.59219],[-92.669097,18.429389],[-92.695872,18.615627],[-92.40514,18.671063],[-91.94806,18.691225],[-91.866567,18.598375],[-91.950185,18.629543],[-92.052805,18.546698],[-91.888295,18.505764],[-91.970286,18.593899],[-91.901967,18.580797],[-91.81428,18.388658],[-91.798329,18.491441],[-91.48648,18.436428],[-91.483632,18.498277],[-91.538889,18.471015],[-91.504058,18.511949],[-91.181996,18.656562],[-91.298655,18.628648],[-91.265533,18.735663],[-91.414703,18.813625],[-91.237213,18.957587],[-91.505279,18.816555],[-90.769358,19.309231],[-90.683705,19.752916],[-90.477823,19.922101],[-90.489898,20.534125],[-90.332387,21.032457],[-89.785959,21.284573],[-89.11262,21.362779],[-88.447825,21.5751],[-88.300404,21.554592],[-88.084788,21.589301],[-88.235097,21.573798],[-88.129465,21.616034],[-87.256947,21.440619],[-87.155588,21.481757],[-87.138336,21.563056],[-87.413157,21.534084],[-87.11148,21.62344],[-86.918528,21.439602],[-86.827952,21.433295],[-86.815053,21.204779],[-86.741567,21.16413],[-86.875315,20.855048],[-87.430491,20.221015],[-87.434193,19.889228],[-87.479807,19.784329],[-87.443918,19.913479],[-87.478017,19.96483],[-87.454701,19.889309],[-87.667348,19.633775],[-87.660146,19.683783],[-87.7412,19.671698],[-87.673818,19.505683],[-87.441396,19.553656],[-87.425771,19.592108],[-87.443918,19.57392],[-87.529205,19.587592],[-87.447336,19.580797],[-87.440419,19.635972],[-87.41275,19.577623],[-87.458404,19.455024],[-87.617665,19.405463],[-87.675852,19.311184],[-87.638987,19.220933],[-87.567128,19.317206],[-87.460927,19.320705],[-87.73705,18.644965],[-87.844553,18.196682],[-87.93517,18.443101],[-88.077789,18.498603],[-88.002187,18.690131],[-88.036285,18.874986],[-88.127309,18.730211],[-88.134674,18.769517],[-88.198801,18.739936],[-88.247792,18.696275],[-88.187123,18.738511],[-88.194651,18.676459],[-88.150746,18.698554],[-88.283315,18.491441],[-88.527822,18.454146],[-88.871367,17.89095],[-89.049444,17.999213],[-89.153933,17.941077],[-89.160496,17.814314],[-90.98284,17.810542],[-90.991986,17.25192],[-91.442502,17.237967],[-91.279514,17.180089],[-91.054928,16.908013],[-90.79696,16.805435],[-90.633765,16.592167],[-90.633094,16.483336],[-90.394917,16.419206],[-90.459435,16.25906],[-90.437421,16.098863],[-91.739848,16.060985],[-92.211292,15.272066],[-92.073807,15.073706],[-92.154215,14.995933],[-92.160804,14.683498],[-92.226097,14.549346],[-92.840606,15.16116],[-92.737416,15.092597],[-92.768422,15.171454],[-92.983144,15.26557],[-93.199615,15.490994],[-93.943389,16.010565],[-93.854034,16.024848],[-93.898101,16.088935],[-94.073761,16.140937],[-94.142445,16.226752],[-94.266713,16.215277],[-94.399281,16.298611],[-94.436513,16.245551],[-93.963897,15.997504],[-94.392201,16.17768],[-94.722401,16.199652],[-94.580841,16.326483],[-94.670033,16.363837],[-94.793121,16.257636],[-94.772694,16.327175],[-94.878651,16.424628],[-95.063832,16.268256],[-94.834096,16.285549],[-94.930328,16.243964],[-94.805531,16.237128],[-94.766957,16.198676],[-95.149301,16.186952],[-95.434478,15.97538],[-95.959882,15.827914],[-96.236637,15.68333],[-96.504857,15.658054],[-96.845123,15.732571],[-97.266025,15.935912],[-97.772719,15.979454],[-98.172149,16.209174],[-98.082143,16.189276],[-98.068471,16.202338],[-98.552847,16.31475],[-98.776898,16.555135],[-98.906986,16.53479],[-99.663289,16.698164],[-99.991686,16.909737],[-101.059029,17.264237],[-101.182245,17.412536],[-101.455773,17.526338],[-101.811061,17.89026],[-101.989877,17.974751],[-102.190629,17.915988],[-103.36164,18.26682],[-103.4984,18.333483],[-103.700175,18.654327],[-103.979977,18.874938],[-104.331668,19.022256],[-104.299608,19.065755],[-104.354332,19.111913],[-104.439548,19.081607],[-104.993642,19.34219],[-105.08771,19.561073],[-105.250762,19.666083],[-105.525624,20.031928],[-105.558949,20.218207],[-105.698681,20.406911],[-105.243642,20.583564],[-105.341526,20.754639],[-105.544896,20.768096],[-105.234327,21.060966],[-105.243138,21.342064],[-105.184967,21.44302],[-105.217559,21.517239],[-105.448417,21.631032],[-105.632264,21.955737],[-105.716664,22.514187],[-105.80016,22.638454],[-105.98412,22.856757],[-106.031972,22.830105],[-106.220326,23.051947],[-106.429799,23.185126],[-106.522817,23.407538],[-106.793243,23.632351],[-107.035878,23.98078],[-107.775014,24.477444],[-107.799672,24.512152],[-107.498036,24.34394],[-107.553293,24.378079],[-107.478261,24.400092],[-107.529693,24.521918],[-107.624135,24.458482],[-107.936838,24.638821],[-107.806508,24.528957],[-107.908559,24.577867],[-108.060292,24.786444],[-107.978871,24.756985],[-107.985219,24.953437],[-108.048695,25.001451],[-108.041127,24.838365],[-108.087636,24.823147],[-108.32787,25.111151],[-108.183258,24.981391],[-108.130605,24.976793],[-108.13679,25.059963],[-108.003529,25.03144],[-108.218007,25.173163],[-108.351796,25.169501],[-108.361399,25.269355],[-108.399241,25.14525],[-108.435048,25.26081],[-108.731923,25.35814],[-108.594146,25.351304],[-108.765736,25.380927],[-108.768951,25.540188],[-108.896311,25.560248],[-108.929677,25.466376],[-109.116119,25.536322],[-109.057769,25.584662],[-108.980458,25.544623],[-108.838043,25.804633],[-109.062123,25.590277],[-109.250152,25.686184],[-109.156484,25.556789],[-109.227528,25.628648],[-109.410308,25.646145],[-109.286855,25.710679],[-109.378041,25.761786],[-109.410308,25.693305],[-109.433258,26.021674],[-109.262196,26.304104],[-109.272817,26.168036],[-109.216664,26.34398],[-109.109364,26.216457],[-109.088246,26.290432],[-109.116119,26.288886],[-109.156728,26.364203],[-109.184438,26.378567],[-109.249623,26.334459],[-109.255727,26.497992],[-109.482753,26.682211],[-109.428522,26.671851],[-109.483428,26.742641],[-109.552788,26.71701],[-109.494391,26.669173],[-109.784576,26.719428],[-109.966176,27.108873],[-110.287622,27.148394],[-110.522329,27.290354],[-110.425628,27.301906],[-110.499664,27.393378],[-110.550933,27.377387],[-110.627101,27.641099],[-110.548085,27.742825],[-110.599517,27.752346],[-110.609527,27.824774],[-110.513295,27.873196],[-110.84911,27.906684],[-110.838857,27.989407],[-110.886301,27.838853],[-110.999257,27.964057],[-111.105025,27.935372],[-111.332648,28.160407],[-111.43814,28.387112],[-111.708354,28.460141],[-111.94938,28.756514],[-111.867055,28.749579],[-111.868235,28.803127],[-112.166508,28.966726],[-112.239453,29.315337],[-112.411224,29.344728],[-112.377754,29.485729],[-112.669455,29.897623],[-112.746287,29.910465],[-112.764293,30.21152],[-112.86079,30.268999],[-112.870676,30.428534],[-113.079895,30.670441],[-113.128841,30.81244],[-113.130961,31.06499],[-113.083187,30.989408],[-113.055898,31.030707],[-113.091744,31.202152],[-113.2329,31.288031],[-113.27599,31.278266],[-113.241444,31.24124],[-113.622269,31.325584],[-113.659577,31.49754],[-113.977691,31.663072],[-113.950999,31.56802],[-114.028942,31.491539],[-114.208888,31.512283],[-115.029449,31.970933],[-114.835032,31.801907],[-114.780629,31.655829],[-114.85291,31.526606],[-114.884043,31.120715],[-114.710452,30.918416],[-114.698474,30.637212],[-114.630599,30.494874],[-114.665733,30.199568],[-114.533132,29.967951],[-114.427719,29.907295],[-114.381251,29.774452],[-114.208485,29.744775],[-113.636331,29.282179],[-113.524854,28.891566],[-113.434665,28.959874],[-113.354476,28.800274],[-113.220263,28.824843],[-113.10297,28.504583],[-112.846304,28.441077],[-112.872126,28.28374],[-112.786456,28.196077],[-112.773218,27.863902],[-112.598008,27.654297],[-112.354714,27.547323],[-112.212764,27.210463],[-111.950372,27.093276],[-112.017161,26.978502],[-111.870717,26.82807],[-111.900114,26.714559],[-111.784275,26.571796],[-111.676793,26.581859],[-111.814585,26.714577],[-111.851419,26.880275],[-111.560055,26.695653],[-111.564772,26.558001],[-111.442238,26.517526],[-111.468867,26.419504],[-111.322037,26.098183],[-111.36026,25.964097],[-111.307116,25.779207],[-111.123896,25.530322],[-111.019256,25.51525],[-110.904451,25.143013],[-110.683868,24.882959],[-110.738585,24.554572],[-110.60989,24.253725],[-110.325195,24.175709],[-110.432429,24.173617],[-110.360857,24.111083],[-110.300811,24.217042],[-110.33247,24.328795],[-110.232613,24.343206],[-110.006985,24.158826],[-109.987652,24.046319],[-109.828288,24.0628],[-109.837322,23.938087],[-109.698443,23.798428],[-109.696321,23.66552],[-109.468016,23.555138],[-109.413625,23.391697],[-109.494203,23.151731],[-109.895378,22.874203],[-109.999659,22.894442],[-110.307362,23.541032],[-110.647518,23.733901],[-111.039714,24.104185],[-111.444445,24.324391],[-111.359749,24.290322],[-111.595578,24.442235],[-111.67903,24.586334],[-111.812908,24.50588],[-112.008372,24.874579],[-111.966705,24.744208],[-112.025258,24.755561],[-112.035634,24.840399],[-112.043054,24.753466],[-112.088043,24.773383],[-112.096921,24.999609],[-112.144931,24.874094],[-112.165803,24.953935],[-112.077871,25.258735],[-112.083098,25.443995],[-112.030778,25.473615],[-112.08445,25.481021],[-112.08145,25.720682],[-112.10409,25.504154],[-112.108712,25.784145],[-112.178942,25.955175],[-112.402699,26.24022],[-112.689117,26.32274],[-113.060716,26.599118],[-113.119049,26.794094],[-113.21581,26.744452],[-113.238149,26.786607],[-113.124582,26.886298],[-113.145741,26.97012],[-113.270544,26.752474],[-113.470986,26.804554],[-113.542966,26.719196],[-113.637138,26.725531],[-113.816388,26.948969],[-114.005198,26.977444],[-114.181956,27.139635],[-114.435143,27.176367],[-114.506461,27.406184],[-114.734229,27.521252],[-114.861562,27.689887],[-115.022684,27.740291],[-115.083823,27.851054],[-114.499057,27.774071],[-114.316274,27.874701],[-114.282379,27.735826],[-114.102935,27.601874],[-114.074859,27.690375],[-113.953277,27.655666],[-113.918568,27.719306],[-114.059153,27.801174],[-114.051747,27.72012],[-114.140981,27.730862],[-114.153432,27.945014],[-114.276452,27.901148],[-114.134389,28.08393],[-114.150836,28.004566],[-114.106402,27.927952],[-114.121224,28.022985],[-114.039736,28.02773],[-114.099667,28.055064],[-114.057485,28.206285],[-114.124883,28.255725],[-114.068227,28.518012],[-114.972035,29.377753],[-115.187123,29.428616],[-115.697564,29.755826],[-115.699899,29.898014],[-115.811187,29.968004],[-115.837303,30.346467],[-115.975413,30.401272],[-115.933827,30.449652],[-115.989084,30.497463],[-116.004549,30.359165],[-116.049254,30.479593],[-116.057932,30.802476],[-116.249745,30.956773],[-116.335446,30.95634],[-116.341542,31.21955],[-116.675608,31.552639],[-116.648061,31.659166],[-116.750381,31.75236],[-116.643625,31.73428],[-116.611819,31.84288],[-116.865387,32.013007],[-116.922678,32.219387],[-117.024973,32.276923],[-117.125121,32.531669],[-114.724285,32.712836],[-114.822108,32.50024],[-111.006269,31.327185],[-108.214811,31.327443],[-108.215121,31.777751],[-106.428951,31.758476],[-106.209249,31.477305],[-105.961202,31.371006],[-105.363771,30.850366],[-104.93434,30.610536],[-104.681564,30.192939],[-104.680479,29.942308],[-104.516639,29.654315],[-104.057313,29.339037],[-103.78366,29.274803],[-103.38663,29.028798],[-103.122771,28.996474],[-102.988386,29.177135],[-102.858781,29.229147],[-102.883069,29.343766],[-102.69104,29.736817],[-102.406096,29.777279],[-102.321011,29.893939],[-102.109344,29.80211],[-101.405098,29.778442],[-101.312158,29.597859],[-101.233919,29.622663],[-101.212861,29.531584],[-101.037782,29.460063],[-100.668967,29.116208],[-100.624318,28.924721],[-100.322631,28.510406],[-100.275089,28.277242],[-100.056498,28.137922],[-99.83292,27.776755],[-99.515006,27.588601],[-99.472916,27.426647],[-99.521362,27.311254],[-99.431988,27.207591],[-99.461728,27.056954],[-99.248278,26.827097],[-99.106427,26.423039],[-98.801329,26.372138],[-98.653663,26.244291],[-98.428845,26.217729],[-98.222656,26.075412],[-97.659874,26.03066],[-97.425418,25.854857],[-97.345733,25.852222],[-97.351107,25.918419],[-97.266358,25.960639],[-97.139272,25.965806]]],[[[-114.798573,18.330878],[-114.724029,18.354926],[-114.720855,18.345689],[-114.798573,18.330878]]],[[[-111.000559,18.868232],[-110.924306,18.727362],[-111.06725,18.768744],[-111.000559,18.868232]]],[[[-110.81432,19.348049],[-110.787668,19.31391],[-110.83023,19.273342],[-110.836049,19.293402],[-110.81432,19.348049]]],[[[-106.260005,21.334097],[-106.227506,21.291166],[-106.279363,21.314659],[-106.260005,21.334097]]],[[[-106.459587,21.494885],[-106.387098,21.420636],[-106.492614,21.469005],[-106.459587,21.494885]]],[[[-106.548004,21.668546],[-106.532361,21.541629],[-106.631156,21.600861],[-106.660848,21.693064],[-106.548004,21.668546]]],[[[-106.688941,21.746832],[-106.657766,21.739878],[-106.678963,21.727036],[-106.688941,21.746832]]],[[[-109.93322,24.374414],[-109.802865,24.137062],[-109.900432,24.199241],[-109.93322,24.374414]]],[[[-111.657778,24.375217],[-111.462958,24.329771],[-111.673254,24.358401],[-111.657778,24.375217]]],[[[-111.753489,24.446967],[-111.708111,24.299854],[-112.006844,24.5144],[-111.864395,24.520479],[-111.753489,24.446967]]],[[[-110.415745,24.569601],[-110.287863,24.469742],[-110.34804,24.402451],[-110.415745,24.569601]]],[[[-110.710792,25.095047],[-110.574916,25.015727],[-110.524929,24.880001],[-110.642313,24.914498],[-110.710792,25.095047]]],[[[-112.136464,24.632882],[-112.059907,24.540603],[-112.176344,24.653562],[-112.155764,24.743385],[-112.304596,24.792182],[-112.125326,25.265833],[-112.213715,24.847527],[-112.115623,24.689301],[-112.136464,24.632882]]],[[[-108.90099,25.446519],[-108.786529,25.385443],[-109.013092,25.446926],[-108.90099,25.446519]]],[[[-110.753187,25.598096],[-110.805532,25.644418],[-110.773414,25.712795],[-110.753187,25.598096]]],[[[-111.056369,26.071817],[-111.180803,25.902525],[-111.204991,25.803754],[-111.176027,26.043342],[-111.056369,26.071817]]],[[[-110.044442,27.087],[-109.985245,27.069568],[-109.938034,27.021165],[-109.991444,27.064195],[-110.044442,27.087]]],[[[-110.534342,27.284357],[-110.604563,27.382514],[-110.59309,27.416986],[-110.534342,27.284357]]],[[[-115.19498,28.341358],[-115.155829,28.14078],[-115.228143,28.028323],[-115.358052,28.082579],[-115.239756,28.233606],[-115.248642,28.359315],[-115.19498,28.341358]]],[[[-112.773919,28.575782],[-112.860757,28.67186],[-112.752401,28.591081],[-112.773919,28.575782]]],[[[-112.61315,28.725763],[-112.547957,28.728549],[-112.553939,28.672288],[-112.604349,28.669434],[-112.61315,28.725763]]],[[[-112.274657,28.768388],[-112.583033,28.875363],[-112.485911,28.971625],[-112.464711,29.18183],[-112.264337,29.24689],[-112.195606,29.02133],[-112.274657,28.768388]]],[[[-113.168525,29.276118],[-113.114792,28.984478],[-113.49608,29.285201],[-113.589104,29.409599],[-113.571144,29.53995],[-113.39516,29.459318],[-113.370287,29.310009],[-113.168525,29.276118]]],[[[-114.786122,31.803046],[-114.710072,31.763739],[-114.652699,31.689765],[-114.762563,31.715644],[-114.786122,31.803046]]],[[[-87.379425,18.402493],[-87.310129,18.567206],[-87.334503,18.454372],[-87.379425,18.402493]]],[[[-87.269154,18.738511],[-87.248158,18.676215],[-87.262929,18.628648],[-87.258616,18.656968],[-87.269154,18.738511]]],[[[-91.842681,18.65119],[-91.538889,18.793118],[-91.524566,18.752143],[-91.842681,18.65119]]],[[[-86.749013,20.592231],[-86.797109,20.477484],[-86.995269,20.26081],[-86.968129,20.506252],[-86.749013,20.592231]]],[[[-86.700592,21.19892],[-86.739573,21.242825],[-86.741567,21.287665],[-86.727528,21.242906],[-86.700592,21.19892]]],[[[-97.684926,21.862454],[-97.610463,21.74018],[-97.663482,21.778469],[-97.684926,21.862454]]],[[[-97.84317,22.684882],[-97.798411,22.762519],[-97.788564,22.774848],[-97.796132,22.723782],[-97.84317,22.684882]]],[[[-118.273755,29.189563],[-118.225804,28.915052],[-118.288782,28.868083],[-118.365383,29.131653],[-118.273755,29.189563]]],[[[-113.264556,26.70893],[-113.174428,26.720445],[-113.138051,26.665107],[-113.264556,26.70893]]],[[[-89.664188,22.371069],[-89.655165,22.472001],[-89.770756,22.533241],[-89.745707,22.577249],[-89.610152,22.461081],[-89.664188,22.371069]]],[[[-110.580328,24.821168],[-110.569228,24.843842],[-110.561414,24.815017],[-110.580328,24.821168]]],[[[-115.753774,24.954413],[-115.752309,24.953274],[-115.753285,24.95303],[-115.753774,24.954413]]],[[[-110.732742,25.287954],[-110.689525,25.308389],[-110.728873,25.259982],[-110.732742,25.287954]]],[[[-112.122754,25.282136],[-112.098136,25.485822],[-112.104347,25.342348],[-112.122754,25.282136]]],[[[-111.047703,25.670636],[-111.019226,25.693887],[-111.02851,25.651793],[-111.047703,25.670636]]],[[[-111.258494,25.781399],[-111.247525,25.799136],[-111.245943,25.765702],[-111.258494,25.781399]]],[[[-111.286204,26.103132],[-111.263725,26.135042],[-111.264243,26.105006],[-111.286204,26.103132]]],[[[-112.087448,27.182942],[-112.045253,27.216644],[-112.066279,27.178965],[-112.087448,27.182942]]],[[[-111.859621,27.430141],[-111.901083,27.449228],[-111.856394,27.43787],[-111.859621,27.430141]]],[[[-115.220367,27.88864],[-115.162365,27.868343],[-115.164596,27.851296],[-115.220367,27.88864]]],[[[-111.381951,27.957243],[-111.38744,27.988079],[-111.365587,27.9534],[-111.381951,27.957243]]],[[[-115.592321,28.297501],[-115.588265,28.309779],[-115.564667,28.307373],[-115.592321,28.297501]]],[[[-113.514318,29.053284],[-113.504707,29.092178],[-113.492011,29.03595],[-113.514318,29.053284]]],[[[-114.422017,29.966236],[-114.401849,29.986034],[-114.394781,29.960184],[-114.422017,29.966236]]],[[[-116.122767,30.485167],[-116.109612,30.495347],[-116.104175,30.482589],[-116.122767,30.485167]]],[[[-117.243205,32.388743],[-117.245032,32.414627],[-117.239321,32.389118],[-117.243205,32.388743]]]]}},{"type":"Feature","properties":{"ISO3166-1-Alpha-3":"BLZ"},"geometry":{"type":"MultiPolygon","coordinates":[[[[-89.236512,15.893915],[-89.153933,17.941077],[-88.871367,17.89095],[-88.303822,18.48135],[-88.083567,18.21011],[-88.287709,17.604234],[-88.167307,17.51203],[-88.286285,17.339667],[-88.215077,16.967108],[-88.344838,16.524563],[-88.951878,15.879652],[-89.236512,15.893915]]],[[[-87.824615,17.292304],[-87.814198,17.381293],[-87.803578,17.292304],[-87.824615,17.292304]]],[[[-87.926503,17.278632],[-87.789215,17.531968],[-87.78718,17.496894],[-87.926503,17.278632]]],[[[-88.055653,17.562649],[-88.053619,17.606269],[-88.043813,17.552965],[-88.055653,17.562649]]],[[[-88.103668,17.68183],[-88.139516,17.692043],[-88.071116,17.73428],[-88.103668,17.68183]]],[[[-88.009023,17.902493],[-87.91511,17.982733],[-87.93456,17.942939],[-87.96581,17.913764],[-88.009023,17.902493]]],[[[-88.117299,17.512885],[-88.067698,17.490546],[-88.077056,17.461086],[-88.117299,17.512885]]],[[[-87.984364,18.077582],[-87.962514,18.079983],[-87.981435,18.071275],[-87.984364,18.077582]]],[[[-87.956899,18.097357],[-87.936391,18.103909],[-87.95401,18.088284],[-87.956899,18.097357]]],[[[-87.890777,18.197455],[-87.874745,18.197333],[-87.887807,18.175605],[-87.890777,18.197455]]]]}},{"type":"Feature","properties":{"ISO3166-1-Alpha-3":"PAN"},"geometry":{"type":"MultiPolygon","coordinates":[[[[-82.573598,9.576199],[-82.342763,9.432522],[-82.394928,9.267076],[-82.350575,9.207261],[-82.170806,9.199774],[-82.177642,9.145168],[-82.260732,9.164049],[-82.243031,9.004462],[-82.097808,8.930609],[-81.775543,8.940253],[-81.93342,9.129218],[-81.872874,9.129543],[-81.882802,9.179511],[-81.539052,8.812934],[-81.304463,8.781882],[-80.822418,8.890692],[-80.579337,9.080687],[-80.129709,9.206204],[-79.953731,9.373434],[-79.929433,9.304145],[-79.871212,9.404205],[-79.792958,9.349351],[-79.630335,9.608474],[-79.193757,9.539602],[-78.970583,9.573313],[-79.054873,9.531959],[-79.05806,9.457931],[-78.452607,9.408833],[-78.036901,9.236392],[-77.855744,9.054291],[-77.860097,9.110419],[-77.54475,8.714604],[-77.373525,8.66474],[-77.488728,8.473644],[-77.422324,8.45641],[-77.16327,7.939258],[-77.300419,7.902103],[-77.379897,7.77441],[-77.339745,7.707231],[-77.579989,7.528379],[-77.764215,7.705732],[-77.731245,7.530343],[-77.820181,7.476547],[-77.918813,7.241645],[-78.292144,7.691474],[-78.436147,8.058295],[-78.252187,8.117499],[-78.305776,8.253852],[-78.199696,8.274359],[-78.132476,8.405341],[-78.002553,8.237006],[-77.885976,8.234687],[-77.778147,8.11579],[-77.737213,8.130316],[-77.880686,8.243313],[-78.023183,8.290473],[-78.088124,8.512763],[-78.134429,8.561713],[-78.094146,8.410875],[-78.15685,8.466213],[-78.24059,8.383531],[-78.202748,8.424506],[-78.223256,8.541815],[-78.223256,8.438178],[-78.257395,8.50023],[-78.367258,8.424506],[-78.408193,8.548041],[-78.360992,8.39411],[-78.415639,8.356269],[-78.531728,8.575995],[-78.483957,8.575995],[-78.504384,8.634019],[-78.618886,8.681464],[-78.614247,8.774604],[-78.651519,8.707953],[-78.799875,8.863349],[-78.838002,8.816962],[-78.873891,8.891181],[-79.082997,8.988837],[-79.080881,9.062812],[-79.107737,9.083075],[-79.069895,9.093329],[-79.05248,9.12401],[-79.027699,9.111029],[-78.977366,9.145168],[-79.05248,9.130845],[-79.119049,9.083197],[-79.116078,8.994127],[-79.42748,9.013373],[-79.519195,8.966376],[-79.51183,8.898139],[-79.566396,8.95954],[-79.563873,8.892768],[-79.752024,8.815579],[-79.746816,8.697943],[-79.826311,8.63852],[-79.696897,8.648888],[-79.774396,8.57955],[-80.080881,8.371772],[-80.224965,8.301052],[-80.375762,8.315253],[-80.470245,8.220649],[-80.484405,8.082546],[-80.052398,7.637112],[-80.017852,7.456814],[-80.135528,7.424628],[-80.259063,7.438259],[-80.306874,7.424628],[-80.259063,7.424628],[-80.437245,7.246487],[-80.861806,7.205715],[-80.929718,7.256496],[-80.891591,7.360175],[-80.946319,7.555691],[-81.08609,7.77912],[-81.02127,7.822699],[-81.053578,7.9112],[-81.087677,7.842312],[-81.192413,7.863349],[-81.199941,7.893622],[-81.218048,7.897528],[-81.164703,7.789008],[-81.245961,7.754177],[-81.193267,7.700751],[-81.218048,7.608954],[-81.424102,7.671047],[-81.574941,7.760403],[-81.60912,7.986355],[-81.63329,7.945868],[-81.708363,8.031317],[-81.746246,8.191799],[-81.780385,8.123481],[-81.951812,8.191433],[-81.931182,8.233344],[-81.978383,8.192532],[-82.11559,8.233344],[-82.156524,8.15766],[-82.143463,8.212917],[-82.219228,8.219062],[-82.184438,8.343207],[-82.400136,8.287991],[-82.430898,8.356269],[-82.470855,8.277126],[-82.808705,8.295681],[-82.877187,8.219062],[-82.849233,8.062038],[-82.897629,8.034748],[-82.943666,8.248567],[-83.052109,8.327632],[-82.848297,8.465169],[-82.92297,8.756159],[-82.719365,8.921524],[-82.939377,9.059577],[-82.941703,9.456349],[-82.846385,9.492548],[-82.847471,9.600655],[-82.632135,9.484668],[-82.573598,9.576199]]],[[[-81.816233,7.271308],[-81.766713,7.287421],[-81.793446,7.225979],[-81.816233,7.271308]]],[[[-81.174387,7.53144],[-81.03307,7.575426],[-81.251943,7.490424],[-81.174387,7.53144]]],[[[-81.759918,7.644273],[-81.588002,7.335191],[-81.746246,7.348863],[-81.875111,7.490424],[-81.759918,7.644273]]],[[[-82.211781,8.199205],[-82.245961,8.171291],[-82.315663,8.214911],[-82.273834,8.233344],[-82.211781,8.199205]]],[[[-82.350006,8.293647],[-82.386464,8.212877],[-82.430898,8.259996],[-82.350006,8.293647]]],[[[-79.129411,8.287243],[-79.065741,8.26076],[-79.122709,8.208982],[-79.129411,8.287243]]],[[[-82.318227,8.099921],[-82.343129,8.123358],[-82.320709,8.130316],[-82.318227,8.099921]]],[[[-79.082438,8.415997],[-79.130098,8.40487],[-79.118238,8.42911],[-79.082438,8.415997]]],[[[-82.211781,9.349351],[-82.074615,9.28852],[-82.138824,9.245307],[-82.211781,9.349351]]],[[[-82.328481,9.412055],[-82.266428,9.439358],[-82.245961,9.330064],[-82.280751,9.374701],[-82.328481,9.412055]]],[[[-78.892244,8.458047],[-78.834476,8.342811],[-78.920476,8.282566],[-78.903985,8.219222],[-78.974712,8.444368],[-78.892244,8.458047]]],[[[-79.569154,8.783117],[-79.553827,8.803426],[-79.543381,8.775545],[-79.569154,8.783117]]],[[[-81.571671,9.089599],[-81.547221,9.102741],[-81.534492,9.085917],[-81.571671,9.089599]]],[[[-82.050084,9.145941],[-82.05184,9.182193],[-82.010477,9.141459],[-82.050084,9.145941]]]]}},{"type":"Feature","properties":{"ISO3166-1-Alpha-3":"VEN"},"geometry":{"type":"MultiPolygon","coordinates":[[[[-60.020985,8.55801],[-59.829289,8.245105],[-59.957059,8.200147],[-60.029587,8.042818],[-60.231125,7.964114],[-60.37476,7.823606],[-60.525758,7.813374],[-60.601257,7.63385],[-60.730578,7.525433],[-60.601774,7.330148],[-60.628413,7.191138],[-60.548005,7.125509],[-60.475322,7.188503],[-60.372021,7.172277],[-60.303575,7.054144],[-60.377344,6.938544],[-60.700347,6.767082],[-60.90757,6.815244],[-60.933821,6.731735],[-61.12983,6.715844],[-61.21197,6.561435],[-61.139752,6.441262],[-61.121562,6.186652],[-61.396713,5.945581],[-60.664303,5.170254],[-60.612626,4.900581],[-60.895813,4.708525],[-60.977281,4.53497],[-61.315581,4.520785],[-61.29305,4.44805],[-61.501874,4.401851],[-61.567271,4.248527],[-61.737803,4.252067],[-61.866891,4.157034],[-62.035046,4.159876],[-62.153592,4.090294],[-62.428097,4.183182],[-62.536979,4.125408],[-62.560957,4.037791],[-62.744357,4.034018],[-62.788798,3.899401],[-62.749576,3.660372],[-62.889412,3.560817],[-62.997054,3.599135],[-63.35171,3.958726],[-63.4254,3.968364],[-63.510666,3.854546],[-63.671587,3.946246],[-64.037663,3.882503],[-64.1467,4.110551],[-64.58967,4.118871],[-64.69987,4.264159],[-64.791622,4.284417],[-64.813042,4.210571],[-64.642897,3.972963],[-64.202976,3.594717],[-64.222923,3.123996],[-63.997562,2.714926],[-64.047972,2.471323],[-63.384834,2.420577],[-63.372639,2.266839],[-63.411758,2.149379],[-64.036629,1.927274],[-64.092957,1.622615],[-64.352941,1.365835],[-64.40901,1.507506],[-64.730876,1.247574],[-64.839293,1.270828],[-65.136769,1.126909],[-65.203044,0.923821],[-65.327196,0.910281],[-65.45122,0.69014],[-65.542661,0.649315],[-65.587336,0.739129],[-65.518503,0.88651],[-65.596043,0.98361],[-65.74544,0.974154],[-66.134382,0.731119],[-66.285071,0.745847],[-66.875061,1.22251],[-66.980894,1.665946],[-67.132616,1.99081],[-67.114633,2.102999],[-67.217262,2.266064],[-67.189718,2.394377],[-67.575586,2.691103],[-67.626591,2.813421],[-67.751028,2.842102],[-67.855931,2.789753],[-67.838619,2.88613],[-67.309453,3.383929],[-67.499829,3.717914],[-67.631759,3.761865],[-67.786219,4.172976],[-67.793092,4.428981],[-67.875051,4.532644],[-67.793092,5.063335],[-67.834589,5.339313],[-67.617031,5.541601],[-67.625144,5.784506],[-67.422469,5.978241],[-67.491199,6.114486],[-67.449961,6.197943],[-67.827199,6.313414],[-67.977991,6.217839],[-68.635315,6.13588],[-69.061129,6.217839],[-69.246104,6.080664],[-69.331396,6.15637],[-69.443638,6.122237],[-70.129203,6.972547],[-70.319062,6.938286],[-70.703302,7.09993],[-71.184048,6.962574],[-71.292517,7.025774],[-71.620404,7.052129],[-71.848194,6.983864],[-71.993818,7.012855],[-72.098256,7.086752],[-72.206208,7.381876],[-72.414619,7.413812],[-72.478698,7.484454],[-72.491204,7.937501],[-72.335761,8.103899],[-72.393535,8.355383],[-72.67543,8.651514],[-72.79103,9.113941],[-72.95531,9.103993],[-73.009725,9.295377],[-73.212245,9.173446],[-73.390839,9.194504],[-72.98554,9.812167],[-72.914899,10.432904],[-72.499317,11.120795],[-72.267083,11.154902],[-71.97108,11.661925],[-71.357629,11.850802],[-71.378163,11.75845],[-71.96052,11.591254],[-71.856923,11.216986],[-71.626454,11.01496],[-71.768666,11.015286],[-71.576283,10.721096],[-71.629547,10.454006],[-71.969065,10.105699],[-72.124379,9.826077],[-71.998931,9.654731],[-71.946848,9.541164],[-71.987864,9.610053],[-71.995229,9.459215],[-71.918935,9.50019],[-71.84439,9.439358],[-71.900746,9.434556],[-71.905263,9.384711],[-71.891591,9.425727],[-71.734527,9.384711],[-71.73998,9.289374],[-71.816518,9.233303],[-71.7447,9.237616],[-71.761871,9.130845],[-71.708567,9.076728],[-71.557688,9.041571],[-71.241038,9.155748],[-71.062408,9.326646],[-71.09024,9.555406],[-71.035634,9.744086],[-71.46935,10.401801],[-71.583119,10.809231],[-71.445912,10.79621],[-71.412465,10.919094],[-71.501129,10.960028],[-70.231067,11.351587],[-70.154466,11.469974],[-70.036529,11.440904],[-70.161598,11.568545],[-69.794911,11.436713],[-69.743642,11.503363],[-69.816029,11.693671],[-70.211781,11.609076],[-70.207997,11.774319],[-70.301991,11.85814],[-70.2058,12.112006],[-70.01773,12.19892],[-69.835317,12.015204],[-69.747141,11.63227],[-69.623606,11.46776],[-69.270416,11.536038],[-68.863189,11.452867],[-68.40331,11.200263],[-68.278432,10.925482],[-68.376617,10.919094],[-68.23884,10.884955],[-68.331939,10.829576],[-68.287099,10.657904],[-68.129547,10.487738],[-67.865387,10.452216],[-67.012359,10.611233],[-66.275868,10.652167],[-66.046539,10.576483],[-66.122222,10.507025],[-65.882069,10.309556],[-65.923004,10.282213],[-65.717641,10.22016],[-65.868479,10.309556],[-65.083974,10.047512],[-64.776601,10.090399],[-64.71703,10.227607],[-64.667633,10.187323],[-64.631418,10.248114],[-64.468373,10.248603],[-64.376698,10.300767],[-64.463368,10.332831],[-64.381256,10.386217],[-64.357411,10.33869],[-64.188547,10.477607],[-63.863637,10.446112],[-63.655019,10.494534],[-64.03185,10.590074],[-64.233876,10.515041],[-64.270741,10.672675],[-64.144765,10.617418],[-63.91511,10.631049],[-63.812123,10.713609],[-63.553334,10.629136],[-63.16161,10.734687],[-62.928212,10.699368],[-62.705678,10.76203],[-62.154205,10.686347],[-61.845774,10.740953],[-61.962473,10.652167],[-62.252675,10.632392],[-62.33495,10.530219],[-62.662343,10.567043],[-62.923329,10.530829],[-63.010813,10.453559],[-62.857004,10.531562],[-62.831125,10.406806],[-62.995188,10.407864],[-62.956166,10.357367],[-63.003977,10.275377],[-62.93163,10.285631],[-62.942494,10.405178],[-62.764475,10.395331],[-62.626576,10.130805],[-62.656606,10.08218],[-62.777455,10.086493],[-62.822743,10.04206],[-62.901519,10.103461],[-63.017649,10.103461],[-62.936025,10.008246],[-62.914622,10.083645],[-62.801096,9.995998],[-62.784983,10.06977],[-62.716705,10.048407],[-62.61852,10.09162],[-62.579945,10.224433],[-62.494944,10.151801],[-62.318715,9.706244],[-62.242991,9.842841],[-62.257232,9.974351],[-62.221995,9.938381],[-62.1787,9.846137],[-62.215688,9.637926],[-62.154286,9.726142],[-62.19518,9.932807],[-62.027333,9.874416],[-62.221425,9.951809],[-62.196476,10.019678],[-61.831451,9.791938],[-61.845774,9.651028],[-61.7801,9.759223],[-61.743316,9.596381],[-61.731028,9.694037],[-61.828172,9.827158],[-61.592519,9.781968],[-61.636735,9.898771],[-61.422265,9.736261],[-61.503098,9.839567],[-61.439168,9.818411],[-61.206044,9.577379],[-61.053212,9.581285],[-60.862294,9.456122],[-60.78539,9.313544],[-61.085439,9.102444],[-61.11205,9.04149],[-60.959137,9.182522],[-61.09968,8.960354],[-61.209462,8.609036],[-61.659047,8.616523],[-61.598744,8.555487],[-61.35912,8.486558],[-61.284047,8.397203],[-61.18102,8.493394],[-61.026601,8.500922],[-61.077992,8.466457],[-61.071889,8.403306],[-60.975575,8.575995],[-60.692454,8.604682],[-60.478912,8.532375],[-60.371897,8.635403],[-60.020985,8.55801]]],[[[-61.016469,8.610093],[-61.041575,8.518541],[-61.270375,8.514553],[-61.22761,8.571601],[-61.126373,8.534369],[-61.098459,8.602688],[-61.016469,8.610093]]],[[[-60.920277,9.028469],[-60.838368,9.000556],[-60.86498,8.94123],[-61.091624,8.822414],[-60.920277,9.028469]]],[[[-61.085439,8.890692],[-61.069325,8.978827],[-60.85204,9.096137],[-60.87564,9.043647],[-60.942983,9.025824],[-61.085439,8.890692]]],[[[-60.853342,9.194037],[-60.889719,9.098578],[-60.961293,9.069403],[-60.936757,9.164618],[-60.853342,9.194037]]],[[[-60.828969,9.18769],[-60.728505,9.192939],[-60.845204,9.116604],[-60.828969,9.18769]]],[[[-64.004506,10.775702],[-63.903635,10.777289],[-63.909169,10.735541],[-64.004506,10.775702]]],[[[-65.22761,10.953803],[-65.204945,10.904364],[-65.244618,10.884955],[-65.411773,10.92475],[-65.22761,10.953803]]],[[[-63.880971,11.179145],[-63.787668,10.973782],[-63.898061,10.884955],[-64.059722,10.857611],[-64.175852,10.967475],[-64.408559,10.967475],[-64.370595,11.062486],[-64.220082,11.091539],[-64.049062,10.990709],[-63.976552,11.118313],[-63.880971,11.179145]]],[[[-66.615102,11.824042],[-66.641835,11.761461],[-66.704498,11.783108],[-66.615102,11.824042]]],[[[-66.179555,11.823188],[-66.114003,11.779934],[-66.194325,11.817694],[-66.179555,11.823188]]],[[[-64.607167,11.899115],[-64.556793,11.857327],[-64.562856,11.816596],[-64.648793,11.830268],[-64.607167,11.899115]]],[[[-66.854604,11.75137],[-66.728017,11.78205],[-66.827789,11.746243],[-66.854604,11.75137]]],[[[-66.814809,11.873236],[-66.711781,11.867906],[-66.81786,11.87108],[-66.814809,11.873236]]],[[[-67.674875,11.989651],[-67.648997,11.983954],[-67.637603,11.980048],[-67.665883,11.982001],[-67.674875,11.989651]]],[[[-67.680409,12.025051],[-67.681549,12.025784],[-67.679067,12.028144],[-67.680409,12.025051]]],[[[-67.677602,12.027818],[-67.677235,12.030015],[-67.676666,12.026923],[-67.677602,12.027818]]],[[[-67.676991,12.046332],[-67.674672,12.048407],[-67.676096,12.04442],[-67.676991,12.046332]]],[[[-67.681386,12.063707],[-67.68102,12.061835],[-67.684438,12.063463],[-67.681386,12.063707]]],[[[-67.687327,12.065579],[-67.688832,12.068996],[-67.687082,12.067532],[-67.687327,12.065579]]],[[[-63.635487,15.694037],[-63.643625,15.700588],[-63.634592,15.700588],[-63.635487,15.694037]]],[[[-61.540116,8.565411],[-61.314603,8.571314],[-61.263688,8.456088],[-61.540116,8.565411]]],[[[-60.808134,8.632888],[-60.676056,8.762917],[-60.617677,8.636723],[-60.808134,8.632888]]],[[[-61.12644,8.756478],[-60.732365,8.89215],[-60.686043,8.789015],[-60.846576,8.637715],[-61.169915,8.595314],[-61.12644,8.756478]]],[[[-62.349355,9.872301],[-62.316396,9.885647],[-62.325754,9.844184],[-62.349355,9.872301]]],[[[-62.426869,10.049221],[-62.408925,9.972561],[-62.436187,10.046576],[-62.426869,10.049221]]],[[[-62.286366,10.0244],[-62.235341,10.013861],[-62.298004,9.98371],[-62.286366,10.0244]]],[[[-62.781117,10.492906],[-62.65982,10.310004],[-62.787587,10.430121],[-62.781117,10.492906]]],[[[-64.20344,10.827297],[-64.174794,10.799221],[-64.220937,10.806464],[-64.20344,10.827297]]]]}},{"type":"Feature","properties":{"ISO3166-1-Alpha-3":"PNG"},"geometry":{"type":"MultiPolygon","coordinates":[[[[140.974457,-2.600518],[141.27589,-2.642348],[141.885427,-2.9638],[142.010427,-2.960382],[142.062836,-3.060154],[142.948985,-3.335056],[143.52296,-3.435968],[144.021495,-3.802992],[144.167003,-3.800551],[144.12615,-3.814142],[144.23878,-3.868829],[144.309906,-3.798435],[144.513438,-3.81756],[144.557791,-3.979425],[144.867849,-4.099216],[144.865001,-4.161554],[145.07781,-4.356622],[145.345714,-4.390232],[145.801443,-4.842462],[145.759613,-5.476983],[145.893809,-5.513604],[145.969493,-5.465265],[146.460948,-5.599298],[147.116466,-5.969008],[147.343598,-5.930759],[147.511404,-6.000258],[147.826671,-6.335382],[147.854015,-6.691013],[147.565278,-6.753839],[146.962657,-6.747003],[146.956228,-6.954685],[147.07252,-7.014418],[147.188487,-7.462579],[147.487315,-7.616306],[147.726817,-7.932061],[147.876475,-7.937188],[147.998546,-8.055352],[148.146332,-8.045668],[148.229503,-8.55462],[148.445323,-8.674737],[148.585623,-9.06406],[148.758311,-9.103692],[149.141856,-8.974542],[149.309337,-9.017022],[149.334239,-9.145278],[149.182872,-9.368097],[149.226573,-9.486749],[149.441417,-9.590509],[150.000987,-9.634047],[150.048839,-9.684503],[149.730968,-9.80934],[149.854503,-10.014907],[150.382172,-10.201593],[150.601736,-10.20672],[150.627208,-10.277927],[150.874034,-10.224705],[150.653087,-10.338474],[150.366466,-10.326918],[150.361501,-10.399672],[150.647309,-10.476983],[150.687348,-10.56756],[150.429861,-10.687677],[150.211274,-10.701349],[150.0088,-10.563735],[149.854503,-10.55047],[150.081554,-10.461114],[149.954763,-10.426446],[149.92335,-10.488458],[149.748383,-10.338311],[149.5088,-10.364923],[149.368419,-10.276137],[148.747813,-10.234633],[148.767426,-10.158298],[148.689301,-10.104913],[148.638682,-10.187921],[148.402029,-10.200453],[148.15504,-10.070733],[147.977387,-10.166274],[147.854015,-10.098077],[147.867524,-10.04339],[147.716807,-10.098077],[147.310069,-9.538832],[147.172618,-9.513279],[147.122244,-9.431248],[147.069998,-9.473403],[146.966075,-9.279067],[146.894867,-9.268243],[146.888194,-9.131606],[146.976817,-9.076104],[146.975352,-9.033461],[146.872813,-9.106541],[146.601817,-9.006036],[146.54835,-8.892022],[146.606456,-8.802016],[146.363048,-8.560968],[146.235118,-8.274347],[146.116547,-8.200128],[146.099864,-8.083266],[145.798106,-8.007013],[145.79127,-7.911879],[145.719086,-7.960382],[145.441905,-7.944106],[145.184093,-7.805597],[144.879568,-7.781671],[144.852306,-7.569431],[144.824962,-7.68255],[144.653575,-7.561293],[144.661143,-7.63421],[144.604015,-7.656915],[144.522309,-7.496189],[144.513927,-7.67197],[144.407237,-7.514093],[144.507823,-7.798028],[144.367198,-7.743585],[144.311046,-7.610284],[144.333832,-7.688653],[144.228526,-7.658136],[144.276215,-7.767999],[144.214854,-7.795994],[143.85141,-7.651788],[143.765798,-7.506036],[143.646251,-7.438409],[143.745616,-7.523696],[143.956798,-7.972263],[143.803966,-7.93255],[143.913829,-8.007582],[143.767345,-8.040216],[143.488943,-7.989028],[143.448416,-7.918878],[143.364024,-7.896417],[143.559825,-8.044854],[143.612478,-8.23919],[142.957856,-8.337172],[142.700369,-8.261407],[142.494477,-8.333266],[142.413829,-8.310479],[142.360037,-8.167087],[142.224783,-8.173272],[142.146169,-8.21738],[142.354015,-8.188735],[142.397309,-8.328058],[142.452159,-8.373305],[142.728282,-8.316664],[143.102061,-8.467218],[143.395274,-8.768731],[143.372569,-8.99977],[143.052745,-9.093357],[142.652599,-9.330255],[142.210704,-9.158949],[141.621267,-9.234063],[141.345876,-9.141534],[141.152599,-9.232192],[140.97698,-9.106134],[140.977162,-6.896632],[140.849211,-6.702846],[140.976904,-6.335116],[140.974457,-2.600518]]],[[[153.761567,-11.58587],[153.555349,-11.635675],[153.472992,-11.55047],[153.372813,-11.559015],[153.383637,-11.495212],[153.288097,-11.523126],[153.322276,-11.46852],[153.228526,-11.426528],[153.205577,-11.317071],[153.761567,-11.58587]]],[[[154.281749,-11.34824],[154.268077,-11.420668],[154.007498,-11.385919],[154.143321,-11.368341],[154.090017,-11.310805],[154.281749,-11.34824]]],[[[153.253917,-11.242608],[153.199229,-11.263116],[153.104503,-11.185479],[153.253917,-11.242608]]],[[[152.540782,-10.625665],[152.871104,-10.674412],[152.753673,-10.708185],[152.540782,-10.625665]]],[[[151.074718,-10.605727],[151.046397,-10.669692],[150.93686,-10.632501],[150.92449,-10.680271],[150.934093,-10.599867],[151.074718,-10.605727]]],[[[150.875499,-10.53631],[150.891938,-10.647149],[150.793468,-10.639907],[150.773692,-10.598321],[150.865733,-10.623468],[150.790375,-10.539972],[150.875499,-10.53631]]],[[[151.177013,-9.954685],[151.300629,-9.967706],[151.23227,-10.200453],[150.958018,-10.104913],[150.992524,-9.993829],[150.944347,-9.954685],[150.907237,-9.997328],[150.763927,-9.702813],[151.089692,-10.027927],[151.142914,-10.036554],[151.177013,-9.954685]]],[[[150.800955,-9.652439],[150.433604,-9.63128],[150.513682,-9.54697],[150.43214,-9.36533],[150.79835,-9.425714],[150.930919,-9.652439],[150.841319,-9.713962],[150.800955,-9.652439]]],[[[150.368907,-9.37184],[150.312266,-9.519464],[150.171641,-9.435642],[150.112804,-9.299412],[150.214529,-9.205824],[150.368907,-9.37184]]],[[[152.995469,-9.141299],[152.929447,-9.191946],[152.967416,-9.256546],[152.811554,-9.254673],[152.744234,-9.181268],[152.735896,-9.2604],[152.644216,-9.182558],[152.704511,-9.144571],[152.47162,-9.04513],[152.451666,-8.96527],[152.421424,-9.083721],[152.388623,-8.991155],[152.452304,-8.94499],[152.794171,-9.003497],[152.995469,-9.141299]]],[[[151.138357,-8.59059],[151.142914,-8.830662],[151.04363,-8.726983],[151.122406,-8.58294],[150.999034,-8.518162],[151.129242,-8.419122],[151.138357,-8.59059]]],[[[143.474864,-8.525323],[143.628917,-8.730401],[143.178884,-8.419122],[143.474864,-8.525323]]],[[[143.610606,-8.47503],[143.316661,-8.372247],[143.573741,-8.373712],[143.610606,-8.47503]]],[[[148.049164,-5.606134],[148.067638,-5.74684],[147.991059,-5.856215],[147.769054,-5.611749],[147.771332,-5.506931],[147.847179,-5.486423],[148.049164,-5.606134]]],[[[155.933442,-6.640802],[155.930186,-6.793634],[155.915782,-6.727146],[155.878184,-6.801528],[155.816417,-6.782159],[155.697032,-6.876642],[155.330089,-6.719659],[155.173106,-6.527927],[155.234874,-6.45436],[155.214854,-6.317071],[154.990896,-6.208754],[154.75587,-5.947849],[154.700206,-5.76686],[154.770356,-5.55877],[154.700206,-5.431085],[154.891938,-5.55462],[155.064952,-5.547784],[155.21339,-5.869887],[155.370372,-5.957289],[155.502778,-6.189223],[155.63852,-6.178399],[155.813324,-6.364841],[155.933442,-6.640802]]],[[[148.100352,-5.37656],[148.146495,-5.41961],[148.12086,-5.465265],[148.076345,-5.428643],[148.100352,-5.37656]]],[[[147.562022,-5.307794],[147.647797,-5.321222],[147.600108,-5.362888],[147.562022,-5.307794]]],[[[147.112559,-5.191827],[147.243826,-5.355401],[147.161876,-5.444757],[147.005138,-5.319431],[147.112559,-5.191827]]],[[[154.727387,-5.211358],[154.688731,-5.427341],[154.631847,-5.45908],[154.577647,-5.119561],[154.535655,-5.137465],[154.62436,-5.01336],[154.727387,-5.211358]]],[[[149.121918,-4.883071],[149.1692,-4.862481],[149.180431,-4.879164],[149.156098,-4.924005],[149.121918,-4.883071]]],[[[146.23227,-4.853285],[146.243337,-4.787367],[146.263845,-4.835219],[146.23227,-4.853285]]],[[[149.519298,-4.643487],[149.561778,-4.672784],[149.560232,-4.71795],[149.512462,-4.663344],[149.4546,-4.692478],[149.519298,-4.643487]]],[[[145.996837,-4.534275],[146.055186,-4.659926],[145.93922,-4.760919],[145.880707,-4.649591],[145.996837,-4.534275]]],[[[152.417979,-4.34531],[152.36085,-4.506524],[152.411632,-4.68377],[152.29184,-4.935479],[152.157725,-4.999282],[151.974376,-4.984145],[151.97755,-5.148614],[152.147472,-5.345798],[152.098888,-5.455743],[151.834239,-5.59295],[151.72047,-5.528904],[151.619314,-5.575128],[151.464122,-5.534275],[151.532563,-5.664727],[151.182791,-5.964288],[151.061046,-6.029392],[150.821462,-6.01393],[150.796072,-6.120294],[150.465099,-6.274021],[149.635427,-6.308201],[149.488129,-6.12005],[149.320567,-6.054864],[149.052908,-6.161716],[149.053071,-6.006524],[148.868175,-5.992852],[148.764415,-5.862726],[148.386241,-5.775079],[148.328949,-5.68377],[148.342052,-5.533298],[148.429942,-5.444757],[148.556407,-5.539972],[148.651866,-5.48089],[148.847667,-5.540948],[148.978038,-5.465265],[149.224376,-5.599298],[149.49879,-5.5888],[149.670095,-5.478936],[149.718435,-5.568943],[149.911469,-5.515069],[149.985362,-5.420831],[149.916515,-5.349216],[150.026378,-5.22503],[150.013194,-5.085545],[150.112559,-5.007745],[150.202403,-5.062107],[150.075369,-5.159112],[150.032074,-5.29518],[150.161306,-5.546645],[150.306895,-5.561456],[150.474132,-5.447931],[150.633962,-5.556736],[150.809581,-5.443292],[150.917003,-5.486423],[151.012543,-5.410577],[151.082856,-5.163832],[151.368907,-4.903497],[151.612478,-4.96559],[151.678966,-4.90016],[151.657481,-4.608087],[151.519786,-4.320733],[151.540294,-4.17669],[151.817149,-4.213962],[151.964692,-4.331231],[152.030284,-4.276625],[152.008637,-4.191664],[152.136729,-4.204685],[152.185069,-4.142511],[152.245779,-4.235121],[152.177582,-4.21087],[152.18572,-4.308526],[152.417979,-4.34531]]],[[[145.078868,-4.047052],[145.100108,-4.116306],[145.038341,-4.122817],[145.02711,-4.058201],[145.078868,-4.047052]]],[[[153.191742,-3.470961],[153.233409,-3.444268],[153.260102,-3.498956],[153.247081,-3.498956],[153.191742,-3.470961]]],[[[153.267589,-3.403253],[153.342784,-3.378676],[153.343272,-3.416274],[153.267589,-3.403253]]],[[[154.55318,-3.206315],[154.716567,-3.393438],[154.731779,-3.460814],[154.55318,-3.206315]]],[[[152.650645,-3.046482],[152.643809,-3.224542],[152.531557,-3.075272],[152.650645,-3.046482]]],[[[150.882335,-2.903009],[151.026215,-2.970636],[150.769786,-2.979587],[150.882335,-2.903009]]],[[[152.071544,-2.916681],[152.025356,-2.996072],[151.971934,-2.847833],[152.023774,-2.896742],[152.071544,-2.916681]]],[[[152.009776,-2.744806],[151.987071,-2.831231],[151.91584,-2.84429],[151.913038,-2.705389],[152.009776,-2.744806]]],[[[152.037364,-2.642348],[151.960297,-2.626723],[151.999522,-2.594496],[152.037364,-2.642348]]],[[[153.137218,-4.269464],[153.137218,-4.375909],[153.041026,-4.485772],[153.075206,-4.601821],[152.897716,-4.848321],[152.689789,-4.547784],[152.687836,-4.163832],[152.288585,-3.569757],[151.809093,-3.361098],[151.612478,-3.166192],[151.090587,-2.832696],[150.759776,-2.768813],[150.76002,-2.711033],[150.892426,-2.697524],[150.793468,-2.615004],[150.812673,-2.555841],[151.216319,-2.869236],[151.437348,-2.908868],[151.813813,-3.187433],[152.052501,-3.246677],[152.424653,-3.656508],[152.506196,-3.657322],[152.574962,-3.821059],[152.823497,-3.871352],[152.871104,-3.990899],[152.946056,-3.985528],[153.137218,-4.269464]]],[[[150.465099,-2.532485],[150.451345,-2.65838],[150.186778,-2.679457],[149.958751,-2.462986],[150.207856,-2.37477],[150.465099,-2.532485]]],[[[147.826671,-2.237563],[147.858165,-2.324477],[147.730479,-2.32643],[147.78712,-2.3117],[147.826671,-2.237563]]],[[[147.38087,-1.961521],[147.431163,-2.060805],[147.291759,-2.064223],[147.20574,-2.18613],[146.954926,-2.194757],[146.702403,-2.114353],[146.727712,-2.17669],[146.571544,-2.228123],[146.520193,-2.149591],[146.617198,-2.106866],[146.580577,-1.995212],[146.657888,-1.963311],[147.110037,-1.963311],[147.415782,-2.045831],[147.38087,-1.961521]]],[[[149.618663,-1.353774],[149.792979,-1.580336],[149.667003,-1.57586],[149.539806,-1.42547],[149.618663,-1.353774]]],[[[154.192149,-4.464614],[154.25408,-4.526544],[154.23227,-4.580662],[154.185313,-4.546075],[154.241954,-4.527927],[154.192149,-4.464614]]],[[[154.151378,-4.438084],[154.134532,-4.377211],[154.144705,-4.369073],[154.155528,-4.397556],[154.151378,-4.438084]]],[[[152.431326,-4.163018],[152.506196,-4.17197],[152.492686,-4.21087],[152.431326,-4.163018]]],[[[153.664806,-4.040704],[153.670584,-4.090265],[153.629649,-4.129978],[153.589854,-4.088067],[153.664806,-4.040704]]],[[[153.686534,-4.016371],[153.732921,-4.040704],[153.678884,-4.026462],[153.686534,-4.016371]]],[[[152.107677,-10.400567],[152.099132,-10.390883],[152.110118,-10.39129],[152.107677,-10.400567]]],[[[151.86964,-10.344822],[151.868419,-10.337823],[151.877452,-10.334161],[151.86964,-10.344822]]],[[[151.852712,-10.259535],[151.862315,-10.250258],[151.856619,-10.264907],[151.852712,-10.259535]]],[[[144.595876,-3.517348],[144.618663,-3.508722],[144.619802,-3.51629],[144.595876,-3.517348]]],[[[144.061569,-3.215308],[144.095799,-3.188539],[144.134499,-3.230088],[144.115155,-3.247935],[144.061569,-3.215308]]],[[[142.8449,-1.71266],[142.833507,-1.697035],[142.865489,-1.703302],[142.8449,-1.71266]]],[[[151.022227,-9.591404],[151.017914,-9.668878],[150.959809,-9.59238],[151.022227,-9.591404]]],[[[143.780284,-8.513279],[143.813487,-8.530857],[143.796072,-8.538263],[143.780284,-8.513279]]],[[[143.63795,-8.34059],[143.648285,-8.425877],[143.540863,-8.35003],[143.63795,-8.34059]]],[[[143.613292,-8.094903],[143.666677,-8.167413],[143.599376,-8.110772],[143.613292,-8.094903]]],[[[143.612559,-8.020115],[143.69044,-8.100193],[143.56422,-8.029962],[143.612559,-8.020115]]],[[[151.143809,-4.896091],[151.206798,-4.947524],[151.119477,-4.925714],[151.143809,-4.896091]]],[[[143.593923,-3.348728],[143.523123,-3.361017],[143.51588,-3.320408],[143.593923,-3.348728]]],[[[150.004242,-1.672621],[149.927257,-1.684991],[149.91212,-1.653741],[149.964122,-1.630304],[150.004242,-1.672621]]]]}},{"type":"Feature","properties":{"ISO3166-1-Alpha-3":"EGY"},"geometry":{"type":"MultiPolygon","coordinates":[[[[33.975597,26.790025],[34.003591,26.708197],[33.955089,26.790025],[33.975597,26.790025]]],[[[34.200269,31.314267],[34.886729,29.490058],[34.257335,27.728583],[33.228689,28.569403],[32.57781,30.01142],[32.337657,29.592475],[33.554373,27.89647],[33.941417,26.65351],[35.144556,24.500206],[35.792535,23.902291],[35.483871,23.917787],[35.695305,22.932126],[36.883637,21.995714],[31.435476,21.995351],[31.42328,22.226965],[31.248407,21.994369],[24.981245,21.995351],[24.981245,29.181372],[24.688653,30.182758],[25.088422,31.613524],[27.320649,31.381008],[29.028087,30.827053],[31.097423,31.607896],[31.556814,31.443345],[31.87436,31.53559],[31.912934,31.534898],[31.944835,31.520941],[32.199555,31.295071],[31.889496,31.53205],[31.766938,31.284654],[32.106456,31.053371],[32.207042,31.295071],[32.927257,31.155422],[32.666515,31.052314],[32.731293,31.038764],[33.64796,31.117255],[34.200269,31.314267]],[[35.429207,22.97833],[35.212088,22.786263],[35.621087,23.139293],[35.429207,22.97833]],[[34.777558,22.499765],[34.828226,22.60689],[34.861952,22.680182],[34.777558,22.499765]],[[34.147476,22.191856],[34.682088,22.297912],[34.42276,22.249207],[34.147476,22.191856]]],[[[34.028494,27.502021],[33.933767,27.494696],[33.913585,27.523749],[34.028494,27.502021]]],[[[34.704695,27.908368],[34.681773,27.958703],[34.731882,27.957141],[34.704695,27.908368]]],[[[34.534841,28.008246],[34.518077,27.930406],[34.489513,27.996039],[34.534841,28.008246]]],[[[32.969737,31.086575],[32.98699,31.083645],[32.989268,31.073432],[32.969737,31.086575]]],[[[33.475922,31.14175],[33.298676,31.212795],[33.269786,31.216783],[33.475922,31.14175]]],[[[33.104747,31.240302],[33.10255,31.226752],[32.934744,31.147935],[33.104747,31.240302]]]]}},{"type":"Feature","properties":{"ISO3166-1-Alpha-3":"YEM"},"geometry":{"type":"MultiPolygon","coordinates":[[[[51.978615,18.995638],[52.721464,17.29817],[52.801562,17.267423],[53.090343,16.642401],[52.532563,16.447252],[52.292735,16.263821],[52.155528,15.983873],[52.224376,15.846747],[52.228363,15.616116],[51.367849,15.229722],[50.554047,15.04857],[50.179535,14.843329],[49.942149,14.838772],[49.372406,14.649807],[49.181895,14.516588],[49.092784,14.519599],[49.003673,14.324774],[48.695811,14.043606],[48.188731,13.969143],[48.016856,14.057278],[47.645681,13.873196],[47.398204,13.654853],[46.700694,13.430325],[46.234548,13.436347],[45.665782,13.341986],[45.403005,13.070136],[45.118175,12.961737],[45.058604,12.76203],[44.97934,12.782294],[45.035167,12.803656],[45.015147,12.85871],[44.871593,12.803534],[44.920909,12.771389],[44.881358,12.729885],[44.610606,12.819566],[44.415538,12.670152],[43.9463,12.598049],[43.600597,12.756293],[43.468028,12.683905],[43.473155,12.846625],[43.226329,13.283881],[43.280935,13.722113],[42.959321,14.513495],[43.021495,14.442084],[42.999848,14.663316],[42.883637,14.883694],[42.945649,14.811428],[42.937266,14.948472],[42.864024,15.13642],[42.610118,15.243598],[42.682628,15.246487],[42.712413,15.366278],[42.794932,15.209296],[42.691905,15.702094],[42.834809,15.915351],[42.78948,16.370958],[43.036267,16.536304],[43.084946,16.672575],[43.179979,16.664617],[43.211502,16.796857],[43.112644,16.910028],[43.118432,17.086245],[43.156156,17.2097],[43.248605,17.25192],[43.165044,17.32592],[43.303072,17.459039],[43.50337,17.513454],[43.915128,17.301839],[44.149015,17.40483],[45.165387,17.428395],[45.430384,17.312019],[46.322629,17.224066],[46.710099,17.275381],[46.970342,16.956847],[47.161338,16.947442],[47.427575,17.091826],[47.589012,17.463276],[48.161949,18.148919],[49.035849,18.57972],[51.978615,18.995638]]],[[[53.263076,12.114869],[53.286884,12.127337],[53.310267,12.111444],[53.263076,12.114869]]],[[[53.003953,12.176942],[53.086378,12.134344],[52.985265,12.162727],[53.003953,12.176942]]],[[[52.064118,12.235473],[52.389578,12.197252],[52.388464,12.148868],[52.064118,12.235473]]],[[[43.390147,12.666327],[43.448985,12.652981],[43.435802,12.632148],[43.390147,12.666327]]],[[[54.119395,12.701117],[54.540294,12.550238],[54.140498,12.351344],[53.731165,12.300414],[53.572147,12.334614],[53.306895,12.543402],[53.518946,12.714351],[53.846104,12.598605],[54.119395,12.701117]]],[[[42.693533,13.699205],[42.794932,13.769924],[42.688487,13.663764],[42.693533,13.699205]]],[[[42.760265,14.064683],[42.801768,14.023139],[42.781749,13.919989],[42.691905,14.01317],[42.760265,14.064683]]],[[[42.635997,15.445543],[42.581554,15.391588],[42.628184,15.398668],[42.56837,15.268866],[42.55893,15.392971],[42.635997,15.445543]]]]}},{"type":"Feature","properties":{"ISO3166-1-Alpha-3":"MRT"},"geometry":{"type":"MultiPolygon","coordinates":[[[[-8.682385,27.285416],[-4.821613,24.995065],[-6.593107,24.994134],[-5.623347,16.527829],[-5.353286,16.311977],[-5.510951,15.494197],[-9.349218,15.495644],[-9.356453,15.697854],[-9.42389,15.440532],[-10.725361,15.433064],[-10.915169,15.102904],[-11.524382,15.643465],[-12.070395,14.734399],[-12.888356,15.250879],[-13.484934,16.154984],[-13.835766,16.120568],[-14.406635,16.660793],[-16.273808,16.523179],[-16.542348,15.808824],[-16.035227,18.141425],[-16.535471,19.380805],[-16.359202,19.415839],[-16.284901,19.529283],[-16.465077,19.412543],[-16.233795,19.793647],[-16.20226,20.233303],[-16.408681,20.675035],[-16.672678,20.677558],[-16.917592,21.159166],[-17.056874,20.766913],[-16.968339,21.324591],[-13.015247,21.333428],[-13.152293,22.820004],[-12.019339,23.460998],[-12.015308,25.9949],[-8.687656,26.000016],[-8.682385,27.285416]]],[[[-16.463979,19.684638],[-16.345937,19.868354],[-16.432485,19.601264],[-16.463979,19.684638]]],[[[-16.358551,19.677436],[-16.301625,19.722602],[-16.397694,19.599921],[-16.358551,19.677436]]],[[[-16.496897,19.705512],[-16.471547,19.699652],[-16.484242,19.67772],[-16.496897,19.705512]]],[[[-16.474233,20.594184],[-16.446401,20.607327],[-16.454172,20.571112],[-16.474233,20.594184]]]]}},{"type":"Feature","properties":{"ISO3166-1-Alpha-3":"GNQ"},"geometry":{"type":"MultiPolygon","coordinates":[[[[9.799571,2.341742],[11.322078,2.16576],[11.336341,0.999165],[9.396495,1.111477],[9.799571,2.341742]]],[[[5.628917,-1.475681],[5.618663,-1.433038],[5.633067,-1.415785],[5.628917,-1.475681]]],[[[8.922699,3.750718],[8.686209,3.197333],[8.450206,3.272935],[8.667166,3.726264],[8.922699,3.750718]]]]}},{"type":"Feature","properties":{"ISO3166-1-Alpha-3":"GMB"},"geometry":{"type":"Polygon","coordinates":[[[-16.753651,13.065009],[-16.829701,13.338528],[-16.678822,13.496161],[-16.419423,13.208197],[-16.161204,13.428697],[-15.340566,13.440823],[-15.304799,13.455308],[-15.294749,13.496161],[-16.141591,13.454576],[-16.390533,13.336859],[-16.561399,13.586914],[-15.097704,13.819984],[-13.818713,13.429362],[-14.368834,13.235705],[-15.13765,13.589973],[-15.277073,13.380296],[-15.818694,13.333528],[-15.833318,13.156847],[-16.753651,13.065009]]]}},{"type":"Feature","properties":{"ISO3166-1-Alpha-3":"HKG"},"geometry":{"type":"MultiPolygon","coordinates":[[[[114.091464,22.534388],[114.296723,22.258287],[113.896983,22.408759],[114.091464,22.534388]]],[[[114.154633,22.203599],[114.11085,22.177069],[114.1067,22.235785],[114.154633,22.203599]]],[[[114.112559,22.271511],[114.256114,22.203599],[114.207693,22.189561],[114.112559,22.271511]]],[[[114.000173,22.216132],[113.892507,22.292711],[114.054861,22.33633],[114.000173,22.216132]]]]}},{"type":"Feature","properties":{"ISO3166-1-Alpha-3":"VAT"},"geometry":{"type":"Polygon","coordinates":[[[12.454035,41.902752],[12.453031,41.903915],[12.453983,41.903862],[12.454035,41.902752]]]}},{"type":"Feature","properties":{"ISO3166-1-Alpha-3":"-99"},"geometry":{"type":"MultiPolygon","coordinates":[[[[34.012289,35.063795],[33.476799,35.002722],[33.413547,35.199403],[32.854924,35.079152],[32.710592,35.175322],[34.59254,35.691962],[33.951671,35.31151],[34.012289,35.063795]]],[[[32.619395,35.184882],[32.626204,35.16509],[32.602743,35.17434],[32.619395,35.184882]]]]}},{"type":"Feature","properties":{"ISO3166-1-Alpha-3":"-99"},"geometry":{"type":"MultiPolygon","coordinates":[[[[33.930776,35.051092],[34.012289,35.063795],[34.021961,35.057009],[33.930776,35.051092]]],[[[33.413547,35.199403],[33.711461,34.985566],[33.458815,34.977763],[33.415924,35.160336],[32.825986,35.058946],[32.712711,35.133774],[32.691549,35.183705],[33.413547,35.199403]]],[[[32.626204,35.16509],[32.633956,35.154083],[32.584809,35.172512],[32.626204,35.16509]]]]}},{"type":"Feature","properties":{"ISO3166-1-Alpha-3":"-99"},"geometry":{"type":"Polygon","coordinates":[[[77.048971,35.110442],[76.777351,35.646112],[77.800346,35.495406],[77.424659,35.302924],[77.048971,35.110442]]]}},{"type":"Feature","properties":{"ISO3166-1-Alpha-3":"-99"},"geometry":{"type":"Polygon","coordinates":[[[63.383914,45.565824],[62.803639,45.936164],[63.26635,46.382441],[63.964085,46.0205],[63.383914,45.565824]]]}},{"type":"Feature","properties":{"ISO3166-1-Alpha-3":"-99"},"geometry":{"type":"Polygon","coordinates":[[[32.85969,34.700578],[32.940929,34.568549],[32.760102,34.66911],[32.85969,34.700578]]]}},{"type":"Feature","properties":{"ISO3166-1-Alpha-3":"-99"},"geometry":{"type":"Polygon","coordinates":[[[-73.465098,-49.759959],[-73.471118,-49.317195],[-73.098247,-49.272754],[-73.059745,-49.554971],[-73.465098,-49.759959]]]}},{"type":"Feature","properties":{"ISO3166-1-Alpha-3":"-99"},"geometry":{"type":"Polygon","coordinates":[[[33.181136,21.995409],[33.392359,21.995454],[34.084179,21.995454],[33.558442,21.710957],[33.181136,21.995409]]]}},{"type":"Feature","properties":{"ISO3166-1-Alpha-3":"ATA"},"geometry":{"type":"MultiPolygon","coordinates":[[[[-54.303456,-82.191664],[-46.279205,-81.909763],[-45.948842,-82.125746],[-46.688791,-82.40545],[-45.520416,-82.526625],[-44.011098,-82.391209],[-41.58788,-81.340102],[-38.791127,-80.859552],[-37.230295,-81.089288],[-35.358388,-80.61533],[-22.53246,-79.917087],[-30.673248,-79.588067],[-29.541371,-79.280043],[-30.541493,-79.275079],[-29.941762,-79.111423],[-30.239166,-79.034275],[-34.218129,-79.138116],[-36.443756,-78.634047],[-35.312856,-77.844415],[-34.499664,-77.851983],[-34.773915,-77.687433],[-34.320546,-77.466404],[-28.85912,-76.353285],[-24.213735,-75.756443],[-18.251373,-75.460219],[-18.873525,-75.249444],[-17.802154,-74.776544],[-17.965688,-74.637872],[-17.57079,-74.369561],[-15.195546,-74.360528],[-14.361806,-73.85768],[-16.516998,-73.885186],[-15.825754,-73.78867],[-16.583241,-73.686293],[-16.543568,-73.468683],[-15.566558,-73.079278],[-13.916819,-73.10589],[-14.390736,-72.713149],[-13.379384,-72.836114],[-11.387522,-72.418064],[-10.847157,-71.780857],[-12.150299,-71.636407],[-12.349233,-71.356378],[-10.758127,-71.577407],[-9.988759,-71.119317],[-10.450063,-70.990981],[-10.069651,-70.911879],[-9.054514,-71.20672],[-8.718577,-71.704848],[-7.603912,-71.633966],[-7.779164,-71.494073],[-7.564198,-71.150567],[-7.912221,-70.843683],[-6.618276,-70.924005],[-6.01358,-70.679783],[-5.56664,-70.841729],[-6.14977,-71.366306],[-3.937164,-71.294122],[-3.492177,-71.522719],[-3.290151,-71.287205],[-2.106801,-71.485447],[-1.137563,-71.255304],[-0.518463,-71.765232],[0.232188,-71.349867],[2.519705,-70.900567],[7.668305,-70.518162],[7.479015,-70.189874],[8.443126,-70.482354],[9.136729,-70.375421],[8.898448,-70.185479],[9.294281,-70.07879],[9.979259,-70.453546],[11.853526,-70.781508],[13.041026,-70.23447],[12.444591,-70.070245],[12.969249,-70.046157],[13.848806,-70.347833],[15.826915,-70.377618],[16.577322,-70.131443],[16.505138,-70.454197],[18.093761,-70.542413],[18.941661,-70.170994],[19.296641,-70.368097],[18.930919,-70.736017],[19.567393,-70.946059],[21.201182,-70.812188],[21.745616,-70.22617],[22.579275,-70.540216],[21.826427,-70.655043],[22.326915,-70.759454],[23.292654,-70.821222],[24.108897,-70.409438],[24.968028,-70.945489],[27.275076,-70.989679],[29.841156,-70.311293],[32.745291,-70.013442],[33.000499,-69.504815],[32.505707,-68.90309],[33.215994,-68.66961],[34.300629,-68.688165],[33.603689,-69.052423],[35.125499,-69.259535],[35.243988,-69.73561],[36.70574,-69.629815],[37.036306,-69.886651],[37.786306,-69.681899],[38.940278,-70.204685],[38.803559,-69.987726],[39.161469,-69.726658],[39.778656,-69.611423],[39.857921,-68.829522],[42.536143,-68.379571],[42.828624,-68.096449],[44.803233,-67.976332],[44.618012,-67.860447],[44.973155,-67.731134],[46.401622,-67.745375],[46.622732,-67.59002],[46.234548,-67.448663],[46.479991,-67.275323],[47.441091,-67.409438],[46.919607,-67.506524],[47.327159,-67.566502],[47.093761,-67.705173],[47.634451,-67.660333],[47.358653,-67.773126],[48.4546,-67.730157],[48.171153,-67.888849],[48.38266,-68.02337],[48.71811,-67.729262],[48.582042,-67.474786],[49.405284,-67.223321],[48.361095,-67.016371],[49.216482,-66.818943],[49.159923,-67.000909],[49.882823,-67.07822],[49.69752,-67.288507],[50.881196,-67.216241],[50.459321,-67.06878],[50.829845,-66.774672],[50.239513,-66.743097],[50.322032,-66.393813],[53.790212,-65.845392],[55.183442,-65.930922],[57.276052,-66.581231],[55.991873,-66.585707],[56.706798,-66.899672],[55.732188,-67.263604],[56.153494,-67.196059],[56.170665,-67.408949],[57.593516,-66.989923],[58.915863,-67.177504],[59.093761,-67.244724],[58.548839,-67.230239],[59.51295,-67.606378],[60.466645,-67.369806],[62.617361,-67.660089],[69.639008,-67.763279],[69.634776,-68.122166],[70.179698,-68.494806],[69.281261,-68.831313],[69.857595,-68.872491],[69.303884,-69.047296],[69.740082,-69.296075],[68.742035,-69.389255],[69.355235,-69.61712],[68.88266,-69.740899],[69.206879,-69.797947],[69.022227,-69.9485],[68.572602,-70.020929],[68.177013,-69.719659],[67.217947,-70.262791],[69.257498,-70.431573],[68.896495,-71.036228],[68.055024,-71.354669],[67.262218,-72.081231],[66.977387,-72.926446],[66.325938,-73.131443],[67.223155,-73.312433],[68.022309,-73.146742],[67.921072,-72.693048],[68.332774,-72.507501],[69.559255,-72.463962],[69.856944,-72.119317],[70.729503,-71.946059],[70.446951,-71.830173],[71.539806,-71.610284],[71.158214,-71.45615],[71.726817,-70.774021],[72.345958,-70.67547],[72.852794,-70.444757],[72.639496,-70.160252],[73.405528,-69.79754],[75.438243,-69.937433],[75.91627,-69.78281],[75.820486,-69.525079],[77.841645,-69.13006],[77.985606,-68.820082],[78.669932,-68.6985],[78.461681,-68.485528],[78.746593,-68.262465],[83.615977,-67.63836],[83.386729,-67.446547],[84.491466,-67.110121],[90.398692,-66.819594],[91.960134,-66.498224],[93.739268,-66.747166],[94.917166,-66.475356],[95.556163,-66.710626],[99.069347,-66.489923],[98.716482,-66.642755],[98.826182,-66.909926],[99.529552,-66.557387],[100.500011,-66.518731],[101.476248,-66.058364],[101.168712,-66.029474],[101.336436,-65.944024],[102.713715,-65.861261],[107.779145,-66.55169],[107.709809,-66.847589],[108.207042,-66.626723],[108.858653,-66.971368],[110.744151,-66.714532],[110.489024,-66.30877],[110.927094,-66.05462],[113.203624,-65.765395],[114.429861,-66.226007],[114.322439,-66.509047],[115.780772,-66.788263],[114.030121,-67.190688],[113.704356,-67.500177],[116.942882,-66.948175],[116.883067,-67.136814],[118.459972,-67.184259],[120.445974,-66.977716],[118.732188,-67.278904],[118.956716,-67.422459],[124.015147,-66.5888],[124.716807,-66.75921],[125.940603,-66.302341],[126.372325,-66.561619],[126.430431,-66.354669],[126.854259,-66.449314],[126.569509,-66.665785],[127.062755,-66.848728],[127.081391,-67.135431],[127.363617,-66.931085],[129.064626,-67.174412],[129.72169,-66.438246],[130.704845,-66.149591],[133.792328,-66.105401],[134.426524,-66.311456],[134.109386,-66.504571],[134.350108,-66.519952],[135.343028,-66.100681],[136.656749,-66.540785],[137.457856,-66.344822],[139.822765,-66.79697],[141.9817,-66.799981],[142.477061,-67.025974],[143.508311,-66.844659],[144.114757,-67.177423],[144.512462,-67.01572],[144.662364,-67.116632],[144.321462,-67.171645],[144.514171,-67.234552],[144.085704,-67.424737],[143.880707,-67.933852],[145.279796,-67.51572],[145.615896,-67.737074],[146.048106,-67.586602],[146.528982,-67.770278],[146.410167,-67.951755],[146.872813,-67.937595],[146.602306,-68.178481],[147.064708,-68.038751],[146.718028,-68.303399],[147.060395,-68.422784],[150.956554,-68.34295],[151.024913,-68.776951],[151.566905,-68.916762],[151.923839,-68.666762],[153.844981,-68.760431],[153.681977,-68.376072],[153.878429,-68.278985],[154.718516,-68.528253],[154.518321,-68.803969],[155.637543,-69.13421],[155.775401,-68.946873],[157.139822,-69.16131],[157.422537,-69.437188],[157.905284,-69.169529],[159.773285,-69.506524],[160.334483,-69.796075],[159.878266,-69.990411],[160.759776,-70.101983],[161.451671,-70.685968],[161.361176,-70.900974],[162.340831,-71.10947],[161.997895,-70.438409],[162.595225,-70.269138],[163.89503,-70.781996],[164.240408,-70.491143],[167.700857,-70.791274],[167.870128,-70.923923],[167.139985,-70.996352],[170.182791,-71.674412],[170.2824,-71.298761],[170.966075,-71.834649],[170.585297,-72.00742],[170.333995,-71.800877],[169.772634,-72.220147],[169.885265,-72.429946],[170.2824,-72.326349],[170.255382,-72.60296],[168.316173,-72.37363],[169.932465,-72.735935],[169.21461,-73.276462],[168.394054,-72.971938],[168.334158,-73.16546],[167.171397,-73.153009],[166.340831,-72.903904],[166.766775,-73.064874],[166.777599,-73.36533],[167.095225,-73.25213],[167.929373,-73.358657],[166.139822,-73.482029],[165.817068,-73.57822],[166.2942,-73.725763],[165.651866,-73.91367],[165.198985,-73.859063],[165.031993,-73.410903],[165.358165,-73.34002],[164.526134,-73.330173],[164.893809,-73.483494],[164.87086,-73.931573],[165.308849,-74.030369],[164.410818,-73.943292],[165.434744,-74.629002],[164.340831,-74.50213],[163.684744,-74.615655],[163.4699,-74.341974],[162.36378,-74.841567],[162.786143,-74.990004],[162.595225,-75.223728],[160.582367,-75.378351],[162.191091,-75.387791],[162.306651,-75.529392],[162.029552,-75.574151],[162.900076,-75.822931],[162.092296,-76.202244],[162.884288,-76.43906],[162.423188,-76.639255],[162.97462,-76.789727],[162.301768,-76.951349],[163.162852,-77.043634],[163.824067,-77.430841],[163.440115,-77.668552],[164.243337,-77.781915],[163.728526,-77.879164],[164.556651,-77.889581],[163.842052,-78.226983],[164.639659,-78.325616],[165.494395,-78.01865],[165.337087,-78.198907],[165.730235,-78.399591],[167.227794,-78.669203],[164.409679,-78.603936],[162.621593,-78.945245],[161.552908,-78.505548],[161.335948,-78.581231],[162.06544,-79.068617],[161.003673,-78.933689],[161.19809,-78.962172],[160.386974,-79.168145],[161.03419,-79.474786],[159.63502,-79.525649],[160.840505,-79.618422],[159.496104,-79.819513],[161.470551,-79.901625],[158.173025,-80.419529],[160.774913,-80.383233],[161.04005,-80.497979],[159.754161,-80.570733],[161.346446,-80.784356],[159.578298,-80.767999],[159.497569,-80.843032],[160.87615,-80.914646],[160.541515,-81.119236],[161.142426,-81.244399],[160.132009,-81.203709],[163.916759,-82.190118],[160.802094,-82.491957],[164.673188,-82.3388],[168.868826,-83.145929],[166.99879,-83.199151],[168.031749,-83.359633],[180.0,-84.352796],[180.0,-90.0],[-180.0,-90.0],[-180.0,-84.352796],[-168.254709,-84.648207],[-167.441762,-84.867446],[-162.848948,-84.883071],[-158.465769,-85.155206],[-156.008412,-85.221938],[-156.92748,-85.195245],[-155.503977,-85.126072],[-157.637196,-84.897231],[-155.589223,-84.840509],[-166.423451,-84.370294],[-163.001088,-84.36297],[-165.154408,-84.137953],[-163.70283,-84.0499],[-164.979604,-83.796482],[-168.08259,-83.779555],[-168.259511,-83.743585],[-167.677195,-83.744236],[-174.369618,-82.778904],[-169.59968,-83.310479],[-165.086293,-83.202081],[-164.177317,-83.527114],[-163.133982,-83.315525],[-162.169057,-83.524672],[-157.555287,-83.390232],[-156.917673,-83.230157],[-158.557932,-83.132745],[-155.592234,-83.046075],[-152.542917,-82.54811],[-154.838938,-81.944757],[-153.816396,-81.681248],[-157.095815,-81.266371],[-147.628,-80.92018],[-149.461659,-80.719171],[-148.25768,-80.636326],[-151.011586,-80.429457],[-149.968251,-80.393731],[-150.803212,-80.245538],[-150.133738,-80.185724],[-150.3697,-80.07464],[-147.554758,-80.051202],[-148.999745,-79.860772],[-147.976918,-79.937677],[-147.155263,-79.945896],[-147.067128,-79.908624],[-152.414174,-79.26393],[-151.720082,-79.083754],[-154.969797,-79.034763],[-156.528269,-78.66367],[-153.815053,-78.233168],[-157.199574,-78.252699],[-158.343861,-77.974379],[-158.639963,-77.848565],[-158.118113,-77.555841],[-158.220204,-77.073663],[-157.02184,-77.358657],[-155.865549,-77.059747],[-153.317209,-77.338149],[-153.862416,-77.44256],[-152.350697,-77.302667],[-149.974965,-77.816176],[-147.758209,-77.461684],[-149.055531,-77.320245],[-148.769724,-77.10475],[-145.462799,-77.523207],[-145.95344,-77.233087],[-145.245961,-77.232354],[-146.381418,-77.003106],[-145.309967,-77.058689],[-145.963612,-76.857517],[-145.462636,-76.751642],[-147.081695,-76.432794],[-149.708974,-76.376723],[-148.197092,-76.087091],[-146.250722,-76.423761],[-145.354644,-76.434503],[-146.499623,-76.087009],[-142.46703,-75.431736],[-140.646474,-75.807224],[-141.326527,-75.526788],[-139.56664,-75.148045],[-136.346018,-75.17783],[-137.009877,-75.009861],[-136.834299,-74.760431],[-135.419993,-74.565118],[-133.865549,-74.928318],[-121.772532,-74.786065],[-118.867055,-74.602472],[-118.616526,-74.522231],[-119.138254,-74.503351],[-117.970815,-74.258071],[-117.785756,-74.517511],[-114.874338,-74.481622],[-115.124867,-74.094903],[-114.210032,-73.863458],[-113.951772,-73.914646],[-114.24234,-74.078302],[-113.439605,-74.099705],[-113.947825,-74.256443],[-113.68517,-74.296563],[-113.801259,-74.451837],[-113.225087,-74.402114],[-114.357004,-74.695896],[-113.826731,-74.712986],[-114.105784,-75.068943],[-111.542633,-74.801528],[-111.926137,-74.551202],[-111.325551,-74.475518],[-111.904775,-74.282403],[-111.592641,-74.172459],[-110.554921,-74.244073],[-110.103139,-74.548598],[-111.618723,-75.197361],[-111.304189,-75.240899],[-106.591298,-75.378595],[-101.760732,-75.08294],[-101.112701,-75.432061],[-98.402211,-75.236423],[-100.522288,-74.890883],[-99.800852,-74.536716],[-101.395904,-74.502699],[-101.589223,-74.000177],[-102.848622,-73.921563],[-102.998647,-73.609633],[-100.632069,-73.782159],[-98.867747,-73.593927],[-102.873647,-73.308201],[-103.429921,-72.849379],[-103.041412,-72.707615],[-102.093984,-72.771742],[-102.716908,-72.997735],[-101.960317,-73.055597],[-91.077382,-73.336602],[-89.230295,-73.111261],[-89.054067,-72.929132],[-89.3485,-72.634535],[-88.173492,-72.73211],[-88.714019,-73.119806],[-88.40689,-73.270603],[-85.678619,-73.177504],[-85.101471,-73.487074],[-82.137074,-73.889744],[-81.184682,-73.704197],[-81.23469,-73.247979],[-80.81017,-73.263116],[-80.393788,-73.414239],[-80.196848,-73.401951],[-80.65099,-73.084405],[-80.492543,-72.953302],[-78.78189,-73.337986],[-78.84496,-73.608819],[-76.718251,-73.523533],[-77.0808,-73.879327],[-68.779693,-73.108005],[-67.511098,-72.83408],[-66.750844,-72.113051],[-67.622629,-71.433364],[-67.411122,-70.992852],[-68.824859,-69.431329],[-67.392323,-69.502699],[-66.759145,-69.071222],[-67.480702,-68.841892],[-66.959218,-68.748142],[-67.174713,-68.525323],[-66.860666,-68.367608],[-67.157094,-68.302179],[-66.625071,-68.246677],[-67.268707,-67.968683],[-66.850575,-67.91367],[-66.767079,-67.77516],[-67.080312,-67.77988],[-66.510243,-67.527927],[-66.992747,-67.468683],[-67.610748,-67.54697],[-67.476186,-67.054132],[-66.950673,-66.938897],[-66.980865,-67.2763],[-66.462799,-67.336602],[-66.547922,-66.65016],[-65.689361,-66.683689],[-65.705474,-66.149998],[-64.584096,-66.033461],[-64.478668,-65.631443],[-63.795155,-65.605727],[-64.089955,-65.413344],[-63.873891,-65.045994],[-63.083608,-65.166111],[-63.233754,-64.965265],[-62.407216,-64.876642],[-62.673818,-64.777276],[-62.495513,-64.598565],[-62.141835,-64.784845],[-61.805735,-64.492852],[-61.578847,-64.662042],[-61.582875,-64.442641],[-60.941721,-64.281915],[-60.985666,-64.064548],[-59.429107,-63.909926],[-58.898549,-63.540216],[-57.368723,-63.217869],[-56.775787,-63.603774],[-57.445383,-63.444431],[-59.1079,-64.227309],[-58.754547,-64.29339],[-58.815785,-64.542739],[-60.007314,-64.39837],[-62.198313,-65.304457],[-61.700999,-65.545668],[-62.361887,-65.814223],[-62.022776,-66.111505],[-60.547109,-65.958266],[-61.024078,-66.082778],[-60.99474,-66.341485],[-61.468658,-66.114353],[-61.780385,-66.212986],[-61.750885,-66.477716],[-61.970204,-66.198419],[-62.668284,-66.227472],[-62.703725,-66.580743],[-62.457916,-66.643324],[-62.64387,-66.724542],[-63.210846,-66.248712],[-63.811594,-66.188897],[-63.573354,-66.391209],[-64.134918,-66.643162],[-63.755523,-66.897638],[-64.617909,-66.767836],[-64.963775,-66.896661],[-64.690094,-67.14837],[-65.065907,-67.202081],[-64.749135,-67.307306],[-65.615956,-67.36891],[-65.337473,-67.657973],[-65.706695,-67.85947],[-65.329172,-67.983819],[-65.760732,-68.165704],[-64.755849,-68.108087],[-65.493886,-68.317071],[-64.975697,-68.40781],[-65.243804,-68.62949],[-64.03303,-68.831313],[-64.325836,-68.642185],[-63.989166,-68.491388],[-62.871734,-68.420668],[-63.76061,-68.580987],[-63.21231,-68.838637],[-63.897084,-68.982599],[-62.397288,-69.515232],[-62.529652,-69.863946],[-61.868723,-70.208266],[-62.407216,-70.40545],[-61.354237,-70.56113],[-62.129262,-70.723403],[-62.032582,-70.903009],[-61.305002,-70.856052],[-60.93456,-71.182224],[-62.112213,-71.639825],[-61.141265,-71.532892],[-60.797841,-71.781508],[-62.440907,-71.91961],[-62.112213,-72.009535],[-62.254303,-72.135186],[-60.693837,-71.997817],[-61.071889,-72.191339],[-60.642568,-72.429946],[-61.46467,-72.407322],[-61.215443,-72.638116],[-61.420277,-72.645766],[-60.552398,-72.655857],[-60.763539,-73.074477],[-59.949371,-72.895196],[-60.026601,-73.278985],[-60.598622,-73.184828],[-60.734446,-73.398045],[-62.065094,-73.130466],[-61.646067,-73.252048],[-62.00182,-73.230564],[-61.568471,-73.353123],[-61.934804,-73.372166],[-61.687815,-73.535903],[-60.79955,-73.577895],[-61.145619,-73.737888],[-60.734731,-73.715753],[-60.986562,-73.955336],[-61.859283,-74.02988],[-61.133453,-74.164158],[-61.978098,-74.244236],[-60.650014,-74.254002],[-60.977895,-74.497166],[-62.363881,-74.403497],[-61.792226,-74.778985],[-62.52599,-74.997247],[-62.701283,-74.677992],[-63.265696,-74.668145],[-63.076894,-74.908461],[-64.085601,-74.99863],[-63.040924,-75.147231],[-64.434438,-75.31756],[-63.16161,-75.409438],[-70.180898,-76.450616],[-69.746327,-76.469496],[-70.014027,-76.693617],[-77.693471,-76.487563],[-76.822336,-77.005466],[-76.999867,-77.036391],[-75.526601,-77.541192],[-72.722279,-77.575616],[-74.269439,-78.129164],[-74.055653,-78.13714],[-75.047353,-78.231622],[-80.769358,-77.669854],[-81.66747,-77.841485],[-77.329416,-78.597833],[-80.295237,-78.846775],[-83.767649,-77.968032],[-82.944936,-78.473321],[-83.886138,-78.419366],[-80.49234,-79.577895],[-80.429351,-79.258477],[-76.066274,-79.435317],[-76.097646,-79.733575],[-76.632192,-79.939223],[-79.687327,-79.982599],[-76.274485,-80.08115],[-75.414052,-80.488539],[-75.711985,-80.638116],[-74.949452,-80.770196],[-75.770904,-80.837579],[-75.554067,-80.891371],[-72.588857,-80.961358],[-72.46231,-80.750421],[-70.820627,-80.610121],[-69.975819,-80.976007],[-62.211334,-81.592055],[-65.691721,-81.710545],[-63.476064,-81.837335],[-66.255767,-81.948012],[-65.629791,-81.986586],[-66.030263,-82.311619],[-65.072581,-82.40602],[-60.401235,-82.17018],[-62.795033,-82.519708],[-61.932485,-82.972345],[-62.180776,-83.034112],[-61.065745,-82.909763],[-61.112538,-83.164809],[-61.851471,-83.367608],[-60.95226,-83.476251],[-59.46996,-83.460138],[-53.924672,-82.20615],[-54.303456,-82.191664]]],[[[167.663748,-78.127374],[166.315115,-78.310317],[165.986095,-78.109552],[167.511729,-77.992446],[167.663748,-78.127374]]],[[[163.626475,-74.913751],[163.673676,-74.858575],[163.69516,-74.892267],[163.626475,-74.913751]]],[[[163.803477,-74.689548],[164.016368,-74.603204],[164.302419,-74.552667],[163.96339,-74.866388],[163.803477,-74.689548]]],[[[163.309581,-70.386407],[163.455333,-70.339125],[163.566661,-70.363946],[163.309581,-70.386407]]],[[[164.657237,-67.260837],[164.875011,-67.515069],[164.657237,-67.538344],[164.657237,-67.260837]]],[[[163.260509,-66.716241],[163.190766,-66.843845],[163.081309,-66.706476],[163.260509,-66.716241]]],[[[-45.000234,-60.70086],[-45.083363,-60.684666],[-45.067128,-60.631117],[-45.000234,-60.70086]]],[[[-59.286773,-80.209649],[-59.757436,-80.335707],[-59.846832,-80.528253],[-59.466542,-80.490899],[-59.819,-80.744887],[-60.652659,-80.960382],[-66.804758,-80.328546],[-61.750356,-80.368341],[-61.18456,-80.252618],[-61.807851,-80.05755],[-61.235585,-79.979669],[-61.522694,-79.892999],[-60.07665,-79.65602],[-60.486562,-79.737726],[-59.799143,-79.774347],[-59.625559,-79.906345],[-59.961334,-80.083917],[-59.286773,-80.209649]]],[[[-67.839833,-79.55877],[-65.788564,-79.624607],[-66.700754,-79.668064],[-65.450103,-79.952407],[-66.310455,-80.080743],[-67.839833,-79.55877]]],[[[-31.913482,-79.572849],[-32.168691,-79.669122],[-32.496653,-79.673272],[-32.601226,-79.661065],[-31.913482,-79.572849]]],[[[-68.447011,-79.323826],[-67.613108,-79.211521],[-67.048207,-79.264825],[-67.467885,-79.506036],[-68.572133,-79.436619],[-67.46935,-79.308038],[-68.447011,-79.323826]]],[[[-67.68814,-79.125177],[-67.602528,-79.136651],[-68.225942,-79.168145],[-67.68814,-79.125177]]],[[[-33.916493,-79.312595],[-36.726389,-79.29811],[-36.938466,-79.181248],[-35.503407,-79.090102],[-33.916493,-79.312595]]],[[[-75.512359,-78.866795],[-75.505849,-78.735121],[-75.393666,-78.740981],[-75.512359,-78.866795]]],[[[-66.734364,-78.441827],[-69.29601,-79.217706],[-69.822011,-79.458429],[-69.646555,-79.603774],[-71.815663,-79.479181],[-70.592763,-78.885919],[-66.734364,-78.441827]]],[[[-52.279897,-80.078302],[-52.396352,-80.184991],[-51.483062,-79.926202],[-50.263661,-79.53574],[-50.739735,-79.284438],[-50.214426,-78.83294],[-50.367421,-78.690525],[-49.110992,-78.052911],[-47.222524,-77.772638],[-43.818837,-78.248305],[-43.920277,-78.596287],[-45.370473,-78.786065],[-43.739003,-78.800551],[-42.936431,-79.522068],[-43.137441,-79.951755],[-43.856679,-79.996026],[-43.531565,-80.199965],[-49.798004,-80.790948],[-54.407826,-80.740004],[-53.407053,-80.10768],[-52.279897,-80.078302]]],[[[-48.750356,-77.747654],[-49.450795,-77.863051],[-48.846913,-77.744236],[-48.750356,-77.747654]]],[[[-20.366567,-74.425388],[-20.843007,-74.462823],[-21.299469,-74.10589],[-22.040151,-74.105564],[-20.640248,-73.587498],[-20.69286,-74.101983],[-20.366567,-74.425388]]],[[[-73.787587,-73.396417],[-73.779368,-73.359145],[-73.735097,-73.37005],[-73.787587,-73.396417]]],[[[-71.796539,-73.219822],[-71.987375,-73.258396],[-72.096181,-73.214532],[-71.980824,-73.181085],[-71.796539,-73.219822]]],[[[-74.159169,-73.308038],[-73.69815,-73.09881],[-73.522532,-73.130141],[-74.159169,-73.308038]]],[[[-104.958608,-72.942641],[-104.532704,-73.174493],[-105.155385,-73.005304],[-104.958608,-72.942641]]],[[[-90.336293,-72.9874],[-89.571523,-72.86297],[-89.330678,-72.927992],[-89.689117,-73.09059],[-90.336293,-72.9874]]],[[[-75.775746,-72.89365],[-74.218577,-72.990818],[-74.758046,-73.303155],[-74.465321,-73.58294],[-76.126129,-73.158787],[-75.036448,-73.038995],[-75.775746,-72.89365]]],[[[-93.9829,-72.819024],[-93.86205,-72.928155],[-94.128163,-72.872979],[-93.9829,-72.819024]]],[[[-98.130767,-72.692315],[-97.940256,-72.657403],[-97.748687,-72.683282],[-97.941233,-72.72503],[-98.130767,-72.692315]]],[[[-90.915191,-72.562188],[-90.724477,-72.912774],[-90.917714,-73.101251],[-91.506337,-73.197849],[-91.333404,-72.897556],[-91.686513,-72.609959],[-90.915191,-72.562188]]],[[[-93.236318,-72.635512],[-93.276519,-72.545587],[-93.110585,-72.559828],[-93.236318,-72.635512]]],[[[-60.909291,-72.541111],[-60.827016,-72.584405],[-60.968861,-72.591974],[-60.909291,-72.541111]]],[[[-94.580881,-72.468927],[-94.39981,-72.607354],[-95.274281,-72.651788],[-94.580881,-72.468927]]],[[[-16.338002,-72.460626],[-16.381581,-72.690037],[-16.516347,-72.519138],[-16.338002,-72.460626]]],[[[-70.653554,-72.250746],[-70.446523,-72.228123],[-70.417633,-72.238377],[-70.653554,-72.250746]]],[[[-60.181386,-72.255792],[-60.188059,-72.175958],[-60.106557,-72.224054],[-60.181386,-72.255792]]],[[[-12.810211,-72.000665],[-12.489654,-72.167087],[-12.967356,-72.056329],[-12.810211,-72.000665]]],[[[-95.499216,-72.315606],[-96.054758,-72.583673],[-98.580149,-72.572849],[-102.32372,-72.06406],[-100.132558,-71.821873],[-99.944407,-71.893813],[-100.451975,-71.998305],[-98.685536,-72.107354],[-99.152577,-71.916192],[-98.531646,-71.756768],[-97.982411,-71.859633],[-98.35261,-72.156427],[-97.764312,-72.142511],[-97.892079,-71.91074],[-97.602773,-71.888116],[-97.394114,-72.208429],[-96.990102,-71.847345],[-96.360463,-71.835056],[-96.065338,-71.913832],[-96.999989,-72.214288],[-95.658111,-72.047621],[-95.502919,-72.151625],[-95.640981,-72.206638],[-96.231597,-72.234145],[-96.415761,-72.289809],[-95.499216,-72.315606]]],[[[-60.587026,-70.925063],[-60.756581,-71.049981],[-60.957346,-70.977309],[-60.587026,-70.925063]]],[[[-73.547475,-70.716241],[-76.130442,-71.137872],[-76.542551,-70.96559],[-74.954457,-70.584568],[-73.547475,-70.716241]]],[[[-60.435292,-70.596775],[-60.716542,-70.710626],[-60.982249,-70.620864],[-60.834543,-70.512384],[-60.435292,-70.596775]]],[[[-3.430409,-70.538507],[-3.144154,-70.300714],[-2.680572,-70.38836],[-2.74706,-70.511814],[-3.430409,-70.538507]]],[[[-71.534535,-70.436212],[-71.816518,-70.295831],[-71.318593,-70.298761],[-71.534535,-70.436212]]],[[[-70.667104,-70.326837],[-70.722279,-70.240818],[-70.632436,-70.254978],[-70.667104,-70.326837]]],[[[-61.268219,-69.851983],[-61.288482,-69.984308],[-61.405995,-69.942804],[-61.268219,-69.851983]]],[[[-74.397084,-69.961847],[-75.831695,-70.016371],[-74.962799,-69.716892],[-74.397084,-69.961847]]],[[[-72.84553,-69.585626],[-72.661855,-69.416111],[-71.949696,-69.682794],[-72.205312,-69.73447],[-72.84553,-69.585626]]],[[[-61.755483,-69.454278],[-62.095123,-69.729669],[-62.579172,-69.189142],[-62.192047,-69.186212],[-61.755483,-69.454278]]],[[[-69.21817,-72.542901],[-73.164174,-72.431248],[-70.116322,-72.238539],[-72.055247,-72.158136],[-70.719716,-71.905694],[-71.829742,-71.898614],[-72.338938,-71.613458],[-72.859364,-71.920994],[-73.878896,-71.86419],[-73.501332,-72.012465],[-74.00475,-72.173517],[-75.356028,-71.923598],[-75.177154,-71.752618],[-75.414133,-71.660903],[-72.188954,-71.373142],[-73.124582,-71.143976],[-72.786122,-71.062758],[-70.411204,-70.945408],[-69.838002,-71.151951],[-69.786692,-70.853448],[-71.26651,-70.680108],[-69.58849,-70.393487],[-71.784495,-70.04225],[-71.91161,-69.708266],[-71.615875,-69.454848],[-72.198883,-69.097752],[-70.402089,-68.786798],[-68.33019,-70.799737],[-68.208648,-71.821059],[-68.483144,-71.896905],[-68.436106,-72.240818],[-69.21817,-72.542901]]],[[[-60.746083,-68.798923],[-61.021148,-68.70672],[-60.652008,-68.775811],[-60.746083,-68.798923]]],[[[-67.240102,-68.133071],[-67.200754,-68.172621],[-67.254954,-68.144789],[-67.240102,-68.133071]]],[[[-66.901112,-67.88836],[-66.945546,-67.848891],[-66.855377,-67.872247],[-66.901112,-67.88836]]],[[[-67.185943,-67.794122],[-67.246409,-67.893976],[-67.336781,-67.818292],[-67.185943,-67.794122]]],[[[-64.707143,-67.674249],[-64.9405,-67.59881],[-64.56371,-67.620375],[-64.707143,-67.674249]]],[[[-67.122182,-67.642511],[-67.510487,-67.789483],[-67.77477,-67.685805],[-67.122182,-67.642511]]],[[[-66.971181,-67.517022],[-66.999379,-67.591485],[-67.160268,-67.588067],[-66.971181,-67.517022]]],[[[-67.668691,-67.35711],[-67.690541,-67.31878],[-67.604156,-67.31463],[-67.668691,-67.35711]]],[[[-67.670888,-67.205011],[-67.693349,-67.284275],[-67.810211,-67.263442],[-67.670888,-67.205011]]],[[[-67.633412,-67.141534],[-67.572743,-67.046808],[-67.540354,-67.098891],[-67.633412,-67.141534]]],[[[-67.406646,-66.736505],[-67.493398,-66.904474],[-67.603139,-66.879978],[-67.406646,-66.736505]]],[[[-69.109283,-67.626153],[-68.377838,-66.820733],[-67.659413,-66.648614],[-68.026235,-66.940606],[-67.676829,-67.148045],[-68.250966,-67.369317],[-67.973785,-67.468438],[-68.575185,-67.74391],[-69.109283,-67.626153]]],[[[-67.056386,-66.378351],[-67.14745,-66.325291],[-67.027089,-66.341892],[-67.056386,-66.378351]]],[[[-66.977366,-66.288018],[-67.071604,-66.234959],[-66.87682,-66.263767],[-66.977366,-66.288018]]],[[[-66.888661,-66.325779],[-66.640289,-66.068536],[-66.555572,-66.087009],[-66.888661,-66.325779]]],[[[-65.779856,-65.948012],[-65.727691,-65.989353],[-65.801991,-65.992608],[-65.779856,-65.948012]]],[[[-65.970693,-65.888116],[-65.914377,-65.916925],[-66.033844,-65.924574],[-65.970693,-65.888116]]],[[[-65.254018,-65.90016],[-65.34435,-65.839532],[-65.194,-65.883884],[-65.254018,-65.90016]]],[[[-66.190175,-65.823744],[-65.960032,-65.553318],[-65.624827,-65.534926],[-65.813547,-65.839939],[-66.190175,-65.823744]]],[[[-65.722239,-65.47088],[-65.659983,-65.511489],[-65.732249,-65.485284],[-65.722239,-65.47088]]],[[[-59.435455,-65.233819],[-59.648752,-65.219903],[-59.841542,-65.127374],[-59.771392,-65.086114],[-59.435455,-65.233819]]],[[[-63.069936,-64.841404],[-62.987945,-64.896742],[-63.129547,-64.869399],[-63.069936,-64.841404]]],[[[-62.957102,-64.794854],[-62.900461,-64.823907],[-63.030995,-64.80641],[-62.957102,-64.794854]]],[[[-63.157135,-64.724542],[-63.324941,-64.866388],[-63.594472,-64.907403],[-63.157135,-64.724542]]],[[[-62.667795,-64.669854],[-62.704823,-64.747654],[-62.764312,-64.709649],[-62.667795,-64.669854]]],[[[-62.068918,-64.632501],[-62.036692,-64.661228],[-62.076975,-64.651056],[-62.068918,-64.632501]]],[[[-62.093007,-64.620864],[-62.053782,-64.538018],[-62.014638,-64.552911],[-62.093007,-64.620864]]],[[[-57.587514,-64.470961],[-57.584584,-64.417657],[-57.563954,-64.442315],[-57.587514,-64.470961]]],[[[-61.565826,-64.395603],[-61.546254,-64.350274],[-61.489247,-64.384535],[-61.565826,-64.395603]]],[[[-57.447581,-64.534356],[-56.943959,-64.32879],[-56.878407,-64.335707],[-57.447581,-64.534356]]],[[[-62.906443,-64.521173],[-63.682118,-64.853204],[-64.301096,-64.699884],[-63.574941,-64.265232],[-63.153432,-64.291599],[-63.270375,-64.581231],[-62.906443,-64.521173]]],[[[-56.898549,-64.317315],[-56.635243,-64.221612],[-56.582509,-64.235121],[-56.898549,-64.317315]]],[[[-61.689565,-64.102716],[-61.749135,-64.157322],[-61.753733,-64.11419],[-61.689565,-64.102716]]],[[[-62.656565,-64.503025],[-62.572092,-64.052423],[-62.008941,-64.141697],[-62.16747,-64.362074],[-62.656565,-64.503025]]],[[[-62.064036,-64.070977],[-61.829213,-63.959731],[-61.784291,-63.969496],[-62.064036,-64.070977]]],[[[-57.070221,-64.159601],[-58.214996,-64.384535],[-58.012685,-64.239028],[-58.460357,-64.085707],[-57.794667,-63.791436],[-57.864369,-64.066583],[-57.49352,-63.926202],[-57.070221,-64.159601]]],[[[-57.243967,-63.902276],[-57.69518,-63.816664],[-57.089101,-63.839451],[-57.243967,-63.902276]]],[[[-61.684193,-63.807875],[-61.808258,-63.728936],[-61.613759,-63.763604],[-61.684193,-63.807875]]],[[[-60.886586,-63.858575],[-60.802235,-63.665785],[-60.552846,-63.699314],[-60.627919,-63.858575],[-60.886586,-63.858575]]],[[[-57.463857,-63.688653],[-57.572133,-63.642755],[-57.402089,-63.628025],[-57.463857,-63.688653]]],[[[-56.64802,-63.623305],[-56.602691,-63.557306],[-56.467926,-63.565688],[-56.64802,-63.623305]]],[[[-59.871571,-63.583754],[-59.797353,-63.553399],[-59.777943,-63.594822],[-59.871571,-63.583754]]],[[[-55.806386,-63.407403],[-55.964915,-63.581476],[-56.240468,-63.478692],[-55.806386,-63.407403]]],[[[-62.202707,-63.237074],[-62.01179,-63.345147],[-62.277496,-63.352309],[-62.202707,-63.237074]]],[[[-56.591868,-63.208591],[-56.654856,-63.158298],[-56.565989,-63.162856],[-56.591868,-63.208591]]],[[[-55.974517,-63.146905],[-55.172719,-63.357599],[-56.553782,-63.367283],[-55.974517,-63.146905]]],[[[-56.273508,-63.178481],[-56.476796,-62.976658],[-56.035024,-63.05755],[-56.273508,-63.178481]]],[[[-60.619252,-62.896661],[-60.618804,-63.016534],[-60.746978,-62.940606],[-60.619252,-62.896661]]],[[[-62.429799,-62.985772],[-62.71231,-63.089288],[-62.306264,-62.875177],[-62.429799,-62.985772]]],[[[-61.40925,-62.823337],[-61.460683,-62.737237],[-61.198883,-62.727716],[-61.40925,-62.823337]]],[[[-61.16039,-62.663344],[-60.801829,-62.468927],[-59.802968,-62.611261],[-60.290598,-62.757582],[-61.16039,-62.663344]]],[[[-59.5537,-62.501235],[-59.799062,-62.509535],[-59.996083,-62.452569],[-59.5537,-62.501235]]],[[[-59.694163,-62.378513],[-59.436757,-62.355076],[-59.347401,-62.406508],[-59.508778,-62.456964],[-59.694163,-62.378513]]],[[[-59.032948,-62.233494],[-58.83434,-62.30934],[-59.217763,-62.292087],[-59.032948,-62.233494]]],[[[-57.589833,-62.025486],[-58.584625,-62.248956],[-59.010732,-62.219659],[-58.414052,-61.933282],[-57.589833,-62.025486]]],[[[-54.057362,-61.127048],[-54.098012,-61.312107],[-54.227406,-61.270115],[-54.057362,-61.127048]]],[[[-55.449045,-61.115004],[-54.9735,-61.10711],[-54.651519,-61.106541],[-55.449045,-61.115004]]],[[[-44.45165,-60.703302],[-44.717844,-60.772719],[-44.84732,-60.715509],[-44.45165,-60.703302]]],[[[-45.141021,-60.736098],[-45.935129,-60.524672],[-45.477162,-60.545587],[-45.141021,-60.736098]]],[[[-163.811391,-82.846938],[-161.575795,-83.024347],[-163.261301,-83.080987],[-163.811391,-82.846938]]],[[[-171.820505,-82.82464],[-168.787343,-83.2138],[-171.901357,-82.842055],[-171.820505,-82.82464]]],[[[-158.892201,-81.781834],[-157.808583,-82.039158],[-159.019154,-81.787693],[-158.892201,-81.781834]]],[[[-160.571116,-81.598891],[-163.728505,-81.481622],[-163.990061,-81.403497],[-162.983876,-81.270278],[-160.571116,-81.598891]]],[[[-153.894602,-80.020929],[-154.361887,-80.030532],[-155.665273,-79.816827],[-153.894602,-80.020929]]],[[[-155.790476,-79.770115],[-155.581654,-79.782892],[-155.855417,-79.797459],[-155.790476,-79.770115]]],[[[-163.400136,-79.782892],[-162.734242,-79.793878],[-162.687367,-79.814874],[-163.400136,-79.782892]]],[[[-29.618316,-79.911228],[-30.366444,-80.017755],[-32.161773,-79.709649],[-30.225575,-79.837498],[-30.928944,-79.684259],[-30.797353,-79.650079],[-29.618316,-79.911228]]],[[[-159.842152,-79.348565],[-158.953074,-79.769708],[-160.71288,-79.854587],[-164.326527,-79.287367],[-163.242991,-78.706313],[-159.842152,-79.348565]]],[[[-148.832021,-77.448337],[-149.207712,-77.45672],[-149.208852,-77.439874],[-148.832021,-77.448337]]],[[[-148.918894,-77.384861],[-149.391672,-77.382257],[-149.669789,-77.304376],[-149.336415,-77.283461],[-148.918894,-77.384861]]],[[[-151.511464,-77.270766],[-150.349965,-77.345473],[-150.498484,-77.375584],[-151.511464,-77.270766]]],[[[-153.116282,-77.20615],[-153.108754,-77.264907],[-153.4676,-77.211114],[-153.116282,-77.20615]]],[[[-147.515248,-77.16131],[-147.383372,-77.259047],[-147.601633,-77.18434],[-147.515248,-77.16131]]],[[[169.273448,-77.454522],[166.677257,-77.859959],[166.890636,-77.712498],[166.45338,-77.710056],[166.895681,-77.675714],[166.165538,-77.534845],[166.679454,-77.163344],[169.273448,-77.454522]]],[[[-154.561879,-77.113539],[-154.284006,-77.064142],[-154.035756,-77.13006],[-154.187123,-77.154392],[-154.561879,-77.113539]]],[[[166.853282,-76.936212],[166.956554,-76.938409],[166.977306,-76.96266],[166.853282,-76.936212]]],[[[-149.215891,-76.897638],[-148.43517,-76.973728],[-149.304799,-76.912042],[-149.215891,-76.897638]]],[[[-149.224355,-77.118097],[-150.42158,-77.089776],[-150.801137,-76.990004],[-149.840037,-76.878025],[-149.224355,-77.118097]]],[[[-146.164784,-76.931329],[-147.031484,-77.005304],[-147.130198,-76.881768],[-147.072133,-76.823907],[-146.164784,-76.931329]]],[[[-148.308909,-76.765558],[-148.927113,-76.849786],[-149.490712,-76.76686],[-148.308909,-76.765558]]],[[[-150.078074,-76.738458],[-150.601796,-76.796645],[-150.875478,-76.740492],[-150.078074,-76.738458]]],[[[-148.467885,-76.677179],[-148.943796,-76.685235],[-149.148508,-76.636977],[-148.467885,-76.677179]]],[[[-147.559804,-76.662856],[-147.99234,-76.599054],[-148.006174,-76.573663],[-147.559804,-76.662856]]],[[[-146.810333,-76.595961],[-146.951283,-76.716974],[-147.365468,-76.617446],[-147.240631,-76.505466],[-146.810333,-76.595961]]],[[[-146.661285,-76.275567],[-147.345082,-76.06227],[-146.908315,-76.107029],[-146.661285,-76.275567]]],[[[162.767833,-75.576104],[162.813487,-75.693292],[162.576508,-75.662774],[162.767833,-75.576104]]],[[[-145.870758,-75.504571],[-145.200795,-75.685805],[-146.159779,-75.569757],[-145.870758,-75.504571]]],[[[162.533702,-75.484063],[162.570811,-75.422947],[162.617849,-75.459161],[162.533702,-75.484063]]],[[[-132.898508,-74.426365],[-132.342275,-74.404474],[-132.53185,-74.498956],[-132.898508,-74.426365]]],[[[-130.920481,-74.444268],[-131.205922,-74.60711],[-132.181264,-74.423761],[-131.683705,-74.320489],[-130.920481,-74.444268]]],[[[-127.128489,-74.469415],[-127.551747,-74.64365],[-128.189198,-74.316095],[-127.758046,-74.342706],[-127.128489,-74.469415]]],[[[-116.968129,-74.291925],[-117.282135,-74.377374],[-117.395579,-74.366143],[-116.968129,-74.291925]]],[[[-132.184885,-74.129327],[-132.174672,-74.17311],[-132.300526,-74.134942],[-132.184885,-74.129327]]],[[[-116.140696,-73.90252],[-116.599355,-74.141778],[-117.400258,-74.132501],[-116.403391,-73.867283],[-116.140696,-73.90252]]],[[[-119.821034,-74.120782],[-119.636098,-74.001235],[-119.903554,-73.824965],[-118.870839,-73.885675],[-119.821034,-74.120782]]],[[[-120.26122,-73.92783],[-121.099029,-74.348077],[-122.243479,-74.413263],[-123.028188,-74.248305],[-122.327382,-73.915704],[-123.349762,-73.8388],[-122.272369,-73.682224],[-120.26122,-73.92783]]],[[[169.961681,-73.514418],[169.666189,-73.631036],[169.458751,-73.554946],[169.751638,-73.320082],[169.961681,-73.514418]]],[[[-127.473175,-73.549574],[-127.148997,-73.277276],[-126.104075,-73.296157],[-125.212799,-73.639825],[-125.865305,-73.78102],[-124.534291,-73.727634],[-123.754384,-74.072524],[-124.78425,-74.226007],[-127.473175,-73.549574]]],[[[68.647472,-72.109308],[68.809093,-72.239841],[68.394705,-72.297052],[68.647472,-72.109308]]],[[[69.774099,-71.89658],[69.787364,-72.055434],[69.682791,-71.97503],[69.774099,-71.89658]]],[[[-3.415028,-71.129978],[-3.179067,-71.110121],[-2.944569,-71.22503],[-3.415028,-71.129978]]],[[[-2.717681,-70.820082],[-2.080719,-70.825616],[-2.799957,-71.167739],[-2.667307,-70.993748],[-3.585561,-70.738377],[-2.504628,-70.731541],[-2.717681,-70.820082]]],[[[2.054047,-70.673517],[2.065278,-70.601007],[2.145193,-70.650079],[2.054047,-70.673517]]],[[[-6.086903,-70.406345],[-6.150054,-70.614841],[-6.453765,-70.444431],[-6.086903,-70.406345]]],[[[3.049815,-70.385431],[3.063243,-70.593438],[2.580821,-70.524347],[3.049815,-70.385431]]],[[[72.200369,-70.607029],[71.786957,-70.607843],[71.623302,-70.35475],[71.80836,-70.265883],[72.200369,-70.607029]]],[[[4.048839,-70.302992],[4.468761,-70.244561],[4.621755,-70.352716],[4.331391,-70.50449],[4.048839,-70.302992]]],[[[5.465587,-70.255304],[5.654633,-70.225681],[5.825857,-70.303969],[5.642914,-70.329522],[5.465587,-70.255304]]],[[[161.855724,-70.261163],[161.867686,-70.217462],[161.920421,-70.240655],[161.855724,-70.261163]]],[[[6.432465,-70.214532],[6.451671,-70.136977],[6.536469,-70.207208],[6.432465,-70.214532]]],[[[26.327403,-70.066583],[26.817882,-70.424086],[25.912283,-70.284926],[26.327403,-70.066583]]],[[[1.410981,-70.040216],[1.197765,-70.406427],[0.956798,-70.191664],[0.979503,-70.065606],[1.410981,-70.040216]]],[[[10.894216,-70.017836],[10.812022,-70.07586],[10.539806,-70.011489],[10.894216,-70.017836]]],[[[72.637055,-69.969822],[72.73113,-70.022556],[72.411957,-70.074802],[72.637055,-69.969822]]],[[[15.554942,-69.872735],[16.637218,-69.742852],[16.17156,-70.072931],[15.554942,-69.872735]]],[[[47.558849,-67.520929],[47.92335,-67.586602],[47.411306,-67.621759],[47.558849,-67.520929]]],[[[120.479991,-66.950128],[120.711762,-66.910577],[120.866384,-66.886814],[120.479991,-66.950128]]],[[[121.048106,-66.788832],[121.19516,-66.786391],[120.883149,-66.846449],[121.048106,-66.788832]]],[[[85.345388,-66.719171],[85.941173,-66.889907],[85.258637,-66.766209],[85.345388,-66.719171]]],[[[48.375255,-66.699151],[48.763357,-66.783298],[48.281586,-66.767185],[48.375255,-66.699151]]],[[[86.332286,-66.678155],[86.675792,-66.719659],[86.230479,-66.730401],[86.332286,-66.678155]]],[[[85.110688,-66.520685],[85.34254,-66.60475],[85.054861,-66.606215],[85.110688,-66.520685]]],[[[98.791189,-66.4874],[98.711681,-66.364028],[98.953298,-66.418145],[98.791189,-66.4874]]],[[[97.167735,-66.325942],[97.393728,-66.430271],[97.010509,-66.381036],[97.167735,-66.325942]]],[[[162.556326,-66.436619],[162.290212,-66.397638],[162.297862,-66.254815],[162.556326,-66.436619]]],[[[100.205821,-66.114679],[100.253673,-66.222833],[100.064789,-66.204278],[100.205821,-66.114679]]],[[[96.467621,-66.050714],[96.908458,-66.211358],[96.29656,-66.183526],[96.467621,-66.050714]]],[[[100.558604,-65.784356],[101.025564,-65.812595],[100.399669,-65.854669],[100.558604,-65.784356]]],[[[92.350271,-65.694757],[92.668956,-65.784845],[92.23585,-65.750665],[92.350271,-65.694757]]],[[[100.298025,-65.658624],[101.12672,-65.411879],[101.261404,-65.540297],[100.298025,-65.658624]]],[[[102.752208,-65.178318],[103.416026,-65.448663],[103.172211,-65.460626],[102.752208,-65.178318]]],[[[-90.512441,-68.809177],[-90.612294,-68.72796],[-90.511708,-68.752618],[-90.512441,-68.809177]]]]}},{"type":"Feature","properties":{"ISO3166-1-Alpha-3":"AUS"},"geometry":{"type":"MultiPolygon","coordinates":[[[[131.535899,-31.605564],[129.20045,-31.656427],[127.288748,-32.27337],[126.007579,-32.27337],[124.201182,-33.038018],[123.526622,-33.938653],[120.002208,-33.926039],[117.948578,-35.117364],[115.978526,-34.835626],[115.010427,-34.24505],[114.988536,-33.521091],[115.367198,-33.63128],[115.710134,-33.270685],[115.721528,-31.772638],[115.060802,-30.522393],[114.842459,-29.108575],[113.15698,-26.151926],[113.275971,-26.234857],[113.306224,-25.996651],[113.327998,-26.274896],[113.38427,-26.382755],[113.362674,-26.012815],[113.565507,-26.565081],[113.870286,-26.52213],[113.420781,-25.728215],[113.51525,-25.509337],[113.728004,-26.197035],[113.854503,-25.944268],[114.021534,-26.390888],[114.234371,-26.316584],[114.258556,-25.841892],[113.391449,-24.41367],[113.947032,-21.952569],[114.172211,-21.802992],[114.11085,-22.477716],[114.337413,-22.493829],[114.646739,-21.843357],[116.790863,-20.534926],[117.736339,-20.658461],[119.09547,-19.966729],[119.589854,-20.065851],[121.128266,-19.520685],[122.347016,-18.121189],[122.172048,-17.261163],[122.916189,-16.415948],[123.570811,-17.595147],[123.594981,-16.985121],[123.913341,-17.21559],[123.953298,-16.828546],[123.509939,-16.653904],[123.57016,-16.176935],[123.863048,-16.429783],[123.910899,-16.217462],[124.222667,-16.395603],[124.386078,-16.35117],[124.473643,-16.393324],[124.839692,-16.425714],[124.903982,-16.402439],[124.401541,-16.329278],[124.732677,-15.806573],[124.486339,-15.998305],[124.376475,-15.525323],[124.682628,-15.473891],[124.663748,-15.250421],[125.185232,-15.517836],[124.84197,-15.141209],[125.43214,-15.137953],[125.135997,-14.735935],[125.589203,-14.545343],[125.618175,-14.223728],[125.637706,-14.634698],[125.732921,-14.398533],[125.918142,-14.637791],[126.086436,-13.889418],[126.288829,-14.230076],[126.527517,-13.928969],[126.603526,-14.230076],[126.863536,-13.743341],[127.418468,-13.94199],[128.231293,-14.718194],[128.117931,-14.853774],[128.024262,-15.496515],[128.125173,-15.182061],[128.289317,-15.401788],[128.195811,-15.056817],[128.450206,-15.042657],[128.5324,-14.752862],[129.102306,-14.905369],[129.152599,-15.223728],[129.22877,-14.836602],[129.727061,-15.193617],[129.649181,-14.832696],[129.982432,-14.805922],[129.993337,-14.72503],[129.762706,-14.819594],[129.588064,-14.613458],[129.717621,-14.59588],[129.789399,-14.531671],[129.372895,-14.329278],[129.891287,-13.437677],[130.332286,-13.346368],[130.129893,-12.940525],[130.692882,-12.700616],[130.57838,-12.400811],[130.899913,-12.639825],[130.824718,-12.400811],[131.296235,-12.043878],[131.447765,-12.289809],[132.251313,-12.156345],[132.387543,-12.380304],[132.757579,-12.133396],[132.695567,-11.653497],[132.495372,-11.47617],[132.106456,-11.523126],[131.767589,-11.310805],[131.985606,-11.129164],[132.174653,-11.406427],[132.343028,-11.122003],[132.674164,-11.508396],[132.910981,-11.331801],[133.532074,-11.865818],[133.915782,-11.722345],[134.185802,-12.07643],[134.768565,-11.947686],[134.861095,-12.12656],[135.21759,-12.300823],[135.900401,-11.75921],[135.652138,-12.203286],[136.053477,-12.064386],[136.033946,-12.465916],[136.284516,-12.415785],[136.177013,-12.170831],[136.450713,-11.942333],[136.572215,-11.896443],[136.663585,-12.263604],[136.983653,-12.345473],[136.47169,-12.773858],[136.657494,-12.995739],[136.472341,-13.242364],[136.332856,-13.046882],[135.883365,-13.325764],[135.886729,-13.713637],[136.077891,-13.662693],[135.368175,-14.722833],[135.469574,-14.948012],[136.715587,-15.935968],[139.008311,-16.89544],[139.274181,-17.348321],[139.999522,-17.70615],[140.523204,-17.630304],[140.845225,-17.441176],[141.431163,-16.061782],[141.665701,-15.011407],[141.583751,-12.985772],[142.008311,-12.714939],[141.590587,-12.540785],[142.03297,-12.041192],[142.151052,-10.950616],[142.546153,-10.687677],[142.862315,-11.836847],[143.249034,-11.968194],[143.077159,-12.32879],[143.543793,-12.832778],[143.782725,-14.402276],[144.486339,-14.161879],[145.345714,-14.94256],[145.400401,-16.443292],[145.774262,-16.988377],[145.955089,-16.873142],[146.010102,-18.236505],[146.209158,-18.51336],[146.339366,-18.527032],[146.333263,-18.95908],[147.133962,-19.410821],[147.402354,-19.303888],[147.684255,-19.828058],[148.781993,-20.240818],[148.937022,-20.534926],[148.660167,-20.572198],[149.487153,-21.535903],[149.663259,-22.493829],[150.046723,-22.645278],[150.053559,-22.141534],[150.609141,-22.610528],[150.677501,-22.358005],[150.813975,-23.50921],[151.550548,-24.091404],[151.780447,-24.022556],[152.567719,-25.178643],[152.913829,-25.287693],[152.884044,-25.674249],[153.021251,-25.969008],[153.205577,-25.934991],[153.038259,-27.193455],[153.630626,-28.661554],[153.059501,-31.07721],[152.539886,-32.442092],[151.230724,-33.534926],[150.844737,-35.077244],[150.190929,-35.726821],[149.985362,-37.495864],[147.757579,-37.985121],[146.847667,-38.684991],[146.224132,-38.714451],[146.476736,-38.810479],[146.394216,-39.144952],[145.373057,-38.536798],[145.556895,-38.385186],[145.464366,-38.234552],[145.25587,-38.241469],[144.944591,-38.510349],[144.676768,-38.333185],[145.119314,-38.159356],[144.934825,-37.867934],[143.536957,-38.858331],[142.502452,-38.374444],[141.394542,-38.401625],[140.398204,-37.919854],[139.794932,-37.268731],[139.729015,-36.372328],[138.917817,-35.576755],[139.672048,-36.227797],[139.041352,-35.604099],[139.338064,-35.687433],[139.362966,-35.376886],[138.107432,-35.620701],[138.550629,-34.781915],[138.078136,-34.128351],[137.749522,-35.131036],[136.839366,-35.256117],[137.019786,-34.901462],[137.446137,-34.917413],[137.452403,-34.155694],[137.930919,-33.616469],[137.810444,-33.259985],[138.040212,-33.081638],[137.773936,-32.519789],[137.778331,-32.982843],[137.224864,-33.653253],[135.936778,-34.534601],[135.96461,-35.007501],[135.108084,-34.595961],[135.503591,-34.611912],[134.706228,-33.172947],[134.068696,-32.929295],[134.297618,-32.678481],[134.148285,-32.456964],[133.864431,-32.546808],[133.649181,-32.101658],[132.233735,-32.032973],[131.535899,-31.605564]]],[[[128.131358,-15.03753],[128.194509,-15.126886],[128.186778,-15.190199],[128.131358,-15.03753]]],[[[128.384939,-14.891697],[128.440684,-15.038751],[128.35377,-14.869236],[128.384939,-14.891697]]],[[[129.616466,-14.824884],[129.611827,-14.867364],[129.583018,-14.803806],[129.616466,-14.824884]]],[[[129.501964,-14.798517],[129.587087,-14.883477],[129.591482,-14.963637],[129.501964,-14.798517]]],[[[126.515147,-13.90488],[126.553966,-13.875258],[126.61085,-13.901056],[126.515147,-13.90488]]],[[[134.854259,-12.037774],[134.92628,-12.068129],[134.90797,-12.117852],[134.854259,-12.037774]]],[[[134.956246,-12.016469],[134.948729,-12.054669],[134.908472,-12.022625],[134.956246,-12.016469]]],[[[135.053888,-11.919437],[135.057697,-11.953185],[135.046072,-11.941502],[135.053888,-11.919437]]],[[[133.359548,-11.617364],[133.484386,-11.601983],[133.360199,-11.660333],[133.359548,-11.617364]]],[[[133.39503,-11.489028],[133.510997,-11.503188],[133.39503,-11.544203],[133.39503,-11.489028]]],[[[147.998546,-43.230401],[147.627208,-43.042739],[147.840343,-42.902032],[147.436209,-43.046075],[147.477306,-42.908868],[147.283702,-42.778497],[146.927013,-43.611749],[146.024181,-43.552504],[145.943207,-43.364841],[146.229503,-43.319757],[145.831798,-43.292576],[145.265473,-42.604262],[145.188731,-42.195733],[145.472016,-42.512791],[145.558116,-42.341567],[144.749848,-41.414239],[144.698578,-40.660252],[145.118826,-40.821384],[145.269216,-40.719985],[146.585623,-41.180108],[148.209321,-40.840753],[148.364268,-42.20436],[148.181,-41.947361],[147.888682,-42.545099],[147.998546,-43.230401]]],[[[158.85255,-54.613214],[158.962413,-54.469334],[158.838227,-54.750421],[158.85255,-54.613214]]],[[[147.304454,-43.261814],[147.303884,-43.508884],[147.086192,-43.42962],[147.304454,-43.261814]]],[[[147.291759,-43.153009],[147.437511,-43.238946],[147.36085,-43.257908],[147.291759,-43.153009]]],[[[148.024587,-42.613458],[148.176036,-42.648207],[148.011567,-42.751235],[148.024587,-42.613458]]],[[[148.265636,-42.296482],[148.340587,-42.354099],[148.230724,-42.299412],[148.265636,-42.296482]]],[[[144.930512,-40.61533],[145.065196,-40.709161],[144.872813,-40.715997],[144.930512,-40.61533]]],[[[148.194184,-40.596287],[148.131114,-40.513767],[148.25115,-40.489435],[148.194184,-40.596287]]],[[[144.708263,-40.489435],[144.790538,-40.50213],[144.742442,-40.592462],[144.708263,-40.489435]]],[[[144.950206,-40.453383],[144.831228,-40.427992],[144.96046,-40.397882],[144.950206,-40.453383]]],[[[148.323497,-40.304457],[148.340587,-40.503676],[147.998546,-40.417739],[148.323497,-40.304457]]],[[[148.326915,-40.222589],[147.75766,-39.879327],[147.953298,-39.711684],[148.326915,-40.222589]]],[[[144.109223,-39.665785],[143.902843,-40.126153],[143.944591,-39.578871],[144.109223,-39.665785]]],[[[146.602306,-38.74684],[146.53891,-38.797052],[146.471365,-38.747247],[146.602306,-38.74684]]],[[[145.112966,-38.530532],[145.361013,-38.548517],[145.35255,-38.570977],[145.112966,-38.530532]]],[[[145.297862,-38.296563],[145.494395,-38.365167],[145.283702,-38.402602],[145.297862,-38.296563]]],[[[138.129649,-35.816339],[137.459239,-36.082696],[136.532563,-35.911879],[137.335134,-35.58294],[138.129649,-35.816339]]],[[[136.44752,-35.169366],[136.476329,-35.144708],[136.498546,-35.172052],[136.44752,-35.169366]]],[[[136.126964,-34.948419],[136.201345,-35.075372],[136.086111,-34.948175],[136.126964,-34.948419]]],[[[137.336192,-34.515313],[137.37379,-34.498224],[137.354828,-34.538018],[137.336192,-34.515313]]],[[[134.486339,-33.711684],[134.550629,-33.733657],[134.479015,-33.783624],[134.486339,-33.711684]]],[[[133.620372,-32.259698],[133.579356,-32.259698],[133.675548,-32.239353],[133.620372,-32.259698]]],[[[159.08961,-31.589044],[159.068858,-31.520929],[159.106456,-31.567641],[159.08961,-31.589044]]],[[[153.39796,-27.493097],[153.548839,-27.415216],[153.403331,-27.726251],[153.39796,-27.493097]]],[[[153.42921,-27.354425],[153.360525,-27.066013],[153.451345,-27.017022],[153.42921,-27.354425]]],[[[112.959483,-25.482517],[113.207042,-26.139744],[112.953868,-25.773045],[112.959483,-25.482517]]],[[[152.953624,-25.278497],[153.006358,-25.327732],[152.993907,-25.338474],[152.953624,-25.278497]]],[[[113.069347,-25.276462],[113.079112,-25.062433],[113.117686,-25.009454],[113.069347,-25.276462]]],[[[113.134939,-24.892022],[113.117686,-24.995212],[113.151866,-24.755629],[113.134939,-24.892022]]],[[[153.281261,-24.693536],[153.099864,-25.757745],[153.055349,-25.797133],[153.281261,-24.693536]]],[[[151.333263,-23.750177],[151.383067,-23.879571],[151.328624,-23.802911],[151.333263,-23.750177]]],[[[151.239106,-23.488865],[151.213878,-23.77809],[150.979607,-23.487386],[151.239106,-23.488865]]],[[[149.710297,-22.385186],[149.766287,-22.364679],[149.724783,-22.439874],[149.710297,-22.385186]]],[[[150.478363,-22.216241],[150.555837,-22.306329],[150.48227,-22.344985],[150.478363,-22.216241]]],[[[149.869395,-22.142267],[149.928233,-22.160089],[149.88852,-22.226821],[149.869395,-22.142267]]],[[[150.342784,-21.771742],[150.341075,-21.740899],[150.368907,-21.726739],[150.342784,-21.771742]]],[[[150.305349,-21.659763],[150.246104,-21.678888],[150.246104,-21.62363],[150.305349,-21.659763]]],[[[115.428966,-20.669122],[115.408051,-20.853692],[115.306977,-20.870538],[115.428966,-20.669122]]],[[[149.039399,-20.500746],[149.115082,-20.479669],[149.053071,-20.52809],[149.039399,-20.500746]]],[[[149.00408,-20.229262],[148.927013,-20.287286],[148.984874,-20.151462],[149.00408,-20.229262]]],[[[148.980235,-20.056899],[148.881847,-20.137628],[148.963715,-20.041599],[148.980235,-20.056899]]],[[[148.45045,-20.041599],[148.480968,-20.004571],[148.470225,-20.047621],[148.45045,-20.041599]]],[[[146.832856,-19.102309],[146.820079,-19.175063],[146.780284,-19.132013],[146.832856,-19.102309]]],[[[146.302094,-18.237237],[146.223399,-18.465509],[146.097341,-18.245212],[146.302094,-18.237237]]],[[[139.493907,-16.985121],[139.569347,-17.100356],[139.425059,-17.142836],[139.493907,-16.985121]]],[[[139.107677,-16.862481],[139.133311,-16.812921],[139.158051,-16.827569],[139.107677,-16.862481]]],[[[139.287852,-16.470636],[139.707693,-16.526462],[139.487071,-16.517836],[139.302094,-16.724542],[139.177989,-16.662367],[139.144867,-16.756036],[139.164317,-16.616306],[139.287852,-16.470636]]],[[[136.615733,-15.714044],[136.711925,-15.703546],[136.663585,-15.778578],[136.615733,-15.714044]]],[[[136.731781,-15.648858],[136.834972,-15.682387],[136.731781,-15.744399],[136.731781,-15.648858]]],[[[137.083193,-15.652196],[136.934725,-15.721324],[136.994756,-15.592776],[137.083193,-15.652196]]],[[[136.524913,-15.534275],[136.587901,-15.635186],[136.498546,-15.627699],[136.524913,-15.534275]]],[[[136.883311,-15.498142],[136.848481,-15.635186],[136.841645,-15.553318],[136.883311,-15.498142]]],[[[124.40797,-15.272068],[124.431651,-15.308689],[124.336192,-15.300063],[124.40797,-15.272068]]],[[[124.568696,-15.244236],[124.650157,-15.395115],[124.458832,-15.360935],[124.568696,-15.244236]]],[[[124.924571,-14.936293],[124.927013,-15.029229],[124.86378,-14.972589],[124.924571,-14.936293]]],[[[135.727829,-14.834527],[135.762679,-14.900902],[135.687246,-14.902892],[135.727829,-14.834527]]],[[[125.096446,-14.549005],[125.204926,-14.593032],[125.137462,-14.647638],[125.096446,-14.549005]]],[[[136.811697,-13.808852],[136.810313,-13.808282],[136.818126,-13.801365],[136.811697,-13.808852]]],[[[136.195323,-13.66961],[136.236095,-13.847263],[136.11671,-13.816664],[136.195323,-13.66961]]],[[[136.7046,-14.126886],[136.903087,-14.298923],[136.324067,-14.229587],[136.409679,-13.818536],[136.718272,-13.647719],[136.731781,-13.839532],[136.81422,-13.849705],[136.903087,-13.757582],[136.7046,-14.126886]]],[[[136.142956,-13.56045],[136.094981,-13.360447],[136.203136,-13.461196],[136.142956,-13.56045]]],[[[136.797069,-12.108355],[136.829356,-12.132257],[136.820974,-12.137953],[136.797069,-12.108355]]],[[[132.339854,-12.098565],[132.411876,-12.083673],[132.405772,-12.132989],[132.339854,-12.098565]]],[[[136.129161,-12.016697],[136.269298,-12.038995],[136.129161,-12.05755],[136.129161,-12.016697]]],[[[136.483246,-11.889418],[136.477794,-11.814223],[136.498546,-11.79811],[136.483246,-11.889418]]],[[[136.528982,-11.776544],[136.581554,-11.79811],[136.519542,-11.790704],[136.528982,-11.776544]]],[[[136.006045,-11.708678],[135.980865,-11.661368],[136.055205,-11.650048],[136.006045,-11.708678]]],[[[132.545177,-11.631606],[132.583832,-11.720147],[132.5088,-11.649591],[132.545177,-11.631606]]],[[[136.177013,-11.688246],[136.478038,-11.461114],[136.375662,-11.592055],[136.177013,-11.688246]]],[[[130.448009,-11.701349],[130.628184,-11.80462],[130.016612,-11.777032],[130.344981,-11.317071],[130.448009,-11.701349]]],[[[131.537364,-11.413263],[130.961192,-11.933852],[130.496593,-11.649509],[130.367442,-11.204278],[131.537364,-11.413263]]],[[[136.478019,-11.447934],[136.716482,-11.206231],[136.53529,-11.443169],[136.478019,-11.447934]]],[[[132.599294,-11.344985],[132.46811,-11.029962],[132.599294,-10.968357],[132.599294,-11.344985]]],[[[142.193207,-10.591485],[142.187022,-10.769627],[142.112315,-10.68434],[142.193207,-10.591485]]],[[[142.274425,-10.640802],[142.294281,-10.573175],[142.325206,-10.6124],[142.274425,-10.640802]]],[[[142.214366,-10.153253],[142.334239,-10.200453],[142.221202,-10.24212],[142.214366,-10.153253]]],[[[142.097016,-10.118585],[142.190115,-10.143731],[142.142914,-10.185642],[142.097016,-10.118585]]],[[[115.660004,-32.232517],[115.678477,-32.216485],[115.680512,-32.239353],[115.660004,-32.232517]]],[[[115.440142,-32.021834],[115.524607,-31.993807],[115.552192,-32.006203],[115.440142,-32.021834]]],[[[113.684598,-28.486277],[113.720213,-28.428124],[113.749539,-28.427576],[113.684598,-28.486277]]],[[[146.634125,-18.736505],[146.57016,-18.760837],[146.581309,-18.682224],[146.634125,-18.736505]]],[[[142.637462,-9.373956],[142.713878,-9.428643],[142.601248,-9.399509],[142.637462,-9.373956]]],[[[142.15089,-9.271417],[142.280121,-9.261651],[142.279145,-9.287042],[142.15089,-9.271417]]]]}},{"type":"Feature","properties":{"ISO3166-1-Alpha-3":"GRL"},"geometry":{"type":"MultiPolygon","coordinates":[[[[-39.937327,65.096503],[-41.146392,64.953518],[-40.358306,64.359036],[-41.567494,64.266181],[-40.560943,64.106879],[-40.841664,63.952582],[-40.526438,63.696357],[-41.488108,63.860256],[-40.750071,63.516913],[-41.582753,63.493232],[-41.359364,63.425442],[-41.115956,63.308295],[-41.403879,63.421576],[-41.530995,63.431952],[-41.715932,63.552965],[-41.900868,63.469916],[-41.432729,63.125312],[-42.205922,63.109687],[-41.624094,62.995063],[-41.750111,62.84394],[-42.305409,62.945502],[-42.597157,62.871527],[-42.487131,62.698188],[-43.151235,62.759589],[-42.164377,62.390326],[-42.974029,62.524848],[-42.261138,62.314602],[-42.548492,61.951483],[-42.117177,62.006741],[-42.870025,61.769924],[-42.253733,61.711249],[-42.435536,61.561021],[-43.082916,61.595201],[-42.527455,61.533759],[-42.511057,61.436428],[-42.480295,61.430732],[-42.425649,61.444322],[-42.418121,61.402777],[-43.248118,61.341295],[-42.630483,61.101142],[-43.611155,61.129096],[-42.706166,61.060126],[-43.481842,60.941555],[-42.801137,60.804836],[-43.527984,60.84101],[-42.747182,60.690172],[-43.227447,60.470893],[-44.192738,60.643052],[-43.319447,60.447211],[-43.591135,60.306464],[-43.366282,60.391181],[-43.175282,60.400092],[-43.329986,60.217231],[-43.088124,60.099351],[-43.624257,60.190619],[-43.660634,60.154283],[-43.99059,60.190863],[-44.165883,60.173163],[-43.99474,60.306627],[-44.100819,60.387397],[-44.098256,60.283026],[-44.274648,60.33393],[-44.590199,59.989081],[-45.172841,60.087551],[-44.755116,60.20425],[-44.46642,60.567328],[-45.173818,60.133612],[-44.625396,60.737535],[-45.214223,60.438951],[-45.062978,60.662909],[-45.495595,60.492255],[-45.121938,60.725002],[-45.881093,60.518378],[-45.255035,60.907904],[-46.205068,60.746649],[-45.510243,60.982245],[-45.203236,61.193305],[-45.512847,61.247626],[-45.618479,61.019843],[-45.789784,60.957709],[-46.032826,60.913886],[-46.070302,60.937242],[-45.618764,61.144965],[-45.872304,61.222724],[-45.714019,61.328315],[-46.886545,60.937242],[-46.710317,60.886705],[-46.862294,60.800116],[-47.043568,60.84101],[-46.913889,60.930406],[-47.029856,60.974758],[-48.232777,60.820543],[-47.688466,61.005561],[-48.402211,60.986518],[-47.83845,61.042304],[-48.216379,61.186225],[-47.913726,61.328315],[-48.407216,61.133979],[-48.640614,61.238959],[-48.399159,61.301093],[-48.340077,61.3758],[-49.065785,61.402777],[-48.229726,61.54682],[-48.345815,61.608832],[-49.298573,61.561021],[-48.592193,61.636135],[-49.148305,61.725531],[-48.784169,61.992255],[-49.428212,61.821112],[-48.839223,62.081244],[-49.638499,61.989203],[-49.291737,62.266791],[-50.319569,62.505764],[-49.87328,62.896796],[-50.243804,62.852362],[-49.702626,63.061265],[-50.182362,62.958808],[-50.274403,62.851142],[-50.389719,62.792222],[-50.148264,63.02025],[-50.607533,63.096015],[-50.059438,63.229641],[-51.101064,63.328559],[-50.278554,63.403876],[-51.223297,63.444892],[-50.504506,63.671373],[-51.422515,63.541002],[-51.528676,63.764146],[-51.210276,63.815375],[-50.922922,63.9383],[-51.656484,64.014065],[-50.045237,64.198961],[-50.552358,64.178534],[-50.36384,64.359076],[-51.439931,64.082261],[-51.765126,64.18537],[-50.953277,64.219428],[-50.176381,64.448188],[-50.915395,64.603013],[-50.480336,64.712877],[-50.149078,64.486721],[-49.585927,64.342963],[-50.217152,64.725898],[-49.997426,64.863715],[-50.559682,64.774807],[-50.689524,65.206366],[-50.976959,65.219672],[-50.642161,64.759223],[-51.252553,64.760199],[-51.662709,64.308824],[-52.161477,64.256349],[-52.132436,64.712836],[-51.244985,65.02143],[-52.183502,64.802314],[-52.012196,64.980414],[-52.272857,65.103949],[-52.00475,65.31623],[-52.567047,65.322455],[-51.716786,65.589993],[-51.902943,65.624091],[-51.6881,65.704779],[-51.026357,65.767035],[-50.740549,65.682929],[-50.552358,65.713446],[-50.943023,65.782375],[-51.441029,65.772528],[-51.991689,65.672512],[-52.491322,65.391913],[-52.470855,65.672512],[-52.800852,65.551947],[-52.546539,65.679348],[-52.69343,65.807278],[-52.824045,65.672512],[-53.262563,65.751654],[-51.739858,65.930609],[-51.731028,66.075914],[-53.472035,65.980943],[-51.283355,66.844916],[-49.997426,66.981513],[-51.174672,66.927883],[-53.450917,66.103909],[-53.663197,66.138617],[-53.121938,66.289455],[-53.625966,66.251614],[-53.622955,66.508979],[-52.416249,66.550116],[-53.457753,66.638251],[-52.231923,66.844957],[-53.964915,67.077704],[-52.190663,67.371894],[-51.176137,67.124905],[-50.346832,67.186957],[-51.52184,67.350491],[-51.114654,67.4265],[-53.188466,67.343166],[-53.876698,67.234768],[-52.532948,67.741889],[-52.789622,67.750149],[-52.409088,67.769232],[-51.864125,67.635891],[-51.348012,67.679511],[-50.693105,67.494086],[-50.196645,67.467475],[-50.87442,67.604682],[-49.935943,67.700263],[-51.320139,67.714545],[-51.003774,67.720771],[-50.264963,67.844916],[-51.367909,67.885891],[-51.03893,67.981513],[-51.573354,67.934272],[-51.325551,67.824368],[-51.703684,67.700263],[-52.342152,67.821723],[-51.606597,67.976996],[-52.824045,67.796454],[-53.729726,67.538072],[-53.687652,67.811835],[-52.889231,67.981513],[-53.176584,68.046088],[-52.589223,67.943101],[-52.207102,67.926825],[-52.059316,67.975287],[-53.307973,68.18651],[-51.217112,68.070868],[-50.566558,67.906317],[-50.148264,67.947943],[-51.436838,68.201158],[-50.955881,68.189276],[-51.381581,68.255805],[-51.155629,68.294827],[-51.166982,68.414211],[-50.772043,68.495429],[-50.848012,68.507148],[-52.445139,68.181464],[-53.389475,68.331529],[-53.08849,68.317857],[-52.388987,68.50967],[-52.616444,68.525946],[-50.86205,68.619818],[-50.654693,68.831204],[-51.292144,68.748603],[-50.963857,68.934231],[-51.189768,68.88581],[-51.079905,69.132799],[-50.221669,68.959906],[-50.689524,69.126654],[-50.13976,69.179755],[-50.366689,69.338935],[-51.115102,69.212226],[-50.20287,69.523261],[-50.880605,69.50788],[-50.189198,69.763414],[-50.593332,69.927924],[-50.237294,70.038398],[-52.320668,70.051459],[-54.630238,70.65412],[-52.790639,70.756781],[-51.549428,70.431586],[-50.53185,70.35932],[-51.347401,70.571601],[-50.652699,70.650336],[-51.445139,70.73192],[-50.631581,70.739081],[-50.847157,70.873236],[-51.956899,71.024115],[-51.207875,70.962226],[-50.915395,71.024115],[-52.242747,71.126776],[-51.642242,71.367336],[-52.557729,71.178616],[-51.360951,71.49372],[-52.992258,71.421332],[-51.781606,71.602729],[-51.662709,71.729804],[-52.166412,71.613105],[-53.265981,71.709906],[-52.89566,71.835639],[-52.683176,72.010932],[-53.364329,71.777777],[-53.399729,72.041978],[-53.851633,72.330634],[-53.553944,72.360419],[-53.870229,72.356635],[-53.835113,72.162421],[-53.398915,71.845893],[-54.10204,71.709906],[-53.912587,71.450507],[-55.514475,71.449164],[-55.90453,71.682034],[-54.853342,71.912991],[-54.555247,72.033759],[-54.383209,72.223212],[-55.267812,71.927314],[-55.60969,71.990465],[-54.684885,72.367174],[-55.651275,72.450385],[-54.293853,72.483954],[-55.010569,72.521715],[-54.526601,72.778754],[-54.924428,72.78559],[-54.602935,72.83397],[-54.781077,72.998481],[-55.695383,73.069525],[-55.089711,73.367906],[-56.067738,73.653022],[-55.61266,73.721137],[-56.41161,74.067328],[-56.124257,74.279608],[-57.314117,74.102688],[-56.144765,74.491889],[-58.141591,75.051825],[-57.922719,75.163398],[-58.439361,75.314276],[-58.247629,75.403022],[-58.700103,75.348456],[-58.206654,75.444037],[-58.59435,75.679755],[-58.405914,75.71894],[-63.367299,76.376899],[-65.354482,76.026801],[-65.888905,76.102525],[-65.55248,76.239081],[-65.740142,76.27851],[-67.307769,76.164008],[-66.488433,75.909857],[-68.432525,76.079413],[-69.637278,76.383124],[-67.985585,76.684149],[-71.384429,77.023993],[-69.733469,77.239],[-66.361928,77.116156],[-66.170074,77.198676],[-69.102854,77.2744],[-66.226145,77.252509],[-66.663482,77.417792],[-66.053375,77.493476],[-66.663482,77.719428],[-69.222564,77.452908],[-70.28775,77.575385],[-69.518178,77.687445],[-69.507476,77.760443],[-70.675649,77.680162],[-69.973012,77.836127],[-71.312815,77.769843],[-73.05724,78.158271],[-72.460764,78.288642],[-72.850575,78.315334],[-72.590199,78.521226],[-65.785878,79.138332],[-64.83141,79.527167],[-65.043568,80.023871],[-63.778554,80.151923],[-67.05012,80.061184],[-67.485951,80.323188],[-63.655019,81.149075],[-62.779937,80.758775],[-63.37328,81.159247],[-61.07608,81.12051],[-60.892974,81.166164],[-61.31135,81.365383],[-60.773183,81.491645],[-61.454254,81.745022],[-60.533559,81.912746],[-58.83849,81.86225],[-58.681386,81.684027],[-56.541249,81.335924],[-58.485951,81.879299],[-59.467885,82.002834],[-54.440745,82.372707],[-53.557037,82.116116],[-53.807851,81.588202],[-53.682973,81.526313],[-53.472035,81.508734],[-53.650217,81.542914],[-52.964263,82.036322],[-49.921498,81.611762],[-49.61384,81.645941],[-51.066274,81.933905],[-49.435699,81.92768],[-51.107249,82.509914],[-49.011342,82.454535],[-44.662831,81.754381],[-44.172922,81.837714],[-44.926381,81.995347],[-44.398793,82.105211],[-44.793853,82.191962],[-44.562856,82.293402],[-42.302113,82.215074],[-45.769276,82.769965],[-42.048248,82.756334],[-41.614735,82.479682],[-41.898061,82.72899],[-41.577545,82.747301],[-39.755971,82.395941],[-40.317209,82.730699],[-45.974436,82.842841],[-46.89273,82.961819],[-43.363515,82.920844],[-45.518422,83.122748],[-45.406565,83.158596],[-42.665842,83.281195],[-38.615102,82.745998],[-39.149648,82.982245],[-36.881012,83.153551],[-38.68342,83.208401],[-38.868479,83.427314],[-30.647125,83.601752],[-25.649648,83.297553],[-33.439809,83.159613],[-32.480458,83.044257],[-35.620432,82.907172],[-25.221425,83.167873],[-24.753651,82.998277],[-25.903554,82.783637],[-23.933095,82.916409],[-21.32311,82.618354],[-23.886708,82.278876],[-31.582102,82.22012],[-29.905141,82.098375],[-32.813303,81.794379],[-24.619862,81.987494],[-24.706207,81.781195],[-26.723012,81.53148],[-26.387196,81.42772],[-23.40392,81.718817],[-23.195424,82.022284],[-21.056996,81.913031],[-21.256825,81.517483],[-23.864735,80.583564],[-19.70816,81.695502],[-18.983876,81.610297],[-19.460561,81.374701],[-17.14684,81.413398],[-15.290028,81.838813],[-11.37682,81.47602],[-15.4204,80.648383],[-17.239898,80.722317],[-18.322255,80.558051],[-19.471669,80.665432],[-20.845448,80.557359],[-15.755198,80.41942],[-16.447336,80.219306],[-19.474355,80.260199],[-20.171213,80.104315],[-19.966461,80.083238],[-20.423085,79.839586],[-19.207753,79.708482],[-19.603586,79.179918],[-19.276682,79.391669],[-18.878774,79.225084],[-20.970815,78.778876],[-21.207753,78.63288],[-20.848215,78.592597],[-21.967275,77.679185],[-21.562367,77.553168],[-20.937408,77.9737],[-19.12682,77.683661],[-20.926259,77.522406],[-18.536122,77.280951],[-18.258778,77.100165],[-18.51122,76.740912],[-20.513417,76.945705],[-22.744211,76.698432],[-21.805165,76.588568],[-22.504018,76.451361],[-21.585439,76.443061],[-21.652089,76.237738],[-19.670562,76.136054],[-21.983876,75.992662],[-19.345326,75.732611],[-19.612294,75.684231],[-19.341908,75.411322],[-19.588612,75.14232],[-22.263092,75.669501],[-21.407948,75.458319],[-22.5065,75.539537],[-20.517201,75.14232],[-22.410268,75.154608],[-20.676625,75.074408],[-20.764231,74.840725],[-20.609731,74.734849],[-21.119944,74.666897],[-18.974762,74.484361],[-19.626536,74.238593],[-20.372914,74.448432],[-22.081776,74.602973],[-21.768788,74.415269],[-22.471018,74.313666],[-22.069081,74.294257],[-22.487945,74.080959],[-21.988678,73.998725],[-21.827138,73.651679],[-21.784657,74.053046],[-20.277577,73.875474],[-20.543284,73.449042],[-22.314076,73.250434],[-24.032826,73.696723],[-22.662221,73.548651],[-22.175038,73.627875],[-24.060048,73.820258],[-24.456858,73.541449],[-25.690663,73.957465],[-24.679596,73.524644],[-25.292226,73.473538],[-25.965403,73.241889],[-27.332387,73.498114],[-26.396962,73.238023],[-27.725901,73.134426],[-27.403554,73.110663],[-27.483062,72.925686],[-26.444488,73.196682],[-25.052561,73.08393],[-26.082631,72.782416],[-26.782786,72.872138],[-27.387563,72.846381],[-26.306996,72.730373],[-26.468984,72.576972],[-25.256215,72.811184],[-24.601308,72.552191],[-25.909739,72.415676],[-25.28893,72.39057],[-25.507314,72.123765],[-24.546376,72.423407],[-22.503407,71.900784],[-23.123199,71.631903],[-21.894521,71.743476],[-22.507436,71.552232],[-22.476715,71.264309],[-21.764638,71.508002],[-21.606516,71.325751],[-21.963368,71.270453],[-21.715728,71.119696],[-22.333363,71.059475],[-21.696848,71.078925],[-21.928619,70.812445],[-21.476796,70.544867],[-22.381174,70.448717],[-22.479156,70.855414],[-22.632558,70.445461],[-23.345448,70.440579],[-24.066274,70.689683],[-24.63801,71.361762],[-26.401479,71.642483],[-26.785146,71.546536],[-27.931386,72.010484],[-28.620269,72.134467],[-27.33137,71.718817],[-28.493642,71.565904],[-25.4169,71.284735],[-26.828359,70.935289],[-27.90746,71.140326],[-27.618153,70.953803],[-28.397613,70.981269],[-27.920888,70.868069],[-29.23412,70.448065],[-26.321278,70.379788],[-28.589915,70.092434],[-27.473622,69.959784],[-25.305287,70.413235],[-22.161448,70.071357],[-23.929799,69.756008],[-23.579701,69.626288],[-24.354888,69.599555],[-24.094228,69.42829],[-25.190989,69.283677],[-24.99177,69.166938],[-26.325551,68.679145],[-29.377553,68.201158],[-29.852651,68.415595],[-30.302968,68.255805],[-30.055979,68.111802],[-31.581166,68.076483],[-32.487172,68.623928],[-32.070709,68.194322],[-32.439849,68.241523],[-32.454254,68.207994],[-32.051503,68.155504],[-32.036529,67.926825],[-33.20226,67.694037],[-33.273671,67.400784],[-33.598215,67.371975],[-33.365468,67.247748],[-33.66808,67.223212],[-33.537424,67.077704],[-33.975657,66.994574],[-34.270375,66.57685],[-34.41747,66.749945],[-34.715443,66.344062],[-35.832631,66.443508],[-35.586293,66.111314],[-36.553619,66.083808],[-37.013783,65.839586],[-37.079701,66.062893],[-37.18456,65.774075],[-37.678538,65.945705],[-37.814809,65.883043],[-37.854237,65.891588],[-37.169667,66.323635],[-37.852366,66.444729],[-38.140492,66.369208],[-37.689809,66.268378],[-37.99828,66.241034],[-37.998931,65.938422],[-38.484853,66.015082],[-38.106109,65.810736],[-38.22057,65.64643],[-39.668365,65.68476],[-40.218495,65.508002],[-39.788726,65.412177],[-40.122874,65.166205],[-39.937327,65.096503]]],[[[-44.542714,59.944892],[-44.55842,59.98664],[-44.514882,59.977688],[-44.542714,59.944892]]],[[[-44.203684,60.053168],[-44.4947,60.011176],[-44.442942,60.137885],[-44.203684,60.053168]]],[[[-44.203603,60.107367],[-44.208119,60.175279],[-44.147084,60.095893],[-44.008412,60.046576],[-44.203603,60.107367]]],[[[-45.221262,60.149604],[-45.269683,60.184516],[-45.221262,60.170111],[-45.221262,60.149604]]],[[[-45.349762,60.389472],[-45.183339,60.272528],[-45.411366,60.194525],[-45.349762,60.389472]]],[[[-45.002105,60.450629],[-45.116038,60.388129],[-45.132151,60.433783],[-45.002105,60.450629]]],[[[-45.118235,60.313463],[-44.926381,60.436957],[-45.008372,60.347602],[-45.118235,60.313463]]],[[[-45.382436,60.478095],[-45.395334,60.427191],[-45.440297,60.430813],[-45.382436,60.478095]]],[[[-45.978505,60.623277],[-45.95519,60.681952],[-45.782948,60.662909],[-45.978505,60.623277]]],[[[-45.908355,60.704291],[-45.989735,60.694566],[-46.089426,60.64289],[-46.207509,60.676581],[-46.176869,60.688056],[-45.908355,60.704291]]],[[[-46.637318,60.7355],[-46.568349,60.774359],[-46.509145,60.752346],[-46.637318,60.7355]]],[[[-46.390859,60.764228],[-46.345286,60.669745],[-46.502349,60.703925],[-46.390859,60.764228]]],[[[-47.358876,60.79267],[-47.312489,60.801744],[-47.22232,60.786444],[-47.358876,60.79267]]],[[[-47.030344,60.814154],[-46.986806,60.776313],[-47.051015,60.800116],[-47.030344,60.814154]]],[[[-47.183176,60.799302],[-47.195058,60.827053],[-47.146596,60.813137],[-47.183176,60.799302]]],[[[-46.357167,60.825751],[-46.365305,60.784857],[-46.427235,60.800116],[-46.357167,60.825751]]],[[[-47.11734,60.82685],[-47.171742,60.85224],[-47.084543,60.868354],[-47.11734,60.82685]]],[[[-47.227895,60.879218],[-47.220041,60.852118],[-47.255849,60.851264],[-47.227895,60.879218]]],[[[-47.098053,60.899156],[-47.112457,60.930406],[-47.071523,60.930406],[-47.098053,60.899156]]],[[[-46.988881,60.911078],[-47.011871,60.926337],[-46.961659,60.930406],[-46.988881,60.911078]]],[[[-46.391591,60.860785],[-46.84557,60.772773],[-46.164133,60.911444],[-46.391591,60.860785]]],[[[-46.516591,60.937242],[-46.427235,60.978217],[-46.426259,60.938056],[-46.516591,60.937242]]],[[[-48.044097,61.067572],[-48.331451,61.059556],[-48.373118,61.081244],[-48.044097,61.067572]]],[[[-48.955922,61.259426],[-48.847035,61.304592],[-48.723134,61.293524],[-48.955922,61.259426]]],[[[-48.832997,61.341295],[-48.558949,61.37287],[-48.515533,61.336575],[-48.832997,61.341295]]],[[[-49.216624,61.656684],[-49.085683,61.677151],[-49.086497,61.64289],[-49.216624,61.656684]]],[[[-50.703114,63.088324],[-50.67927,63.023668],[-50.758412,63.068061],[-50.703114,63.088324]]],[[[-50.771962,63.19184],[-50.817209,63.084052],[-50.880035,63.138414],[-50.771962,63.19184]]],[[[-50.571441,63.212836],[-50.624338,63.116523],[-50.679799,63.148505],[-50.571441,63.212836]]],[[[-52.044735,64.104883],[-51.895497,64.191555],[-51.881665,64.167514],[-52.044735,64.104883]]],[[[-50.805531,64.527981],[-51.155344,64.254218],[-51.338612,64.245795],[-51.031728,64.55093],[-50.805531,64.527981]]],[[[-51.176137,64.459662],[-51.515207,64.394477],[-51.094146,64.569525],[-51.176137,64.459662]]],[[[-43.961334,59.978176],[-43.644643,59.854193],[-44.118276,59.833686],[-43.961334,59.978176]]],[[[-43.316029,60.00495],[-43.319447,59.964057],[-43.370961,59.915595],[-43.316029,60.00495]]],[[[-44.200103,60.027899],[-44.151275,59.902899],[-44.398793,59.90941],[-44.200103,60.027899]]],[[[-43.46935,60.026801],[-43.394602,59.938788],[-43.514963,59.90941],[-43.46935,60.026801]]],[[[-43.171702,60.07392],[-43.576405,60.080756],[-43.590077,59.923041],[-44.129628,60.142035],[-43.171702,60.07392]]],[[[-48.235951,60.800116],[-47.653066,60.759101],[-47.900461,60.68244],[-48.235951,60.800116]]],[[[-42.850209,60.902533],[-42.624257,60.895697],[-42.952626,60.8758],[-42.850209,60.902533]]],[[[-42.468088,61.43887],[-42.412343,61.498603],[-42.390289,61.485338],[-42.468088,61.43887]]],[[[-42.165435,61.857082],[-42.117543,61.778795],[-42.287913,61.759711],[-42.165435,61.857082]]],[[[-42.264394,62.511379],[-42.160146,62.580227],[-42.123402,62.499579],[-42.264394,62.511379]]],[[[-42.349355,62.8133],[-41.863271,62.739081],[-42.445546,62.753363],[-42.349355,62.8133]]],[[[-41.9558,62.838446],[-41.866933,62.803941],[-41.815541,62.80801],[-41.9169,62.779242],[-41.9558,62.838446]]],[[[-41.582509,62.875434],[-41.451772,63.014106],[-41.451772,62.97309],[-41.582509,62.875434]]],[[[-41.385487,63.047349],[-41.403961,63.116523],[-41.30842,63.075507],[-41.385487,63.047349]]],[[[-41.301991,63.199774],[-41.352122,63.125922],[-41.462026,63.195014],[-41.301991,63.199774]]],[[[-41.147043,63.284369],[-41.414784,63.232164],[-41.863271,63.472805],[-41.681386,63.496812],[-41.445546,63.34927],[-41.147043,63.284369]]],[[[-51.316396,63.529853],[-51.204091,63.500067],[-51.395863,63.466539],[-51.316396,63.529853]]],[[[-40.838124,63.634345],[-40.681304,63.654486],[-40.663482,63.64411],[-40.838124,63.634345]]],[[[-41.062001,64.233791],[-40.622548,64.226874],[-40.650787,64.203803],[-41.017812,64.201606],[-41.062001,64.233791]]],[[[-40.143422,64.487006],[-40.492787,64.494086],[-40.869537,64.904731],[-40.499623,64.829576],[-40.143422,64.487006]]],[[[-39.491607,65.322455],[-39.491607,65.288275],[-39.803375,65.334621],[-39.491607,65.322455]]],[[[-37.19636,65.535346],[-37.110097,65.590074],[-37.025014,65.552069],[-37.032867,65.537543],[-37.093332,65.555162],[-37.16926,65.532701],[-37.19636,65.535346]]],[[[-53.175364,65.630845],[-53.037099,65.54328],[-53.230784,65.60224],[-53.175364,65.630845]]],[[[-37.075347,65.734076],[-37.004018,65.587714],[-37.217437,65.686184],[-37.075347,65.734076]]],[[[-36.812734,65.875718],[-36.828114,65.742377],[-36.997711,65.815863],[-36.812734,65.875718]]],[[[-37.272084,65.761217],[-37.497385,65.720282],[-37.313059,65.679348],[-37.987294,65.700588],[-37.693186,65.905219],[-37.272084,65.761217]]],[[[-36.374013,65.881293],[-36.182769,65.884752],[-36.380727,65.836982],[-36.374013,65.881293]]],[[[-36.621938,65.79857],[-36.627838,65.953192],[-36.504262,65.95303],[-36.621938,65.79857]]],[[[-35.484486,66.184882],[-35.482167,66.242133],[-35.387034,66.248481],[-35.484486,66.184882]]],[[[-33.975657,66.830715],[-33.846059,66.801907],[-33.95226,66.795233],[-33.975657,66.830715]]],[[[-33.449859,67.141506],[-33.446116,67.197252],[-33.338124,67.206855],[-33.449859,67.141506]]],[[[-33.265614,67.375963],[-33.256093,67.297756],[-33.331288,67.337836],[-33.265614,67.375963]]],[[[-29.874135,68.242133],[-29.867258,68.142971],[-30.014394,68.21426],[-29.874135,68.242133]]],[[[-53.225006,68.433905],[-52.992258,68.495429],[-52.854482,68.424018],[-53.225006,68.433905]]],[[[-51.863922,68.612128],[-51.858998,68.606594],[-51.886342,68.604804],[-51.863922,68.612128]]],[[[-52.423736,68.590562],[-51.806752,68.625718],[-52.114898,68.564276],[-52.423736,68.590562]]],[[[-52.128285,68.707668],[-52.419586,68.661566],[-53.121938,68.571112],[-52.128285,68.707668]]],[[[-51.223297,69.914252],[-50.803944,69.900377],[-50.661855,69.83515],[-51.16747,69.511949],[-51.384999,69.7119],[-51.00475,69.886949],[-51.223297,69.914252]]],[[[-51.837473,69.643622],[-53.844635,69.265041],[-54.273346,69.400336],[-53.402984,69.439195],[-53.581899,69.47606],[-53.34911,69.585354],[-54.992747,69.701972],[-54.389394,69.681545],[-54.931956,69.865871],[-54.224924,69.920478],[-54.831939,70.085598],[-54.329742,70.324042],[-51.837473,69.643622]]],[[[-54.654205,70.38288],[-54.926503,70.374742],[-55.027455,70.486274],[-54.654205,70.38288]]],[[[-51.820424,70.750393],[-51.505116,70.674628],[-51.861318,70.723049],[-51.820424,70.750393]]],[[[-52.064524,70.978583],[-51.565826,70.879706],[-52.161366,70.891669],[-52.064524,70.978583]]],[[[-53.896596,71.082465],[-53.611806,71.321723],[-53.382069,71.136623],[-53.512441,71.037746],[-53.896596,71.082465]]],[[[-52.327504,71.298407],[-52.957428,71.154446],[-53.17748,71.327623],[-52.327504,71.298407]]],[[[-53.112457,71.540961],[-53.478261,71.655341],[-52.759511,71.661526],[-53.112457,71.540961]]],[[[-55.808258,71.881252],[-55.561025,71.93358],[-55.411041,71.894232],[-55.808258,71.881252]]],[[[-55.047963,72.318834],[-55.376129,72.167222],[-55.682932,72.190009],[-55.434641,72.267971],[-55.623931,72.302639],[-55.047963,72.318834]]],[[[-55.640248,72.775946],[-56.062164,72.655219],[-56.225982,72.709906],[-55.640248,72.775946]]],[[[-55.367055,72.589911],[-55.849273,72.614244],[-54.965443,72.812323],[-55.367055,72.589911]]],[[[-55.69225,72.998481],[-55.520904,73.052476],[-55.068471,72.956855],[-55.69225,72.998481]]],[[[-55.753733,73.395087],[-55.945465,73.573879],[-55.472524,73.429877],[-55.753733,73.395087]]],[[[-55.954579,73.832994],[-56.317006,73.786607],[-56.77477,73.88231],[-55.954579,73.832994]]],[[[-56.518219,74.494818],[-57.19518,74.473334],[-57.556223,74.498033],[-56.71288,74.560736],[-56.518219,74.494818]]],[[[-69.556752,76.613959],[-69.677724,76.53384],[-70.034495,76.568061],[-69.556752,76.613959]]],[[[-72.234242,77.458726],[-71.343495,77.376858],[-72.576812,77.411607],[-72.234242,77.458726]]],[[[-70.898671,77.473456],[-70.055002,77.40412],[-71.302602,77.452541],[-70.898671,77.473456]]],[[[-53.27477,82.172349],[-52.786773,82.317532],[-51.189768,81.995347],[-52.105214,81.995429],[-53.27477,82.172349]]],[[[-44.529164,82.413764],[-45.035024,82.059272],[-47.749867,82.625312],[-46.324208,82.678534],[-44.529164,82.413764]]],[[[-47.442047,82.810981],[-48.330922,82.791897],[-48.41275,82.852769],[-47.442047,82.810981]]],[[[-39.972727,83.159817],[-39.288889,83.092434],[-40.54662,83.162421],[-39.972727,83.159817]]],[[[-40.858062,83.172593],[-39.862172,82.982245],[-41.486562,83.167873],[-40.858062,83.172593]]],[[[-40.487416,83.365912],[-38.642568,83.118801],[-40.667348,83.302558],[-40.487416,83.365912]]],[[[-23.593373,69.715033],[-23.298573,69.742906],[-23.224029,69.670966],[-23.593373,69.715033]]],[[[-26.38268,70.52383],[-26.074208,70.52383],[-26.38268,70.489651],[-26.38268,70.52383]]],[[[-27.369618,70.81802],[-27.722768,70.888577],[-27.239858,70.894355],[-27.369618,70.81802]]],[[[-25.31725,70.746975],[-25.999745,70.535102],[-26.237945,70.58926],[-28.137359,70.45954],[-25.703765,71.085842],[-25.31725,70.746975]]],[[[-25.413971,71.027411],[-25.341176,71.078681],[-25.307688,71.017279],[-25.413971,71.027411]]],[[[-21.949086,72.428697],[-22.760121,72.441067],[-22.045318,72.271674],[-22.524892,72.134833],[-24.063547,72.445258],[-24.48526,72.826565],[-23.137034,72.840033],[-21.949086,72.428697]]],[[[-25.128285,72.892279],[-24.901438,72.78205],[-25.320668,72.846991],[-25.128285,72.892279]]],[[[-21.928619,72.737779],[-22.654042,72.698065],[-23.163319,72.877916],[-24.586903,72.950426],[-23.238271,73.075263],[-21.969594,72.943834],[-22.18871,72.812323],[-21.928619,72.737779]]],[[[-21.462514,73.121405],[-21.203521,73.146064],[-21.168324,73.134426],[-21.462514,73.121405]]],[[[-22.892445,73.158026],[-25.710805,73.194892],[-24.460072,73.425035],[-23.209788,73.231269],[-24.970448,73.325344],[-25.012196,73.313178],[-22.892445,73.158026]]],[[[-21.24706,74.457099],[-20.132965,74.190172],[-21.986969,74.248236],[-21.24706,74.457099]]],[[[-18.904897,74.675482],[-18.823354,74.547309],[-19.221832,74.58747],[-18.904897,74.675482]]],[[[-18.471425,74.711615],[-18.482574,74.629218],[-18.591176,74.725287],[-18.471425,74.711615]]],[[[-19.809967,74.890855],[-20.138254,74.699286],[-20.680735,74.82095],[-20.339101,75.054185],[-19.809967,74.890855]]],[[[-17.316965,75.136135],[-17.618398,74.935736],[-18.892649,74.999213],[-18.948069,75.334174],[-18.05134,75.420111],[-17.802887,75.314276],[-18.209218,75.222357],[-17.316965,75.136135]]],[[[-18.673411,76.655463],[-18.65331,75.903266],[-19.106435,76.473456],[-18.763173,76.588568],[-19.072743,76.73432],[-18.673411,76.655463]]],[[[-17.808909,77.655463],[-18.267201,77.656724],[-17.617299,77.806586],[-17.808909,77.655463]]],[[[-21.243398,77.875678],[-21.332997,77.94595],[-21.086415,77.984524],[-21.243398,77.875678]]],[[[-19.995717,77.999945],[-19.235463,77.828681],[-20.489858,77.959662],[-19.995717,77.999945]]],[[[-19.111562,77.932278],[-19.320424,78.144477],[-18.859853,78.144477],[-19.111562,77.932278]]],[[[-20.467641,78.249457],[-20.600331,78.133246],[-20.814605,78.174994],[-20.467641,78.249457]]],[[[-19.352406,78.21483],[-19.647572,78.264797],[-19.646392,78.350816],[-19.352406,78.21483]]],[[[-18.917836,78.443549],[-18.893666,78.210395],[-19.271108,78.230658],[-19.289215,78.368109],[-18.917836,78.443549]]],[[[-18.391998,78.63642],[-18.509755,78.52558],[-18.652699,78.555487],[-18.391998,78.63642]]],[[[-18.20519,78.695787],[-18.161773,78.829291],[-18.000315,78.765815],[-18.20519,78.695787]]],[[[-19.048004,78.92357],[-19.395579,78.705308],[-19.610666,78.770006],[-19.154856,78.92829],[-19.048004,78.92357]]],[[[-17.60554,79.193834],[-17.681996,79.03852],[-17.828847,78.960435],[-17.964955,78.955878],[-17.60554,79.193834]]],[[[-19.414174,79.848131],[-17.740834,80.091213],[-17.260976,80.003607],[-18.17394,79.693671],[-19.414174,79.848131]]],[[[-18.77184,80.11225],[-19.704091,80.057563],[-18.702992,80.126451],[-18.77184,80.11225]]],[[[-17.335561,81.608629],[-18.21345,81.692206],[-18.281484,81.718492],[-17.335561,81.608629]]],[[[-19.045033,81.8251],[-19.658193,82.094062],[-18.63093,81.819729],[-19.045033,81.8251]]],[[[-66.587961,80.619818],[-66.912913,80.619045],[-66.982737,80.671576],[-66.587961,80.619818]]],[[[-66.297963,80.826524],[-66.373118,80.824897],[-66.377919,80.830715],[-66.297963,80.826524]]]]}},{"type":"Feature","properties":{"ISO3166-1-Alpha-3":"FJI"},"geometry":{"type":"MultiPolygon","coordinates":[[[[-179.961781,-16.154718],[-179.987538,-16.138116],[-179.938588,-16.12127],[-179.961781,-16.154718]]],[[[-179.921986,-16.497491],[-179.991404,-16.475763],[-179.897654,-16.429783],[-179.921986,-16.497491]]],[[[-179.815663,-16.772231],[-180.0,-16.786733],[-179.864084,-16.681329],[-179.815663,-16.772231]]],[[[179.987153,-16.518324],[180.0,-16.541275],[179.987478,-16.542413],[179.987153,-16.518324]]],[[[179.895274,-16.939142],[180.0,-16.962782],[179.917491,-16.998793],[179.895274,-16.939142]]],[[[180.0,-16.149112],[179.478689,-16.697198],[179.939464,-16.463311],[179.848643,-16.662367],[179.910655,-16.766046],[179.266368,-16.689874],[178.733897,-17.007013],[178.485606,-16.79339],[180.0,-16.149112]]],[[[-178.553822,-19.109145],[-178.533315,-19.156996],[-178.536977,-19.177179],[-178.600331,-19.147719],[-178.597117,-19.128513],[-178.581654,-19.111505],[-178.553822,-19.109145]]],[[[-178.930979,-18.971368],[-178.969065,-18.942641],[-178.943593,-18.926365],[-178.930979,-18.971368]]],[[[-179.858266,-19.005955],[-179.84968,-18.923435],[-179.78718,-18.955336],[-179.858266,-19.005955]]],[[[-178.789784,-18.172133],[-178.763295,-18.245864],[-178.845408,-18.21738],[-178.789784,-18.172133]]],[[[-179.069336,-17.989319],[-179.031831,-17.966329],[-179.027865,-18.003014],[-179.069336,-17.989319]]],[[[-178.33788,-17.886],[-178.248647,-17.952569],[-178.352284,-17.945733],[-178.33788,-17.886]]],[[[-179.019968,-17.149102],[-178.910715,-17.214532],[-178.985829,-17.313572],[-179.019968,-17.149102]]],[[[179.774099,-19.170668],[179.802013,-19.184259],[179.745942,-19.190118],[179.774099,-19.170668]]],[[[178.430349,-18.955255],[178.178966,-19.157485],[177.951182,-19.129653],[178.226085,-18.964125],[178.430349,-18.955255]]],[[[178.49586,-18.86297],[178.508311,-18.926446],[178.471934,-18.907159],[178.49586,-18.86297]]],[[[179.830666,-18.589302],[179.891831,-18.609644],[179.882754,-18.662524],[179.830666,-18.589302]]],[[[177.618988,-18.511895],[177.654063,-18.504083],[177.663097,-18.588474],[177.618988,-18.511895]]],[[[178.108735,-18.403497],[178.150076,-18.357843],[178.142345,-18.411879],[178.108735,-18.403497]]],[[[179.297374,-17.937921],[179.350271,-18.118829],[179.232758,-17.944757],[179.297374,-17.937921]]],[[[179.391775,-17.793064],[179.432302,-17.832778],[179.422618,-17.850518],[179.391775,-17.793064]]],[[[178.734685,-17.767566],[178.779552,-17.766046],[178.772716,-17.780369],[178.734685,-17.767566]]],[[[178.739355,-17.67333],[178.835544,-17.693159],[178.768077,-17.747166],[178.739355,-17.67333]]],[[[179.033376,-17.656183],[179.006847,-17.593194],[179.040782,-17.656183],[179.033376,-17.656183]]],[[[178.190115,-17.300551],[178.588634,-18.136],[177.894054,-18.273126],[177.251638,-17.952244],[177.515147,-17.50506],[178.190115,-17.300551]]],[[[177.111827,-17.310317],[177.149181,-17.245294],[177.162852,-17.265802],[177.111827,-17.310317]]],[[[179.371349,-17.259861],[179.432872,-17.358331],[179.39088,-17.396254],[179.371349,-17.259861]]],[[[177.175955,-17.163344],[177.285818,-17.046645],[177.287852,-17.085219],[177.238048,-17.149102],[177.175955,-17.163344]]],[[[177.395763,-16.866143],[177.403656,-16.902602],[177.395356,-16.936782],[177.395763,-16.866143]]],[[[178.28004,-16.786716],[178.333669,-16.828871],[178.290212,-16.834405],[178.28004,-16.786716]]],[[[177.429698,-16.834405],[177.591156,-16.686212],[177.580333,-16.728448],[177.429698,-16.834405]]],[[[179.947439,-16.644464],[179.883311,-16.655532],[179.951671,-16.607843],[179.947439,-16.644464]]],[[[178.560395,-16.587335],[178.605154,-16.580011],[178.622569,-16.573012],[178.592459,-16.595636],[178.560395,-16.587335]]],[[[179.328136,-16.326593],[179.389659,-16.333591],[179.328136,-16.333591],[179.328136,-16.326593]]],[[[177.059744,-12.475274],[177.091075,-12.516371],[177.00587,-12.489516],[177.059744,-12.475274]]],[[[174.626638,-21.676528],[174.596853,-21.698419],[174.594005,-21.668715],[174.626638,-21.676528]]],[[[-178.708119,-20.671319],[-178.731028,-20.657647],[-178.724965,-20.642348],[-178.708119,-20.671319]]],[[[-178.220041,-19.827895],[-178.228953,-19.829034],[-178.216135,-19.815199],[-178.220041,-19.827895]]],[[[-178.391957,-19.165785],[-178.401112,-19.133477],[-178.392934,-19.127537],[-178.391957,-19.165785]]],[[[-178.879872,-18.854262],[-178.914866,-18.884047],[-178.930613,-18.882094],[-178.879872,-18.854262]]],[[[-178.486073,-18.651788],[-178.516306,-18.649998],[-178.499216,-18.633722],[-178.486073,-18.651788]]],[[[-179.280751,-17.760186],[-179.334218,-17.740004],[-179.298085,-17.72324],[-179.280751,-17.760186]]],[[[-179.130808,-17.453709],[-179.175486,-17.439711],[-179.145579,-17.424249],[-179.130808,-17.453709]]],[[[-179.130808,-17.277032],[-179.156687,-17.254083],[-179.134389,-17.25213],[-179.130808,-17.277032]]]]}},{"type":"Feature","properties":{"ISO3166-1-Alpha-3":"NZL"},"geometry":{"type":"MultiPolygon","coordinates":[[[[165.924083,-50.851251],[166.226329,-50.885431],[165.985525,-50.904392],[165.924083,-50.851251]]],[[[169.186255,-52.469199],[169.195296,-52.600313],[169.015391,-52.542657],[169.186255,-52.469199]]],[[[166.095876,-50.535903],[166.240082,-50.851007],[165.896739,-50.851251],[166.095876,-50.535903]]],[[[178.770763,-49.627211],[178.822113,-49.719822],[178.719005,-49.700128],[178.770763,-49.627211]]],[[[-176.236073,-44.241957],[-176.113881,-44.265069],[-176.218984,-44.341241],[-176.236073,-44.241957]]],[[[-176.169138,-43.731378],[-176.372263,-43.765883],[-176.53539,-43.755629],[-176.300038,-44.042576],[-176.581492,-44.123142],[-176.566151,-43.837823],[-176.85497,-43.820082],[-176.580637,-43.703383],[-176.169138,-43.731378]]],[[[-177.848134,-29.278578],[-177.924875,-29.284356],[-177.957997,-29.222752],[-177.848134,-29.278578]]],[[[-171.185658,-9.361261],[-171.199696,-9.344334],[-171.2058,-9.330987],[-171.185658,-9.361261]]],[[[-172.483632,-8.586521],[-172.494944,-8.554783],[-172.502553,-8.543227],[-172.483632,-8.586521]]],[[[166.618826,-47.997979],[166.637218,-48.062433],[166.56837,-48.041925],[166.618826,-47.997979]]],[[[167.426768,-47.244561],[167.454275,-47.207452],[167.48699,-47.218927],[167.426768,-47.244561]]],[[[167.69337,-46.757257],[167.682628,-46.795099],[167.662852,-46.778497],[167.69337,-46.757257]]],[[[168.542166,-46.759698],[168.605724,-46.754571],[168.563243,-46.801202],[168.542166,-46.759698]]],[[[167.787446,-46.697198],[168.259288,-47.084731],[167.521007,-47.273045],[167.787446,-46.697198]]],[[[166.566661,-45.63714],[166.739268,-45.72796],[166.506196,-45.724867],[166.566661,-45.63714]]],[[[166.893321,-45.243422],[166.997081,-45.233168],[167.034434,-45.30047],[166.893321,-45.243422]]],[[[174.351248,-41.17547],[174.38087,-41.195082],[174.197276,-41.230076],[174.351248,-41.17547]]],[[[173.921641,-40.866795],[173.832286,-40.757582],[173.964854,-40.708754],[173.921641,-40.866795]]],[[[172.748694,-43.279694],[172.681407,-43.639337],[173.064952,-43.648126],[173.092947,-43.854181],[172.417328,-43.737481],[171.346002,-44.278631],[170.556814,-45.896254],[170.778575,-45.876153],[169.704112,-46.549005],[168.378103,-46.619806],[167.590017,-46.159601],[166.761974,-46.219985],[166.952485,-45.944024],[166.616059,-46.088067],[166.743907,-45.860935],[166.474783,-45.996026],[167.020844,-45.697686],[166.774262,-45.718845],[167.054942,-45.491632],[166.71461,-45.575616],[166.825531,-45.317153],[167.20574,-45.478611],[167.012055,-45.132908],[167.932628,-44.697035],[167.836436,-44.505304],[168.37086,-44.039158],[170.858409,-42.843357],[171.46811,-41.76629],[172.070811,-41.414239],[172.106781,-40.886895],[172.595876,-40.527765],[172.83961,-40.50213],[172.660411,-40.647719],[173.017345,-40.797296],[173.103852,-41.307794],[173.992035,-40.899998],[173.774262,-41.283949],[174.133962,-41.175388],[173.896332,-41.191664],[173.998546,-40.968845],[174.326427,-41.009373],[174.216482,-41.188897],[173.935232,-41.279555],[174.325694,-41.216241],[174.050629,-41.436944],[174.21518,-41.856703],[172.748694,-43.279694]]],[[[175.018321,-36.761489],[175.182628,-36.824965],[175.011729,-36.802667],[175.018321,-36.761489]]],[[[175.799164,-36.569757],[175.797537,-36.621759],[175.771983,-36.576593],[175.799164,-36.569757]]],[[[174.84547,-36.4485],[174.895518,-36.401544],[174.906016,-36.449151],[174.84547,-36.4485]]],[[[175.080821,-36.205662],[175.154959,-36.213556],[175.100352,-36.227797],[175.080821,-36.205662]]],[[[175.53061,-36.176365],[175.333751,-36.223728],[175.375499,-36.065851],[175.53061,-36.176365]]],[[[172.138882,-34.149129],[172.144776,-34.169046],[172.114697,-34.146487],[172.138882,-34.149129]]],[[[177.413259,-39.059015],[176.861827,-40.14072],[175.966807,-41.247003],[175.237478,-41.620294],[174.889659,-41.224542],[174.609386,-41.291925],[175.141287,-40.674412],[175.183767,-40.134454],[173.759288,-39.301365],[174.594005,-38.818617],[174.977061,-37.749933],[174.558279,-37.062758],[174.948416,-37.101739],[174.500336,-37.032159],[174.182302,-36.45322],[174.431407,-36.665623],[174.271007,-36.33766],[174.524913,-36.241469],[173.90797,-35.870294],[174.079845,-36.399509],[173.407237,-35.571222],[173.660899,-35.312921],[173.369965,-35.516534],[172.70281,-34.411798],[173.079275,-34.411716],[172.907481,-34.541436],[173.266612,-35.007745],[173.444102,-34.796319],[174.151134,-35.369724],[174.353038,-35.199395],[174.606781,-35.84352],[174.359874,-35.713311],[174.352712,-35.841974],[174.880544,-36.351332],[174.716645,-36.411554],[174.680186,-36.907403],[175.609548,-37.25156],[175.354259,-36.490981],[175.532237,-36.507745],[175.851736,-36.718357],[175.997244,-37.631768],[177.131033,-38.021661],[177.992035,-37.543064],[178.550548,-37.680597],[178.300141,-38.531671],[177.932384,-38.702407],[177.911957,-39.255955],[177.413259,-39.059015]]]]}},{"type":"Feature","properties":{"ISO3166-1-Alpha-3":"NCL"},"geometry":{"type":"MultiPolygon","coordinates":[[[[163.967133,-20.008071],[163.947113,-20.066013],[163.949718,-20.002211],[163.967133,-20.008071]]],[[[167.432302,-22.54225],[167.555186,-22.638442],[167.418712,-22.645278],[167.432302,-22.54225]]],[[[166.770763,-22.450616],[166.843435,-22.424412],[166.801768,-22.463067],[166.770763,-22.450616]]],[[[167.987804,-21.335626],[167.992931,-21.654962],[167.808442,-21.383966],[167.987804,-21.335626]]],[[[166.406423,-20.719659],[166.458507,-20.719903],[166.39088,-20.726739],[166.406423,-20.719659]]],[[[167.432302,-21.027765],[167.120128,-21.051935],[167.058849,-20.715997],[167.30128,-20.713067],[167.432302,-21.027765]]],[[[166.563731,-20.401951],[166.629731,-20.596368],[166.493907,-20.713067],[166.563731,-20.401951]]],[[[167.034434,-22.237481],[166.436697,-22.308038],[164.951427,-21.353774],[163.991954,-20.083103],[167.034434,-22.237481]]],[[[164.170584,-20.061944],[164.1692,-20.123305],[164.163748,-20.061944],[164.170584,-20.061944]]],[[[163.649669,-19.646254],[163.669688,-19.787693],[163.621837,-19.623712],[163.649669,-19.646254]]],[[[171.339025,-22.347658],[171.343765,-22.346342],[171.341922,-22.349239],[171.339025,-22.347658]]]]}},{"type":"Feature","properties":{"ISO3166-1-Alpha-3":"MDG"},"geometry":{"type":"MultiPolygon","coordinates":[[[[43.812755,-21.224298],[44.479747,-19.483982],[43.924001,-17.546482],[44.444672,-16.195733],[45.604747,-16.051853],[46.144216,-15.703709],[46.468761,-15.95672],[46.332693,-15.630141],[46.949474,-15.198419],[46.958263,-15.549574],[47.232107,-15.433282],[47.055919,-15.193617],[47.444835,-14.671563],[47.427745,-15.107599],[47.79713,-14.566339],[48.000255,-14.762302],[47.701508,-14.446384],[47.920095,-14.086033],[48.033946,-14.262384],[47.904307,-13.603204],[48.298676,-13.798272],[48.48227,-13.360447],[48.780121,-13.383884],[48.955333,-12.8117],[48.729991,-12.434991],[49.278087,-11.947686],[49.229666,-12.222101],[49.942149,-13.033868],[50.483409,-15.443455],[50.168142,-15.984633],[49.901134,-15.422296],[49.638438,-15.54461],[49.840343,-16.827569],[49.431326,-17.283868],[49.359223,-18.424005],[46.964692,-25.065688],[45.162608,-25.598565],[44.028819,-24.998956],[43.222911,-22.254815],[43.507498,-21.309503],[43.812755,-21.224298]]],[[[49.85727,-16.919692],[50.024099,-16.690362],[49.826182,-17.094415],[49.85727,-16.919692]]],[[[48.31837,-13.200291],[48.22462,-13.400486],[48.188731,-13.264255],[48.31837,-13.200291]]]]}},{"type":"Feature","properties":{"ISO3166-1-Alpha-3":"PHL"},"geometry":{"type":"MultiPolygon","coordinates":[[[[120.823741,5.533637],[120.904552,5.538031],[120.897797,5.498521],[120.823741,5.533637]]],[[[121.870942,6.033108],[121.857677,6.002265],[121.776622,6.077379],[121.870942,6.033108]]],[[[125.781912,7.135199],[125.674083,7.070217],[125.715831,7.19595],[125.781912,7.135199]]],[[[122.82838,7.430813],[122.842052,7.294257],[122.800548,7.32095],[122.82838,7.430813]]],[[[121.258637,9.644843],[121.23463,9.594306],[121.210948,9.575873],[121.258637,9.644843]]],[[[125.934825,9.759914],[125.984141,9.589504],[125.946951,9.56623],[125.934825,9.759914]]],[[[126.569184,7.301093],[126.33961,6.786526],[126.17213,6.903876],[126.200206,6.283189],[125.853201,7.336005],[125.668305,7.257025],[125.377615,6.674221],[125.699229,6.040473],[125.371267,5.572943],[125.250743,6.093085],[124.963634,5.858588],[124.201671,6.221747],[123.96518,6.832343],[124.246755,7.40412],[123.703949,7.809394],[123.444672,7.801337],[123.431,7.36872],[123.117931,7.74136],[122.822032,7.459418],[122.618663,7.774075],[122.15447,6.928127],[121.898936,7.057196],[122.25172,7.980129],[122.945323,8.161851],[123.397146,8.723212],[123.844737,8.452216],[123.676443,7.963365],[124.23227,8.212877],[124.405772,8.607896],[124.753184,8.50023],[124.809418,9.009467],[125.105968,8.829779],[125.208751,9.086493],[125.516612,9.015937],[125.459483,9.822943],[126.2199,9.30565],[126.34547,8.853258],[126.110525,8.607123],[126.405284,8.492621],[126.569184,7.301093]]],[[[125.229259,10.121161],[125.273936,9.919135],[125.137462,10.165513],[125.229259,10.121161]]],[[[124.327647,10.704006],[124.378429,10.628323],[124.284353,10.603827],[124.327647,10.704006]]],[[[124.408458,10.683824],[124.5088,10.641547],[124.40919,10.648261],[124.408458,10.683824]]],[[[125.731456,10.808051],[125.769379,10.700385],[125.687266,10.805162],[125.731456,10.808051]]],[[[119.579763,11.097846],[119.64796,11.015286],[119.613129,11.00845],[119.579763,11.097846]]],[[[119.572927,11.179145],[119.627696,11.173041],[119.570079,11.144355],[119.572927,11.179145]]],[[[124.523204,11.686265],[124.472667,11.473944],[124.349132,11.68008],[124.523204,11.686265]]],[[[124.789399,11.684882],[124.831554,11.536322],[124.732677,11.721625],[124.789399,11.684882]]],[[[122.297211,18.403876],[122.135753,17.737291],[122.529063,17.090522],[122.203868,16.236518],[121.567393,15.915717],[121.391124,15.266262],[121.93629,13.995185],[122.231944,13.90644],[122.162934,14.167792],[122.679861,14.350531],[123.108246,13.722113],[123.331798,14.099514],[123.937755,13.784003],[123.526622,13.606024],[123.745779,13.064154],[124.184581,13.057318],[124.054942,12.537258],[123.79363,12.831448],[124.025157,12.955308],[123.310069,13.012356],[122.536876,13.961127],[122.588145,13.174018],[121.724864,13.969143],[121.278819,13.595038],[120.87672,13.912258],[120.649669,13.784247],[120.573497,14.174547],[120.943126,14.65351],[120.585704,14.902818],[120.40211,14.455756],[119.888194,15.429023],[119.801931,16.357856],[120.138845,16.046129],[120.40211,16.165473],[120.57016,18.501776],[122.297211,18.403876]]],[[[120.187836,5.34512],[120.216563,5.114976],[119.819347,5.059801],[120.187836,5.34512]]],[[[120.492035,6.267401],[120.577322,6.251532],[120.49464,6.249335],[120.492035,6.267401]]],[[[122.296723,6.633246],[121.96225,6.404853],[121.806814,6.619289],[122.066661,6.740709],[122.296723,6.633246]]],[[[118.510265,7.047187],[118.503103,6.971422],[118.427257,7.018215],[118.510265,7.047187]]],[[[116.961681,8.061998],[117.086762,7.872138],[117.009939,7.800279],[116.961681,8.061998]]],[[[117.068126,8.086249],[116.99586,8.103013],[117.045421,8.13581],[117.068126,8.086249]]],[[[117.161794,8.156724],[117.189708,8.176744],[117.20574,8.155504],[117.161794,8.156724]]],[[[117.279633,8.311103],[117.359548,8.219062],[117.289724,8.184312],[117.279633,8.311103]]],[[[117.242849,8.343207],[117.263927,8.301011],[117.190115,8.26203],[117.242849,8.343207]]],[[[124.708507,9.25019],[124.770193,9.077379],[124.636485,9.182359],[124.708507,9.25019]]],[[[123.6421,9.293647],[123.632335,9.098334],[123.471202,9.185452],[123.6421,9.293647]]],[[[126.110606,9.857082],[125.965994,9.850246],[126.071462,10.059068],[126.110606,9.857082]]],[[[124.565278,9.870754],[124.2942,9.606757],[123.801036,9.757758],[124.222667,10.151923],[124.565278,9.870754]]],[[[125.719574,9.911689],[125.495291,10.10871],[125.637706,10.460395],[125.684825,10.399888],[125.719574,9.911689]]],[[[119.837901,10.637519],[119.984141,10.531317],[119.788585,10.456977],[119.837901,10.637519]]],[[[122.711111,10.734687],[122.68686,10.506008],[122.536632,10.41942],[122.536632,10.607489],[122.711111,10.734687]]],[[[123.574474,10.830959],[123.156749,9.867621],[123.317638,9.256903],[123.033214,9.035305],[122.395193,9.842841],[122.872813,10.100409],[122.993826,10.906724],[123.574474,10.830959]]],[[[124.045665,11.277167],[124.014903,10.372463],[123.652599,10.063625],[123.327647,9.408149],[124.045665,11.277167]]],[[[123.760916,11.278876],[123.733653,11.154283],[123.745779,11.292467],[123.760916,11.278876]]],[[[119.671886,10.552558],[118.774181,9.934149],[118.365001,9.193061],[117.190766,8.338324],[119.278087,10.508205],[119.222504,10.941718],[119.46754,10.732652],[119.501964,11.423326],[119.671886,10.552558]]],[[[119.832856,11.460354],[119.832856,11.378363],[119.716156,11.460354],[119.832856,11.460354]]],[[[125.273936,10.323188],[124.990977,10.381334],[125.031749,10.02025],[124.780447,10.151923],[124.778819,10.821438],[124.396007,10.934068],[124.300629,11.542873],[124.629893,11.304429],[124.976329,11.392035],[125.013845,10.754584],[125.273936,10.323188]]],[[[123.170421,11.48078],[122.744802,10.79564],[121.949718,10.433173],[122.107188,11.657945],[121.896821,11.893785],[123.170421,11.48078]]],[[[119.854015,11.954413],[120.079926,11.789252],[119.96697,11.664374],[119.854015,11.954413]]],[[[119.88502,12.322699],[120.326427,11.995307],[120.237641,11.987942],[120.1421,12.029486],[120.114106,11.967434],[120.00115,12.011176],[119.88502,12.322699]]],[[[122.632091,12.484524],[122.611827,12.276516],[122.423025,12.462877],[122.632091,12.484524]]],[[[125.712738,11.148749],[125.000987,11.289781],[125.007009,11.426174],[124.828298,11.508734],[125.043712,11.757758],[124.283458,12.570624],[125.272146,12.49901],[125.712738,11.148749]]],[[[124.054942,11.799791],[123.485362,12.218085],[123.159679,11.917792],[123.234711,12.59276],[124.054942,11.799791]]],[[[122.245616,12.570746],[122.31129,12.536689],[122.279633,12.474514],[122.245616,12.570746]]],[[[121.924083,12.339342],[122.156261,12.632148],[122.012218,12.10456],[121.924083,12.339342]]],[[[123.787364,12.375556],[123.583181,12.623928],[123.609223,12.687445],[123.732677,12.591254],[123.787364,12.375556]]],[[[123.039806,13.128079],[123.375824,12.69359],[122.944509,13.111314],[123.039806,13.128079]]],[[[121.552989,13.111314],[121.395763,12.289537],[121.113617,12.251288],[120.321544,13.487779],[121.197113,13.440904],[121.552989,13.111314]]],[[[121.858653,13.565497],[122.0088,13.204779],[121.813731,13.35224],[121.858653,13.565497]]],[[[120.237641,13.804633],[120.108246,13.776842],[120.085704,13.860785],[120.237641,13.804633]]],[[[124.417979,13.872952],[124.334727,13.557603],[124.047374,13.606024],[124.136892,14.078355],[124.417979,13.872952]]],[[[121.964041,14.226142],[122.177013,14.007066],[121.926606,14.221259],[121.964041,14.226142]]],[[[122.203868,14.838772],[122.242198,14.736314],[122.105724,14.84394],[122.203868,14.838772]]],[[[121.826427,15.012152],[122.023692,14.722602],[121.940196,14.640082],[121.826427,15.012152]]],[[[121.28004,18.880561],[121.477794,18.881903],[121.279145,18.862006],[121.28004,18.880561]]],[[[121.892589,18.996487],[121.989106,18.949123],[121.834158,18.834296],[121.892589,18.996487]]],[[[121.190278,19.087348],[121.252208,19.081285],[121.244965,19.018459],[121.190278,19.087348]]],[[[121.516612,19.393541],[121.498302,19.259263],[121.350841,19.375922],[121.516612,19.393541]]],[[[121.900238,19.559231],[121.978038,19.498847],[121.898204,19.53677],[121.900238,19.559231]]],[[[121.850841,20.273424],[121.89324,20.313666],[121.869314,20.27619],[121.850841,20.273424]]],[[[121.965994,20.460639],[121.971202,20.368476],[121.92213,20.354153],[121.965994,20.460639]]],[[[121.855805,20.838324],[121.829845,20.698961],[121.786388,20.70307],[121.855805,20.838324]]],[[[119.435395,4.902777],[119.503591,4.764228],[119.456554,4.655707],[119.435395,4.902777]]],[[[121.162852,5.848049],[121.23113,5.80093],[121.13502,5.807074],[121.162852,5.848049]]],[[[121.042247,6.097113],[121.292491,5.858832],[120.871837,5.961005],[121.042247,6.097113]]],[[[121.58253,6.631659],[121.628917,6.588568],[121.616384,6.561428],[121.58253,6.631659]]],[[[121.032074,10.87051],[121.087169,10.823472],[121.017589,10.834133],[121.032074,10.87051]]],[[[120.203298,11.947577],[120.263438,11.916164],[120.267914,11.81623],[120.203298,11.947577]]],[[[121.367686,12.110419],[121.384288,12.000922],[121.358653,12.114691],[121.367686,12.110419]]],[[[119.959727,8.880601],[119.960623,8.877102],[119.958344,8.877183],[119.959727,8.880601]]],[[[119.969249,8.880927],[119.968272,8.884101],[119.971934,8.882392],[119.969249,8.880927]]],[[[119.963227,8.88703],[119.966075,8.885688],[119.964854,8.884996],[119.963227,8.88703]]],[[[119.965668,8.891425],[119.968516,8.890041],[119.967296,8.88935],[119.965668,8.891425]]],[[[121.718272,12.947333],[121.699067,12.905341],[121.68865,12.94717],[121.718272,12.947333]]],[[[121.085785,13.570624],[121.072113,13.535834],[121.043468,13.567572],[121.085785,13.570624]]],[[[121.936697,21.065619],[121.929698,21.064521],[121.934825,21.073228],[121.936697,21.065619]]],[[[121.947439,21.116156],[121.954275,21.118394],[121.949067,21.106879],[121.947439,21.116156]]],[[[119.819347,4.80386],[119.85377,4.808254],[119.857677,4.79857],[119.819347,4.80386]]],[[[119.842621,4.904853],[119.798595,4.879788],[119.793142,4.921861],[119.842621,4.904853]]],[[[119.812511,5.069892],[119.745779,5.044013],[119.79835,5.121039],[119.812511,5.069892]]],[[[125.376801,5.43122],[125.418712,5.368476],[125.334239,5.387681],[125.376801,5.43122]]],[[[120.807384,5.695705],[120.88266,5.685289],[120.799327,5.667629],[120.807384,5.695705]]],[[[120.89088,5.709784],[120.929373,5.733222],[120.909923,5.700019],[120.89088,5.709784]]],[[[123.781912,9.623521],[123.804535,9.560289],[123.726329,9.586982],[123.781912,9.623521]]],[[[124.521821,10.112047],[124.597667,10.094184],[124.529552,10.068549],[124.521821,10.112047]]],[[[121.425629,11.861233],[121.526052,11.846584],[121.412608,11.840277],[121.425629,11.861233]]],[[[124.165375,12.075426],[124.229259,12.063625],[124.150238,12.04385],[124.165375,12.075426]]],[[[121.088145,12.267076],[121.051606,12.220933],[121.059906,12.278388],[121.088145,12.267076]]],[[[124.176606,12.432685],[124.137462,12.437567],[124.133556,12.470771],[124.176606,12.432685]]],[[[124.209646,13.195787],[124.097911,13.19245],[124.065603,13.210761],[124.209646,13.195787]]],[[[124.047699,13.278957],[124.025401,13.221991],[123.912446,13.288642],[124.047699,13.278957]]],[[[123.92213,13.329983],[123.873546,13.229641],[123.848888,13.354153],[123.92213,13.329983]]],[[[123.845551,13.367825],[123.775157,13.391588],[123.771658,13.40351],[123.845551,13.367825]]],[[[122.341563,14.712592],[122.397797,14.685858],[122.319347,14.683498],[122.341563,14.712592]]],[[[119.98406,16.3487],[119.992931,16.23017],[119.922374,16.303778],[119.98406,16.3487]]],[[[123.947809,10.306539],[124.04384,10.324284],[123.933196,10.254348],[123.947809,10.306539]]]]}},{"type":"Feature","properties":{"ISO3166-1-Alpha-3":"LKA"},"geometry":{"type":"MultiPolygon","coordinates":[[[[81.875987,7.091946],[81.324962,6.20539],[80.590831,5.923733],[80.094005,6.136054],[79.863048,6.807196],[79.696788,8.219062],[79.810232,7.986518],[80.052989,9.596381],[80.614757,9.446194],[79.970714,9.815131],[80.444021,9.575914],[80.138682,9.798733],[80.246755,9.825873],[80.823904,9.270494],[81.875987,7.091946]]],[[[81.807791,7.479193],[81.725108,7.739936],[81.806326,7.598578],[81.807791,7.479193]]],[[[79.799815,9.048977],[79.841645,9.077216],[79.909679,8.973212],[79.799815,9.048977]]],[[[79.719249,9.524359],[79.666026,9.491278],[79.658702,9.555365],[79.719249,9.524359]]],[[[79.977875,9.624335],[79.840668,9.699408],[79.882335,9.760891],[79.977875,9.624335]]]]}},{"type":"Feature","properties":{"ISO3166-1-Alpha-3":"CUW"},"geometry":{"type":"Polygon","coordinates":[[[-68.780751,12.097805],[-68.977773,12.124579],[-69.166127,12.387844],[-69.004018,12.221666],[-68.780751,12.097805]]]}},{"type":"Feature","properties":{"ISO3166-1-Alpha-3":"ABW"},"geometry":{"type":"Polygon","coordinates":[[[-70.061106,12.625393],[-69.924672,12.519232],[-69.888092,12.41767],[-70.061106,12.625393]]]}},{"type":"Feature","properties":{"ISO3166-1-Alpha-3":"BHS"},"geometry":{"type":"MultiPolygon","coordinates":[[[[-72.910438,21.50485],[-73.076234,21.506796],[-72.991526,21.561998],[-72.910438,21.50485]]],[[[-72.779449,22.288235],[-73.131703,22.45954],[-72.746165,22.331285],[-72.779449,22.288235]]],[[[-73.501186,22.61093],[-73.556419,22.606474],[-73.558853,22.611723],[-73.501186,22.61093]]],[[[-73.647071,21.061555],[-73.160961,21.169863],[-73.004628,21.314439],[-73.225564,20.952463],[-73.647071,21.061555]]],[[[-74.376698,22.584377],[-74.317535,22.602484],[-74.385569,22.541449],[-74.376698,22.584377]]],[[[-74.276967,22.171536],[-73.851715,22.733303],[-73.865387,22.480048],[-74.276967,22.171536]]],[[[-74.090688,22.657538],[-74.344553,22.836249],[-74.016225,22.720201],[-74.090688,22.657538]]],[[[-73.685699,23.102484],[-73.797353,23.073798],[-73.816965,23.103827],[-73.685699,23.102484]]],[[[-75.637318,23.435492],[-75.576975,23.445868],[-75.523834,23.404853],[-75.637318,23.435492]]],[[[-75.90807,23.645006],[-75.661041,23.452623],[-76.031484,23.668524],[-75.90807,23.645006]]],[[[-74.85912,22.980292],[-75.229644,23.171454],[-75.33141,23.685981],[-75.059967,23.141669],[-74.85912,22.980292]]],[[[-74.94164,23.658677],[-74.812367,23.719672],[-74.777211,23.699652],[-74.94164,23.658677]]],[[[-76.37678,24.101386],[-76.374989,24.046576],[-76.401479,24.117377],[-76.37678,24.101386]]],[[[-74.475494,23.980211],[-74.558095,23.953559],[-74.464833,24.143948],[-74.427113,24.083238],[-74.475494,23.980211]]],[[[-77.798695,24.254584],[-77.976226,24.186835],[-77.850006,24.251451],[-77.798695,24.254584]]],[[[-77.9322,24.275702],[-77.935862,24.22724],[-78.016916,24.24844],[-77.9322,24.275702]]],[[[-76.52953,24.287421],[-76.493153,24.218817],[-76.544911,24.295559],[-76.52953,24.287421]]],[[[-77.524973,23.933051],[-77.565907,23.740668],[-77.778188,23.746812],[-77.67516,23.761135],[-77.576161,23.847113],[-77.942047,24.096869],[-77.67516,24.302965],[-77.524973,23.933051]]],[[[-77.682444,24.352769],[-77.804433,24.327216],[-77.719228,24.371731],[-77.682444,24.352769]]],[[[-75.314687,24.217353],[-75.509918,24.142076],[-75.732167,24.698635],[-75.626332,24.645006],[-75.314687,24.217353]]],[[[-77.379506,25.001532],[-77.561879,25.018866],[-77.263824,25.058092],[-77.379506,25.001532]]],[[[-78.353586,24.659247],[-78.045155,25.183092],[-77.718739,24.499823],[-78.027455,24.272854],[-78.353586,24.659247]]],[[[-76.736684,25.563625],[-76.112904,25.114895],[-76.161285,24.645006],[-76.164947,25.129828],[-76.784495,25.426418],[-76.736684,25.563625]]],[[[-77.858266,25.777289],[-77.880483,25.768988],[-77.880686,25.789537],[-77.858266,25.777289]]],[[[-77.570383,26.332709],[-77.572743,26.268704],[-77.579579,26.337592],[-77.570383,26.332709]]],[[[-77.915395,26.776435],[-78.766839,26.508104],[-78.997874,26.701321],[-77.915395,26.776435]]],[[[-77.160715,26.564195],[-77.962554,26.893052],[-77.868153,26.928412],[-77.606842,26.920396],[-77.049794,26.516343],[-77.226674,25.885077],[-77.408274,26.029731],[-77.160715,26.564195]]],[[[-79.514027,23.495673],[-79.517568,23.494045],[-79.538401,23.51024],[-79.514027,23.495673]]],[[[-79.588694,23.571357],[-79.552887,23.533759],[-79.59435,23.574652],[-79.588694,23.571357]]],[[[-79.264312,25.528795],[-79.26651,25.537828],[-79.262115,25.528062],[-79.264312,25.528795]]],[[[-79.28893,25.559149],[-79.288442,25.562974],[-79.279897,25.547797],[-79.28893,25.559149]]],[[[-75.739491,22.222846],[-75.714711,22.182929],[-75.734364,22.175035],[-75.739491,22.222846]]],[[[-75.747548,22.261461],[-75.753407,22.237372],[-75.751861,22.263251],[-75.747548,22.261461]]],[[[-75.819569,22.388414],[-75.802642,22.353176],[-75.805491,22.347602],[-75.819569,22.388414]]],[[[-73.618177,22.60125],[-73.593794,22.601993],[-73.625498,22.574258],[-73.618177,22.60125]]],[[[-75.123647,23.831],[-75.105784,23.831448],[-75.117421,23.815131],[-75.123647,23.831]]],[[[-77.867299,24.319485],[-77.839752,24.350084],[-77.832834,24.349555],[-77.867299,24.319485]]],[[[-76.792388,24.54914],[-76.772572,24.51911],[-76.789296,24.5185],[-76.792388,24.54914]]],[[[-77.836822,25.434516],[-77.879506,25.407864],[-77.906728,25.409084],[-77.836822,25.434516]]],[[[-79.280344,25.757229],[-79.258046,25.699042],[-79.300649,25.697943],[-79.280344,25.757229]]],[[[-77.278228,26.465806],[-77.241038,26.442816],[-77.254547,26.438137],[-77.278228,26.465806]]],[[[-77.893137,26.602607],[-77.834625,26.610541],[-77.868398,26.56387],[-77.893137,26.602607]]],[[[-76.787424,25.541901],[-76.758432,25.548954],[-76.745895,25.545036],[-76.787424,25.541901]]],[[[-76.857162,25.523879],[-76.809364,25.529364],[-76.87205,25.506641],[-76.857162,25.523879]]]]}},{"type":"Feature","properties":{"ISO3166-1-Alpha-3":"TCA"},"geometry":{"type":"MultiPolygon","coordinates":[[[[-72.463368,21.664944],[-72.433258,21.680121],[-72.481313,21.630316],[-72.463368,21.664944]]],[[[-71.459584,21.664455],[-71.573232,21.735297],[-71.590566,21.753811],[-71.480946,21.725491],[-71.459584,21.664455]]],[[[-71.63093,21.774319],[-71.850657,21.856269],[-71.678782,21.841864],[-71.63093,21.774319]]],[[[-72.29186,21.748928],[-72.330434,21.862454],[-72.124379,21.815253],[-72.29186,21.748928]]],[[[-71.857411,21.843166],[-72.017445,21.956936],[-71.911041,21.948432],[-71.857411,21.843166]]],[[[-71.15099,21.472846],[-71.128896,21.472235],[-71.144887,21.431627],[-71.15099,21.472846]]],[[[-71.699086,21.291938],[-71.680328,21.304429],[-71.674062,21.306545],[-71.699086,21.291938]]],[[[-71.640859,21.302965],[-71.628814,21.324368],[-71.634674,21.294501],[-71.640859,21.302965]]],[[[-71.219228,21.314358],[-71.192494,21.335028],[-71.213694,21.310614],[-71.219228,21.314358]]],[[[-71.539703,21.516547],[-71.496327,21.507392],[-71.520985,21.489325],[-71.539703,21.516547]]],[[[-72.124908,21.854641],[-72.116282,21.853746],[-72.133046,21.847642],[-72.124908,21.854641]]],[[[-72.101552,21.871649],[-72.087066,21.872748],[-72.09968,21.864569],[-72.101552,21.871649]]]]}},{"type":"Feature","properties":{"ISO3166-1-Alpha-3":"TWN"},"geometry":{"type":"MultiPolygon","coordinates":[[[[121.905772,24.9501],[121.400076,23.145494],[120.714366,21.937486],[120.055186,23.043687],[120.184418,23.76439],[121.059337,25.050238],[121.580821,25.283026],[121.905772,24.9501]]],[[[121.56658,22.08218],[121.587657,22.013861],[121.492035,22.08218],[121.56658,22.08218]]],[[[118.282074,24.477362],[118.463356,24.431523],[118.283946,24.401272],[118.282074,24.477362]]],[[[119.52711,23.539984],[119.668468,23.548814],[119.563975,23.516588],[119.52711,23.539984]]],[[[119.442393,23.562486],[119.501313,23.650377],[119.49171,23.571031],[119.442393,23.562486]]],[[[119.596202,23.653266],[119.545258,23.664944],[119.566417,23.679185],[119.596202,23.653266]]],[[[121.496104,22.63467],[121.45753,22.67593],[121.502778,22.669501],[121.496104,22.63467]]],[[[120.007656,23.432594],[120.115251,23.547912],[120.12477,23.550454],[120.007656,23.432594]]]]}},{"type":"Feature","properties":{"ISO3166-1-Alpha-3":"JPN"},"geometry":{"type":"MultiPolygon","coordinates":[[[[129.659374,31.641935],[129.799571,31.745429],[129.72934,31.644232],[129.659374,31.641935]]],[[[131.65979,32.47682],[131.338227,31.372626],[131.071788,31.449612],[130.657722,31.003191],[130.776378,31.710273],[130.586436,31.155422],[130.118988,31.408637],[130.611339,32.785468],[130.241396,33.188234],[130.105317,32.875922],[130.360827,32.687963],[129.740351,32.568442],[129.681612,33.094092],[130.003148,32.845379],[129.580413,33.371007],[129.851573,33.280015],[129.853187,33.552502],[130.016856,33.445787],[130.488943,33.855373],[130.913585,33.891181],[131.007148,33.966055],[131.102976,33.624253],[131.667366,33.667192],[131.51038,33.273404],[131.902625,33.266042],[132.081189,32.94323],[131.65979,32.47682]]],[[[134.689789,33.82807],[134.176527,33.236128],[133.739397,33.537507],[133.292247,33.364691],[133.002208,32.711656],[132.382402,33.019779],[132.421153,33.444485],[132.010539,33.348989],[132.8975,34.122714],[133.510997,33.965237],[133.937022,34.375067],[134.646871,34.239252],[134.689789,33.82807]]],[[[133.081309,36.080146],[133.12322,36.062934],[133.079112,36.020941],[133.081309,36.080146]]],[[[133.093272,36.109768],[133.093272,36.123358],[133.113617,36.113511],[133.093272,36.109768]]],[[[133.038748,36.130805],[133.044932,36.055121],[132.949392,36.061957],[133.038748,36.130805]]],[[[134.491222,34.787055],[132.346039,34.348822],[132.222504,34.238959],[132.161632,33.841702],[132.055919,33.777167],[131.741466,34.05622],[131.035595,34.047975],[130.915753,33.91399],[130.879405,33.937934],[130.958751,34.427436],[131.414317,34.423977],[133.091261,35.601485],[135.226846,35.772321],[135.319021,35.446967],[136.069114,35.66188],[135.963217,35.999923],[136.689685,36.730827],[136.783767,37.373892],[137.350874,37.506103],[137.230235,37.292141],[136.95107,37.234483],[136.860926,37.076775],[137.298673,36.757009],[138.550629,37.377916],[139.425141,38.151272],[139.99531,39.327329],[140.027599,39.82453],[139.697731,39.988566],[140.011152,40.235458],[139.860362,40.608791],[140.270763,40.812405],[140.342283,41.265731],[140.703122,40.853292],[141.126269,40.872919],[141.205911,41.26472],[140.765796,41.145019],[140.907093,41.538548],[141.460579,41.430223],[141.437387,40.670141],[142.058442,39.466295],[141.463064,38.661363],[141.525401,38.267808],[140.966807,38.170478],[141.007823,37.133857],[140.564107,36.283096],[140.879405,35.720526],[140.483467,35.565991],[140.37763,35.176357],[139.926396,34.907357],[139.756994,34.956284],[140.102049,35.567087],[139.765272,35.65351],[139.685069,35.140448],[139.183538,35.263267],[138.835297,34.595893],[138.803332,35.121909],[138.23329,34.594589],[137.016095,34.578785],[137.340819,34.726543],[136.978852,34.924221],[136.855968,34.739814],[136.88573,35.089195],[136.830118,35.078831],[136.519542,34.680854],[136.895681,34.266913],[136.336681,34.184027],[135.76002,33.433336],[135.05886,33.880033],[135.412934,34.692084],[134.491222,34.787055]]],[[[143.836274,44.17593],[143.975841,44.148261],[143.813731,44.168402],[143.836274,44.17593]]],[[[145.767426,43.387274],[145.53061,43.16885],[145.014334,42.989488],[143.886404,42.844184],[143.241547,41.928046],[141.817149,42.599595],[140.977306,42.299628],[140.500662,42.579169],[140.291759,42.259589],[141.199962,41.799465],[140.660411,41.827135],[140.208995,41.401109],[139.979828,41.581732],[140.14503,41.982652],[139.767589,42.310981],[139.876964,42.663398],[140.521169,42.996283],[140.360118,43.325181],[141.42335,43.317857],[141.337413,43.712836],[141.796072,44.64175],[141.583751,45.251166],[141.919444,45.515855],[143.728282,44.113471],[144.242931,44.119208],[144.379405,43.956488],[144.430431,43.942572],[144.570323,43.924791],[144.740489,43.914618],[145.341482,44.345526],[145.071462,43.774604],[145.258311,43.327094],[145.767426,43.387274]]],[[[123.769867,24.418362],[123.873057,24.258246],[123.668224,24.296617],[123.769867,24.418362]]],[[[122.955577,24.473131],[122.998383,24.439521],[122.93865,24.444241],[122.955577,24.473131]]],[[[124.329112,24.583564],[124.241873,24.363715],[124.14031,24.341986],[124.07838,24.435492],[124.329112,24.583564]]],[[[141.29949,24.785875],[141.365489,24.777737],[141.289561,24.726955],[141.29949,24.785875]]],[[[125.358246,24.78262],[125.2588,24.733385],[125.260265,24.885199],[125.358246,24.78262]]],[[[131.236095,25.872056],[131.252452,25.819037],[131.212087,25.829047],[131.236095,25.872056]]],[[[126.769867,26.388007],[126.78891,26.303453],[126.697765,26.369045],[126.769867,26.388007]]],[[[142.165863,26.701321],[142.159923,26.632025],[142.111339,26.721177],[142.165863,26.701321]]],[[[128.337657,26.796942],[127.851736,26.44123],[127.651703,26.084377],[127.878266,26.694525],[128.337657,26.796942]]],[[[142.198578,27.051093],[142.233246,27.094306],[142.23463,27.050035],[142.198578,27.051093]]],[[[128.538422,27.417629],[128.613129,27.364325],[128.526866,27.371894],[128.538422,27.417629]]],[[[128.894542,27.891303],[129.024262,27.756578],[128.929454,27.686713],[128.894542,27.891303]]],[[[129.180837,28.190253],[129.350434,28.086493],[129.221446,28.099107],[129.180837,28.190253]]],[[[129.975597,28.343248],[129.995453,28.29092],[129.913585,28.297105],[129.975597,28.343248]]],[[[129.673106,28.509833],[129.375987,28.119574],[129.145763,28.249945],[129.673106,28.509833]]],[[[129.712901,29.629299],[129.753754,29.645413],[129.721039,29.606147],[129.712901,29.629299]]],[[[129.832772,29.873078],[129.927257,29.825873],[129.920421,29.819648],[129.832772,29.873078]]],[[[130.674571,30.374579],[130.485977,30.225777],[130.376247,30.394436],[130.498951,30.467962],[130.674571,30.374579]]],[[[131.052013,30.840237],[131.057615,30.611269],[130.870381,30.343904],[130.851495,30.470144],[131.052013,30.840237]]],[[[130.111095,32.193305],[130.194102,32.176418],[130.149262,32.1105],[130.111095,32.193305]]],[[[130.363048,32.527086],[130.362315,32.374986],[130.213064,32.43651],[130.363048,32.527086]]],[[[130.00294,32.533352],[130.20338,32.338853],[129.995453,32.19066],[130.00294,32.533352]]],[[[128.660818,32.782782],[128.77311,32.571666],[128.600439,32.614178],[128.660818,32.782782]]],[[[139.739757,33.133246],[139.877452,33.087592],[139.835785,33.039781],[139.739757,33.133246]]],[[[129.123911,33.109173],[129.045723,32.822093],[129.10818,33.166688],[129.123911,33.109173]]],[[[129.342501,33.17962],[129.493095,33.245163],[129.412591,33.178318],[129.342501,33.17962]]],[[[132.208751,33.800116],[132.27296,33.768541],[132.188324,33.77969],[132.208751,33.800116]]],[[[129.767263,33.84455],[129.657127,33.742555],[129.688648,33.871146],[129.767263,33.84455]]],[[[132.374034,33.841702],[132.201915,33.94477],[132.469493,33.937934],[132.374034,33.841702]]],[[[139.534516,34.037543],[139.523448,34.112372],[139.575043,34.090033],[139.534516,34.037543]]],[[[132.577647,34.118883],[132.455333,34.088121],[132.519298,34.174384],[132.577647,34.118883]]],[[[133.051768,34.222317],[132.954845,34.198188],[133.03004,34.295315],[133.051768,34.222317]]],[[[129.207361,34.329277],[129.276587,34.129111],[129.171634,34.106807],[129.207361,34.329277]]],[[[139.253673,34.341376],[139.300955,34.417914],[139.267833,34.322699],[139.253673,34.341376]]],[[[135.002682,34.608423],[134.958254,34.270356],[134.728677,34.190939],[134.68326,34.328226],[135.002682,34.608423]]],[[[129.3233,34.648072],[129.400756,34.337924],[129.228913,34.355601],[129.3233,34.648072]]],[[[139.351195,34.720034],[139.450043,34.756781],[139.453787,34.678941],[139.351195,34.720034]]],[[[133.027843,35.993638],[133.045177,36.020006],[133.079112,35.993638],[133.027843,35.993638]]],[[[133.292003,36.342475],[133.32602,36.158149],[133.187755,36.216132],[133.292003,36.342475]]],[[[138.514171,38.323065],[138.500499,37.906684],[138.222667,37.802232],[138.514171,38.323065]]],[[[139.423839,42.191596],[139.508962,42.100816],[139.445649,42.054836],[139.423839,42.191596]]],[[[145.202403,43.613837],[145.362804,43.554877],[145.283539,43.51789],[145.202403,43.613837]]],[[[144.448253,43.942206],[144.455089,43.942206],[144.448985,43.942043],[144.448253,43.942206]]],[[[141.202647,45.249091],[141.251231,45.099189],[141.131847,45.210273],[141.202647,45.249091]]],[[[140.966807,45.463446],[141.073578,45.424709],[141.035655,45.264879],[140.966807,45.463446]]],[[[140.878184,27.232611],[140.867931,27.233954],[140.874197,27.238227],[140.878184,27.232611]]],[[[127.754649,26.728583],[127.811209,26.706977],[127.758556,26.712877],[127.754649,26.728583]]],[[[127.93572,27.025092],[127.975759,27.03974],[127.925792,27.009752],[127.93572,27.025092]]],[[[130.202306,30.481901],[130.262157,30.435024],[130.141766,30.489301],[130.202306,30.481901]]],[[[134.175059,34.520087],[134.346934,34.430813],[134.161388,34.479193],[134.175059,34.520087]]],[[[141.463145,24.212104],[141.469981,24.226264],[141.470714,24.219184],[141.463145,24.212104]]],[[[153.983653,24.282945],[153.981212,24.295356],[153.985606,24.291083],[153.983653,24.282945]]],[[[141.297537,25.445299],[141.274669,25.427069],[141.27475,25.451117],[141.297537,25.445299]]],[[[131.309581,25.922756],[131.3213,25.947699],[131.327891,25.937079],[131.309581,25.922756]]],[[[127.214854,26.57746],[127.242361,26.596747],[127.244151,26.586412],[127.214854,26.57746]]],[[[128.428966,27.066474],[128.448578,27.020697],[128.396251,27.040758],[128.428966,27.066474]]],[[[142.204112,27.173896],[142.184255,27.158352],[142.190929,27.185207],[142.204112,27.173896]]],[[[142.192882,27.616197],[142.179454,27.612494],[142.183116,27.619452],[142.192882,27.616197]]],[[[142.085134,27.72606],[142.078624,27.72724],[142.082286,27.729885],[142.085134,27.72606]]],[[[128.23227,27.852851],[128.243419,27.857245],[128.241547,27.845364],[128.23227,27.852851]]],[[[129.612315,29.443345],[129.591319,29.467963],[129.608084,29.469224],[129.612315,29.443345]]],[[[129.539887,29.889879],[129.535411,29.909857],[129.554454,29.897528],[129.539887,29.889879]]],[[[129.92199,30.00473],[129.900645,29.972561],[129.909028,29.999335],[129.92199,30.00473]]],[[[140.306488,30.473619],[140.317149,30.491156],[140.325938,30.485175],[140.306488,30.473619]]],[[[129.429454,30.840888],[129.430919,30.848212],[129.433849,30.84455],[129.429454,30.840888]]],[[[129.93214,30.851752],[129.939464,30.813422],[129.903982,30.834418],[129.93214,30.851752]]],[[[140.043468,31.443101],[140.044444,31.445054],[140.045665,31.443305],[140.043468,31.443101]]],[[[140.04127,31.444159],[140.041352,31.446479],[140.043142,31.444566],[140.04127,31.444159]]],[[[139.756358,32.452297],[139.757091,32.470364],[139.773774,32.440985],[139.756358,32.452297]]],[[[139.299083,33.650092],[139.296153,33.651068],[139.299083,33.650702],[139.299083,33.650092]]],[[[139.592459,33.895819],[139.622895,33.856757],[139.581309,33.862535],[139.592459,33.895819]]],[[[139.340343,41.52383],[139.374278,41.50434],[139.340831,41.497504],[139.340343,41.52383]]],[[[153.953705,24.315823],[153.953461,24.292507],[153.940684,24.311469],[153.953705,24.315823]]],[[[125.163585,24.854641],[125.205251,24.804999],[125.140147,24.816392],[125.163585,24.854641]]],[[[127.346202,26.206366],[127.361095,26.164008],[127.353526,26.153998],[127.346202,26.206366]]],[[[142.105154,27.727037],[142.111664,27.725857],[142.107188,27.716742],[142.105154,27.727037]]],[[[129.844981,31.880601],[129.889903,31.810736],[129.820567,31.845526],[129.844981,31.880601]]],[[[130.217052,32.286933],[130.263031,32.281317],[130.210704,32.255357],[130.217052,32.286933]]],[[[130.398774,32.593166],[130.450938,32.563422],[130.427582,32.537299],[130.398774,32.593166]]],[[[132.539887,32.733791],[132.570811,32.717271],[132.549653,32.704291],[132.539887,32.733791]]],[[[128.83725,32.833808],[128.882335,32.765286],[128.840099,32.777574],[128.83725,32.833808]]],[[[128.929454,32.849799],[128.945079,32.804348],[128.880707,32.862616],[128.929454,32.849799]]],[[[128.98463,32.929185],[129.024099,32.848049],[128.968028,32.873684],[128.98463,32.929185]]],[[[129.089122,33.283271],[129.127289,33.247504],[129.075043,33.259914],[129.089122,33.283271]]],[[[129.541759,33.50731],[129.576427,33.488349],[129.503184,33.4737],[129.541759,33.50731]]],[[[132.596365,33.980943],[132.634451,33.96483],[132.589122,33.956448],[132.596365,33.980943]]],[[[133.033051,34.189399],[133.045177,34.118394],[133.0171,34.118842],[133.033051,34.189399]]],[[[132.708995,34.203315],[132.740001,34.159898],[132.688975,34.189887],[132.708995,34.203315]]],[[[132.846446,34.24022],[132.916759,34.221869],[132.849946,34.215155],[132.846446,34.24022]]],[[[132.298839,34.292222],[132.325531,34.264716],[132.267914,34.244452],[132.298839,34.292222]]],[[[133.691905,34.378404],[133.725841,34.371405],[133.703136,34.351752],[133.691905,34.378404]]],[[[135.224416,34.416304],[135.240971,34.454647],[135.257054,34.435778],[135.224416,34.416304]]],[[[134.083995,34.459825],[134.072032,34.498481],[134.104503,34.490261],[134.083995,34.459825]]],[[[136.872599,34.491139],[136.908953,34.502362],[136.883204,34.475366],[136.872599,34.491139]]],[[[136.865917,34.521327],[136.910052,34.540109],[136.849127,34.515037],[136.865917,34.521327]]],[[[136.807731,34.839196],[136.823503,34.862037],[136.815002,34.839917],[136.807731,34.839196]]],[[[136.999034,37.139472],[136.947276,37.096991],[136.905284,37.143622],[136.999034,37.139472]]],[[[123.606293,25.739],[123.600434,25.739366],[123.602794,25.745469],[123.606293,25.739]]],[[[123.531423,25.773342],[123.528901,25.761786],[123.511485,25.758083],[123.531423,25.773342]]],[[[123.673025,25.928697],[123.672048,25.927476],[123.671723,25.929755],[123.673025,25.928697]]]]}},{"type":"Feature","properties":{"ISO3166-1-Alpha-3":"SPM"},"geometry":{"type":"MultiPolygon","coordinates":[[[[-56.191884,46.806627],[-56.16808,46.75727],[-56.240305,46.765692],[-56.191884,46.806627]]],[[[-56.273793,46.895453],[-56.370676,46.7862],[-56.328277,46.914944],[-56.388173,47.051825],[-56.366282,47.140204],[-56.273793,46.895453]]]]}},{"type":"Feature","properties":{"ISO3166-1-Alpha-3":"ISL"},"geometry":{"type":"MultiPolygon","coordinates":[[[[-14.563629,66.384508],[-15.179351,66.111314],[-14.616933,65.997748],[-14.844106,65.735175],[-14.329498,65.782375],[-14.562367,65.501166],[-13.609609,65.514228],[-14.006744,65.28205],[-13.567983,65.260972],[-14.034088,65.200141],[-13.585317,65.007717],[-14.233388,65.035061],[-13.698313,64.925198],[-14.054596,64.932603],[-13.839223,64.79857],[-14.513905,64.802314],[-14.274322,64.651435],[-14.929433,64.264838],[-15.226471,64.26789],[-15.206614,64.301418],[-15.32315,64.3039],[-15.366444,64.36933],[-15.408437,64.387641],[-15.4735,64.39765],[-16.796213,63.801703],[-17.714752,63.781236],[-18.732045,63.396715],[-20.185699,63.54442],[-21.044789,63.945746],[-22.691233,63.812201],[-22.702138,64.085924],[-21.442006,64.364081],[-22.099965,64.315009],[-21.510894,64.651435],[-22.164784,64.459662],[-22.408437,64.82274],[-23.833567,64.725898],[-24.060048,64.891059],[-21.826243,65.035061],[-21.73412,65.193793],[-22.557688,65.168931],[-21.695302,65.453355],[-24.539906,65.508002],[-23.806793,65.535346],[-24.092844,65.804755],[-23.561757,65.613674],[-23.285471,65.679348],[-23.866607,65.875556],[-23.209788,65.843207],[-23.8131,66.011379],[-23.374867,65.987779],[-23.669667,66.117499],[-23.461415,66.204169],[-22.360707,65.912095],[-22.97761,66.234198],[-22.367502,66.275214],[-23.189687,66.355292],[-22.950307,66.466986],[-21.330637,66.009019],[-21.606516,65.960517],[-21.332143,65.74079],[-21.777821,65.768704],[-21.089915,65.166164],[-20.91808,65.601386],[-20.270131,65.665025],[-20.407704,66.090766],[-19.456166,65.728949],[-19.437856,66.066636],[-18.827016,66.203437],[-18.063588,65.645209],[-18.296986,66.179633],[-17.549672,65.912095],[-17.145619,66.221177],[-16.426259,66.144843],[-16.543324,66.506985],[-16.022939,66.536607],[-15.38036,66.14997],[-14.563629,66.384508]]],[[[-17.823313,63.691392],[-17.743153,63.703192],[-17.764963,63.681952],[-17.823313,63.691392]]],[[[-18.017201,66.544989],[-17.976308,66.548285],[-17.980458,66.539049],[-18.017201,66.544989]]],[[[-20.302602,63.44595],[-20.252553,63.429511],[-20.286773,63.40648],[-20.302602,63.44595]]],[[[-18.414418,66.023668],[-18.35676,65.993232],[-18.35676,65.981635],[-18.414418,66.023668]]]]}},{"type":"Feature","properties":{"ISO3166-1-Alpha-3":"PCN"},"geometry":{"type":"MultiPolygon","coordinates":[[[[-130.105336,-25.076755],[-130.101145,-25.064386],[-130.086252,-25.075128],[-130.105336,-25.076755]]],[[[-124.780588,-24.666599],[-124.797109,-24.667087],[-124.778066,-24.67254],[-124.780588,-24.666599]]],[[[-128.342193,-24.371759],[-128.290842,-24.365655],[-128.30012,-24.41367],[-128.342193,-24.371759]]],[[[-130.753082,-23.92962],[-130.742096,-23.92783],[-130.750844,-23.934666],[-130.753082,-23.92962]]]]}},{"type":"Feature","properties":{"ISO3166-1-Alpha-3":"PYF"},"geometry":{"type":"MultiPolygon","coordinates":[[[[-136.163564,-22.013604],[-136.175689,-22.02988],[-136.185862,-22.034438],[-136.163564,-22.013604]]],[[[-136.391469,-21.45615],[-136.395823,-21.462823],[-136.413401,-21.471368],[-136.391469,-21.45615]]],[[[-136.543121,-21.359796],[-136.532216,-21.331313],[-136.529449,-21.349867],[-136.543121,-21.359796]]],[[[-136.639882,-21.32643],[-136.646799,-21.327244],[-136.651601,-21.322931],[-136.639882,-21.32643]]],[[[-136.738637,-21.299493],[-136.745758,-21.303399],[-136.752187,-21.308526],[-136.745961,-21.299493],[-136.738637,-21.299493]]],[[[-140.412424,-19.663832],[-140.383168,-19.625421],[-140.387359,-19.656996],[-140.412424,-19.663832]]],[[[-139.195912,-19.340916],[-139.207672,-19.337335],[-139.214833,-19.334568],[-139.195912,-19.340916]]],[[[-138.794586,-19.281671],[-138.805979,-19.288832],[-138.812123,-19.283787],[-138.794586,-19.281671]]],[[[-141.230377,-19.227146],[-141.252349,-19.189711],[-141.237172,-19.193617],[-141.230377,-19.227146]]],[[[-140.660878,-19.152439],[-140.696197,-19.119317],[-140.670155,-19.131768],[-140.660878,-19.152439]]],[[[-138.815745,-18.761407],[-138.793202,-18.778904],[-138.829742,-18.759942],[-138.815745,-18.761407]]],[[[-143.072825,-17.844334],[-143.072255,-17.840427],[-143.060292,-17.867771],[-143.072825,-17.844334]]],[[[-150.655263,-17.668715],[-150.643178,-17.65545],[-150.644968,-17.677992],[-150.655263,-17.668715]]],[[[-141.434967,-17.389337],[-141.453847,-17.352309],[-141.481842,-17.348565],[-141.434967,-17.389337]]],[[[-138.458811,-17.356866],[-138.463735,-17.356948],[-138.426137,-17.324884],[-138.458811,-17.356866]]],[[[-143.07315,-17.009373],[-143.101226,-16.990167],[-143.062001,-17.008966],[-143.07315,-17.009373]]],[[[-149.586863,-17.000421],[-149.575917,-16.983657],[-149.568227,-16.982192],[-149.586863,-17.000421]]],[[[-153.950673,-16.773858],[-153.9228,-16.820896],[-153.920155,-16.83172],[-153.950673,-16.773858]]],[[[-144.185902,-16.659356],[-144.18814,-16.645685],[-144.169586,-16.66725],[-144.185902,-16.659356]]],[[[-152.261464,-16.441502],[-152.256296,-16.451267],[-152.263621,-16.447198],[-152.261464,-16.441502]]],[[[-145.898915,-15.888116],[-145.95051,-15.839614],[-145.914296,-15.863539],[-145.898915,-15.888116]]],[[[-140.879709,-15.838311],[-140.86144,-15.815525],[-140.852366,-15.815525],[-140.879709,-15.838311]]],[[[-148.229929,-15.848077],[-148.279368,-15.830499],[-148.262074,-15.802423],[-148.229929,-15.848077]]],[[[-146.503041,-15.791681],[-146.482655,-15.814874],[-146.481923,-15.826918],[-146.503041,-15.791681]]],[[[-154.519114,-15.795587],[-154.522084,-15.80047],[-154.536977,-15.79225],[-154.519114,-15.795587]]],[[[-144.641916,-15.755141],[-144.632802,-15.728448],[-144.620432,-15.747003],[-144.641916,-15.755141]]],[[[-145.549631,-15.452081],[-145.432688,-15.488539],[-145.523915,-15.470473],[-145.549631,-15.452081]]],[[[-146.196685,-15.335626],[-146.202992,-15.388849],[-146.217193,-15.323663],[-146.196685,-15.335626]]],[[[-146.610097,-15.256443],[-146.639027,-15.232599],[-146.597768,-15.27158],[-146.610097,-15.256443]]],[[[-147.241811,-15.239028],[-147.242258,-15.232354],[-147.237416,-15.244236],[-147.241811,-15.239028]]],[[[-147.778961,-15.216404],[-147.774078,-15.213474],[-147.737131,-15.235284],[-147.778961,-15.216404]]],[[[-147.492502,-15.091078],[-147.512034,-15.080011],[-147.530873,-15.069024],[-147.492502,-15.091078]]],[[[-147.931956,-15.080824],[-147.937815,-15.070896],[-147.936594,-15.066339],[-147.931956,-15.080824]]],[[[-145.933217,-14.437595],[-145.943715,-14.441827],[-145.966176,-14.443129],[-145.933217,-14.437595]]],[[[-141.202748,-14.17018],[-141.18928,-14.190199],[-141.212799,-14.164972],[-141.202748,-14.17018]]],[[[-147.668935,-23.871759],[-147.705881,-23.858575],[-147.647857,-23.851821],[-147.668935,-23.871759]]],[[[-149.521433,-23.362726],[-149.463246,-23.395766],[-149.518748,-23.394952],[-149.521433,-23.362726]]],[[[-134.984527,-23.138767],[-134.997955,-23.116306],[-134.942983,-23.083591],[-134.984527,-23.138767]]],[[[-151.397043,-22.442153],[-151.355906,-22.456638],[-151.371775,-22.514418],[-151.397043,-22.442153]]],[[[-140.658274,-21.71266],[-140.653188,-21.647068],[-140.603668,-21.706801],[-140.658274,-21.71266]]],[[[-140.624664,-17.68727],[-140.785227,-17.858575],[-140.837026,-17.85475],[-140.624664,-17.68727]]],[[[-149.183461,-17.731215],[-149.576121,-17.737563],[-149.632761,-17.553399],[-149.387644,-17.517999],[-149.183461,-17.731215]]],[[[-149.834584,-17.484959],[-149.842763,-17.56756],[-149.944407,-17.492364],[-149.834584,-17.484959]]],[[[-151.039906,-16.789972],[-150.979563,-16.800388],[-151.013254,-16.820733],[-151.039906,-16.789972]]],[[[-151.477895,-16.889581],[-151.430776,-16.747817],[-151.352488,-16.858575],[-151.477895,-16.889581]]],[[[-151.035146,-16.694268],[-151.007558,-16.740492],[-151.047434,-16.766046],[-151.035146,-16.694268]]],[[[-151.472605,-16.580499],[-151.463246,-16.674086],[-151.536122,-16.594903],[-151.472605,-16.580499]]],[[[-151.776845,-16.511814],[-151.753611,-16.483819],[-151.746938,-16.525974],[-151.776845,-16.511814]]],[[[-146.391754,-16.147231],[-146.337717,-16.113377],[-146.338857,-16.162774],[-146.391754,-16.147231]]],[[[-138.685618,-10.542087],[-138.636708,-10.440606],[-138.636952,-10.542169],[-138.685618,-10.542087]]],[[[-139.144439,-9.940362],[-139.04776,-9.92254],[-139.130767,-10.014907],[-139.144439,-9.940362]]],[[[-139.173248,-9.774184],[-138.892079,-9.800714],[-139.049713,-9.803481],[-139.06192,-9.853936],[-139.173248,-9.774184]]],[[[-140.158599,-9.37184],[-140.027699,-9.343927],[-140.092844,-9.447524],[-140.158599,-9.37184]]],[[[-139.596913,-8.858005],[-139.508412,-8.912042],[-139.61677,-8.954197],[-139.596913,-8.858005]]],[[[-140.216705,-8.78102],[-140.183217,-8.953709],[-140.261057,-8.823175],[-140.216705,-8.78102]]],[[[-140.675649,-7.976739],[-140.70637,-7.963067],[-140.638417,-7.959731],[-140.675649,-7.976739]]],[[[-144.339426,-27.559259],[-144.304433,-27.63242],[-144.338368,-27.633722],[-144.339426,-27.559259]]],[[[-138.849599,-21.87127],[-138.9322,-21.87127],[-138.911855,-21.863946],[-138.849599,-21.87127]]],[[[-135.457509,-21.528009],[-135.525787,-21.487074],[-135.484934,-21.49684],[-135.457509,-21.528009]]],[[[-138.512847,-20.85768],[-138.517323,-20.849216],[-138.548899,-20.779962],[-138.512847,-20.85768]]],[[[-136.330434,-18.527602],[-136.331288,-18.532647],[-136.478586,-18.471856],[-136.330434,-18.527602]]],[[[-140.687082,-18.390558],[-140.695139,-18.390395],[-140.752065,-18.363946],[-140.781809,-18.335219],[-140.687082,-18.390558]]],[[[-136.971425,-18.361912],[-137.067616,-18.26629],[-137.010243,-18.304376],[-136.971425,-18.361912]]],[[[-140.92516,-18.084731],[-140.91804,-18.108168],[-140.973622,-18.060235],[-140.92516,-18.084731]]],[[[-142.558176,-17.599216],[-142.565175,-17.601658],[-142.639516,-17.532647],[-142.558176,-17.599216]]],[[[-143.437652,-17.433201],[-143.437856,-17.438897],[-143.474965,-17.430271],[-143.437652,-17.433201]]],[[[-145.380483,-17.484959],[-145.435129,-17.417169],[-145.405588,-17.442966],[-145.380483,-17.484959]]],[[[-145.578481,-17.383071],[-145.591379,-17.35768],[-145.592885,-17.324802],[-145.578481,-17.383071]]],[[[-143.440582,-16.620782],[-143.45401,-16.624607],[-143.550689,-16.622166],[-143.440582,-16.620782]]],[[[-143.609527,-16.629978],[-143.620351,-16.632013],[-143.701527,-16.580499],[-143.609527,-16.629978]]],[[[-143.861969,-16.467218],[-143.848744,-16.492934],[-143.934234,-16.450291],[-143.861969,-16.467218]]],[[[-144.260121,-16.442315],[-144.260854,-16.45086],[-144.291168,-16.416111],[-144.260121,-16.442315]]],[[[-144.396148,-16.324477],[-144.426015,-16.332778],[-144.43456,-16.31992],[-144.396148,-16.324477]]],[[[-145.613881,-16.080255],[-145.502268,-16.336602],[-145.553131,-16.25213],[-145.606557,-16.129327],[-145.613881,-16.080255]]],[[[-145.613881,-16.052911],[-145.708852,-16.060479],[-145.631256,-16.038344],[-145.613881,-16.052911]]],[[[-142.529652,-16.108168],[-142.509755,-16.059015],[-142.481272,-16.018813],[-142.529652,-16.108168]]],[[[-140.125478,-15.953302],[-140.143219,-15.960545],[-140.172271,-15.977227],[-140.151682,-15.957696],[-140.125478,-15.953302]]],[[[-145.167592,-15.950453],[-145.235911,-15.888442],[-145.21996,-15.89837],[-145.167592,-15.950453]]],[[[-145.117543,-15.780694],[-145.129872,-15.778009],[-145.160756,-15.758071],[-145.117543,-15.780694]]],[[[-148.08906,-14.936782],[-148.08434,-14.955011],[-148.176096,-14.922052],[-148.08906,-14.936782]]],[[[-148.640574,-14.864923],[-148.647939,-14.871759],[-148.690663,-14.853774],[-148.640574,-14.864923]]],[[[-145.229644,-14.620375],[-145.222971,-14.688409],[-145.260406,-14.702325],[-145.263905,-14.690118],[-145.229644,-14.620375]]],[[[-146.23176,-14.456801],[-146.239491,-14.455824],[-146.271148,-14.435479],[-146.23176,-14.456801]]],[[[-144.88329,-14.427423],[-145.003082,-14.442966],[-144.879628,-14.411798],[-144.88329,-14.427423]]],[[[-145.835439,-14.342706],[-145.8426,-14.346612],[-145.914296,-14.346612],[-145.835439,-14.342706]]],[[[-136.744781,-21.315851],[-136.74234,-21.320082],[-136.746938,-21.316176],[-136.744781,-21.315851]]],[[[-139.135813,-20.799737],[-139.141469,-20.803155],[-139.147857,-20.804946],[-139.135813,-20.799737]]],[[[-144.110707,-16.739679],[-144.080068,-16.717218],[-144.050893,-16.759454],[-144.110707,-16.739679]]]]}},{"type":"Feature","properties":{"ISO3166-1-Alpha-3":"ATF"},"geometry":{"type":"MultiPolygon","coordinates":[[[[42.751801,-17.076104],[42.724376,-17.063572],[42.7588,-17.060642],[42.751801,-17.076104]]],[[[70.016124,-49.564223],[69.84783,-49.514337],[69.835785,-49.501153],[70.016124,-49.564223]]],[[[68.691254,-49.315606],[68.773204,-49.363702],[68.643403,-49.34352],[68.691254,-49.315606]]],[[[69.624034,-49.208266],[69.53419,-49.192804],[69.678071,-49.151788],[69.624034,-49.208266]]],[[[69.222504,-49.094334],[69.342947,-48.88421],[69.411306,-48.928643],[69.222504,-49.094334]]],[[[69.162771,-48.906508],[69.243907,-48.890069],[69.143809,-48.980564],[69.162771,-48.906508]]],[[[69.519867,-48.857029],[69.428396,-48.864435],[69.40447,-48.829034],[69.519867,-48.857029]]],[[[70.548839,-49.183201],[70.466482,-49.439142],[69.691905,-49.404474],[69.813813,-49.532485],[70.136974,-49.617852],[70.295909,-49.530369],[70.244314,-49.685479],[69.227387,-49.488458],[68.764496,-49.674981],[68.791759,-48.846287],[69.015636,-48.654555],[68.999766,-49.090427],[69.105724,-48.993422],[69.214529,-49.12127],[69.452485,-49.088962],[69.589529,-48.952569],[69.411306,-49.274672],[70.548839,-49.183201]]],[[[68.625987,-48.629815],[68.667979,-48.645278],[68.610118,-48.637628],[68.625987,-48.629815]]],[[[68.828624,-48.592706],[68.781016,-48.584568],[68.818614,-48.566664],[68.828624,-48.592706]]],[[[51.736013,-46.327407],[51.823497,-46.451267],[51.656505,-46.378351],[51.736013,-46.327407]]],[[[50.201182,-46.113458],[50.268077,-46.043715],[50.292247,-46.115981],[50.201182,-46.113458]]],[[[77.504649,-37.88242],[77.543956,-37.820245],[77.585216,-37.8742],[77.504649,-37.88242]]],[[[77.510916,-38.705743],[77.549327,-38.731134],[77.516368,-38.735447],[77.510916,-38.705743]]],[[[40.339122,-22.359633],[40.385997,-22.339451],[40.368663,-22.362563],[40.339122,-22.359633]]],[[[39.728282,-21.444594],[39.729096,-21.441908],[39.73113,-21.444187],[39.728282,-21.444594]]],[[[54.514496,-15.889581],[54.520925,-15.885186],[54.521332,-15.894057],[54.514496,-15.889581]]],[[[47.287934,-11.565525],[47.299571,-11.550632],[47.306407,-11.56992],[47.287934,-11.565525]]]]}},{"type":"Feature","properties":{"ISO3166-1-Alpha-3":"SYC"},"geometry":{"type":"MultiPolygon","coordinates":[[[[46.48699,-9.730157],[46.500662,-9.746515],[46.479666,-9.751072],[46.48699,-9.730157]]],[[[47.515798,-9.700128],[47.507335,-9.698175],[47.51295,-9.694431],[47.515798,-9.700128]]],[[[53.337901,-5.431248],[53.341645,-5.429946],[53.344737,-5.441013],[53.337901,-5.431248]]],[[[55.659679,-3.791111],[55.665863,-3.811782],[55.651866,-3.801202],[55.659679,-3.791111]]],[[[46.207367,-9.385512],[46.4546,-9.426446],[46.299815,-9.449314],[46.234386,-9.452325],[46.207367,-9.385512]]],[[[46.379405,-9.357029],[46.315196,-9.32643],[46.427094,-9.33766],[46.379405,-9.357029]]],[[[56.272472,-7.153578],[56.2588,-7.140232],[56.287446,-7.11004],[56.272472,-7.153578]]],[[[55.478001,-4.706406],[55.454897,-4.562234],[55.537916,-4.803769],[55.478001,-4.706406]]],[[[55.259939,-4.462986],[55.228038,-4.487481],[55.225434,-4.44492],[55.259939,-4.462986]]],[[[55.759125,-4.358425],[55.677175,-4.296413],[55.787038,-4.330592],[55.759125,-4.358425]]],[[[52.741873,-6.994317],[52.747244,-7.00506],[52.742198,-7.001723],[52.741873,-6.994317]]],[[[55.379893,-5.864923],[55.381847,-5.865492],[55.380056,-5.869073],[55.379893,-5.864923]]],[[[55.36197,-4.663699],[55.373822,-4.666434],[55.372911,-4.667893],[55.36197,-4.663699]]],[[[55.397527,-4.673363],[55.406826,-4.675004],[55.405368,-4.679927],[55.397527,-4.673363]]],[[[55.491962,-4.634251],[55.504069,-4.629729],[55.50582,-4.639648],[55.491962,-4.634251]]],[[[55.50509,-4.626228],[55.511509,-4.624769],[55.511071,-4.629583],[55.50509,-4.626228]]],[[[55.496776,-4.614704],[55.503778,-4.598366],[55.514426,-4.600554],[55.496776,-4.614704]]],[[[55.732911,-4.292459],[55.715063,-4.276841],[55.742951,-4.278329],[55.732911,-4.292459]]],[[[55.660029,-4.330388],[55.665607,-4.334106],[55.660401,-4.33485],[55.660029,-4.330388]]],[[[55.643668,-4.349352],[55.648873,-4.348608],[55.651105,-4.353442],[55.643668,-4.349352]]],[[[55.659285,-4.212883],[55.670441,-4.210652],[55.675275,-4.21214],[55.659285,-4.212883]]],[[[55.825502,-4.372035],[55.857109,-4.36497],[55.841491,-4.382819],[55.825502,-4.372035]]],[[[55.873471,-4.332619],[55.883139,-4.3289],[55.884626,-4.336709],[55.873471,-4.332619]]],[[[55.870124,-4.296549],[55.869752,-4.283535],[55.873842,-4.296178],[55.870124,-4.296549]]],[[[55.918836,-4.347865],[55.924786,-4.337081],[55.922555,-4.349724],[55.918836,-4.347865]]],[[[55.933025,-4.58621],[55.944354,-4.579916],[55.950144,-4.590993],[55.933025,-4.58621]]]]}},{"type":"Feature","properties":{"ISO3166-1-Alpha-3":"KIR"},"geometry":{"type":"MultiPolygon","coordinates":[[[[173.171723,1.374172],[173.011241,1.337348],[173.084727,1.366685],[173.160655,1.374945],[173.153168,1.386542],[173.171723,1.374172]]],[[[-151.819529,-11.420994],[-151.780955,-11.454685],[-151.800893,-11.461114],[-151.819529,-11.420994]]],[[[-155.933461,-5.609145],[-155.879628,-5.60947],[-155.859812,-5.625095],[-155.906443,-5.635349],[-155.933461,-5.609145]]],[[[-155.010813,-4.060642],[-154.940297,-4.031996],[-154.953359,-4.094822],[-155.010813,-4.060642]]],[[[-171.625722,-2.86891],[-171.712717,-2.822198],[-171.664011,-2.835382],[-171.633249,-2.862074],[-171.626943,-2.855727],[-171.715077,-2.759047],[-171.649851,-2.797296],[-171.629628,-2.827244],[-171.62446,-2.856134],[-171.625722,-2.86891]]],[[[176.827322,-2.656183],[176.813162,-2.614435],[176.850922,-2.654067],[176.827322,-2.656183]]],[[[175.993175,-2.510349],[175.976817,-2.497817],[175.973155,-2.489679],[175.993175,-2.510349]]],[[[175.559581,-1.826104],[175.586274,-1.922459],[175.552257,-1.819268],[175.559581,-1.826104]]],[[[175.058279,-1.506768],[175.060557,-1.531671],[175.012543,-1.549249],[175.058279,-1.506768]]],[[[176.395681,-1.319594],[176.444835,-1.373793],[176.464041,-1.436293],[176.395681,-1.319594]]],[[[175.942149,-1.284845],[176.023448,-1.362888],[176.018321,-1.387872],[175.942149,-1.284845]]],[[[174.743988,-1.14837],[174.778819,-1.264418],[174.716645,-1.134698],[174.743988,-1.14837]]],[[[174.483409,-0.819431],[174.498383,-0.789158],[174.497325,-0.805108],[174.483409,-0.819431]]],[[[174.393891,-0.592869],[174.463634,-0.644789],[174.38087,-0.592869],[174.393891,-0.592869]]],[[[173.640798,0.192125],[173.606212,0.215969],[173.628673,0.219143],[173.640798,0.192125]]],[[[173.804942,0.434394],[173.917247,0.399482],[173.921641,0.379788],[173.804942,0.434394]]],[[[172.983409,0.831285],[172.990245,0.83397],[172.990001,0.825426],[172.983409,0.831285]]],[[[172.975759,0.839667],[172.982432,0.831163],[172.969412,0.839667],[172.975759,0.839667]]],[[[172.990001,1.024075],[173.061209,0.914211],[172.990977,0.834418],[172.990001,1.024075]]],[[[172.962901,1.620592],[172.969412,1.537991],[172.948985,1.627346],[172.962901,1.620592]]],[[[172.993175,1.712063],[173.038341,1.742377],[173.029307,1.716295],[172.993175,1.712063]]],[[[172.934744,1.942694],[173.023448,1.821438],[172.938487,1.923163],[172.934744,1.942694]]],[[[-157.578236,1.907945],[-157.246409,1.713324],[-157.566029,1.863756],[-157.578236,1.907945]]],[[[172.770274,3.011461],[172.771495,3.023871],[172.829112,3.064276],[172.886974,3.072943],[172.770274,3.011461]]],[[[172.944184,3.127387],[172.969412,3.12816],[172.886974,3.100246],[172.944184,3.127387]]],[[[-159.410024,3.862047],[-159.249989,3.81977],[-159.308705,3.784654],[-159.410024,3.862047]]],[[[-172.20344,-4.532159],[-172.202016,-4.520685],[-172.174387,-4.513116],[-172.20344,-4.532159]]],[[[-174.516713,-4.684259],[-174.501536,-4.697361],[-174.521555,-4.683852],[-174.516713,-4.684259]]],[[[-174.541737,-4.672784],[-174.527659,-4.683852],[-174.533884,-4.680759],[-174.541737,-4.672784]]],[[[-174.501536,-4.687677],[-174.513987,-4.676202],[-174.543406,-4.660252],[-174.524403,-4.664483],[-174.501536,-4.687677]]],[[[-171.259633,-4.465265],[-171.244985,-4.441339],[-171.230051,-4.460545],[-171.259633,-4.465265]]],[[[-171.092478,-3.14544],[-171.090037,-3.120864],[-171.085439,-3.111261],[-171.092478,-3.14544]]],[[[169.555349,-0.866143],[169.522634,-0.860528],[169.545177,-0.847914],[169.555349,-0.866143]]],[[[173.304454,1.961575],[173.257823,1.997016],[173.278005,2.058661],[173.31837,1.976996],[173.304454,1.961575]]],[[[-160.395375,4.704779],[-160.401194,4.72309],[-160.378896,4.713284],[-160.395375,4.704779]]]]}},{"type":"Feature","properties":{"ISO3166-1-Alpha-3":"MHL"},"geometry":{"type":"MultiPolygon","coordinates":[[[[168.116222,5.591376],[168.121104,5.597357],[168.124522,5.631049],[168.12794,5.60163],[168.116222,5.591376]]],[[[171.72283,6.083441],[171.743175,6.083197],[171.745128,6.079128],[171.72283,6.083441]]],[[[171.8921,7.090806],[171.915375,7.125149],[171.928884,7.118313],[171.908946,7.092271],[171.8921,7.090806]]],[[[168.741384,4.585842],[168.735037,4.590522],[168.768077,4.629055],[168.741384,4.585842]]],[[[169.615245,5.798774],[169.655528,5.942857],[169.734548,6.013129],[169.615245,5.798774]]],[[[171.966482,6.061998],[171.962413,6.051825],[171.948416,6.067776],[171.966482,6.061998]]],[[[171.577322,7.047187],[171.613943,7.00609],[171.592621,7.015286],[171.577322,7.047187]]],[[[171.035655,7.155097],[171.235199,7.067694],[171.202159,7.072455],[171.060883,7.135403],[171.035655,7.155097]]],[[[168.675059,7.320868],[168.830089,7.307929],[168.791515,7.293402],[168.675059,7.320868]]],[[[168.57252,7.417792],[168.555186,7.430325],[168.562511,7.464342],[168.57252,7.417792]]],[[[166.871837,11.162299],[166.875255,11.144965],[166.835785,11.159247],[166.871837,11.162299]]],[[[169.114513,5.638129],[169.116466,5.649237],[169.120616,5.647406],[169.114513,5.638129]]],[[[171.770193,7.028876],[171.800955,7.06269],[171.764171,7.019517],[171.770193,7.028876]]],[[[168.965587,7.595364],[168.962087,7.591702],[168.938487,7.596381],[168.965587,7.595364]]],[[[167.401703,8.317816],[167.407725,8.307278],[167.399669,8.310777],[167.401703,8.317816]]],[[[167.740001,8.733222],[167.730317,8.735256],[167.740245,8.743842],[167.740001,8.733222]]],[[[170.844574,8.900784],[170.844737,8.886501],[170.837413,8.889065],[170.844574,8.900784]]],[[[170.247081,9.45775],[170.23878,9.466702],[170.243907,9.466376],[170.247081,9.45775]]],[[[170.878754,10.275092],[170.874522,10.286607],[170.878591,10.287177],[170.878754,10.275092]]],[[[165.540212,11.633775],[165.546886,11.631008],[165.553722,11.619818],[165.540212,11.633775]]],[[[165.28891,11.705959],[165.282237,11.708441],[165.286794,11.710883],[165.28891,11.705959]]],[[[168.998302,14.599026],[169.013682,14.6105],[168.987315,14.586859],[168.998302,14.599026]]]]}},{"type":"Feature","properties":{"ISO3166-1-Alpha-3":"TTO"},"geometry":{"type":"MultiPolygon","coordinates":[[[[-61.002268,10.699368],[-60.996002,10.138251],[-61.9287,10.056464],[-61.462148,10.282213],[-61.667592,10.706773],[-61.002268,10.699368]]],[[[-60.681304,11.296454],[-60.53303,11.266506],[-60.847524,11.163967],[-60.681304,11.296454]]]]}},{"type":"Feature","properties":{"ISO3166-1-Alpha-3":"GRD"},"geometry":{"type":"MultiPolygon","coordinates":[[[[-61.671457,12.23607],[-61.631581,12.044094],[-61.790517,12.008368],[-61.671457,12.23607]]],[[[-61.42162,12.513373],[-61.496246,12.440375],[-61.428049,12.529731],[-61.42162,12.513373]]]]}},{"type":"Feature","properties":{"ISO3166-1-Alpha-3":"VCT"},"geometry":{"type":"MultiPolygon","coordinates":[[[[-61.201487,13.051174],[-61.242421,12.974799],[-61.277211,12.988471],[-61.201487,13.051174]]],[[[-61.123931,13.308254],[-61.279368,13.215888],[-61.187123,13.380439],[-61.123931,13.308254]]],[[[-61.455556,12.607082],[-61.426625,12.591864],[-61.455922,12.586086],[-61.455556,12.607082]]],[[[-61.335357,12.7272],[-61.328359,12.699449],[-61.353098,12.696479],[-61.335357,12.7272]]],[[[-61.187611,12.856391],[-61.183176,12.88349],[-61.174957,12.881781],[-61.187611,12.856391]]]]}},{"type":"Feature","properties":{"ISO3166-1-Alpha-3":"BRB"},"geometry":{"type":"Polygon","coordinates":[[[-59.42691,13.160386],[-59.621571,13.09398],[-59.645131,13.323717],[-59.594472,13.334784],[-59.42691,13.160386]]]}},{"type":"Feature","properties":{"ISO3166-1-Alpha-3":"LCA"},"geometry":{"type":"Polygon","coordinates":[[[-61.078521,13.879788],[-60.892201,13.833197],[-60.955068,13.714667],[-61.078521,13.879788]]]}},{"type":"Feature","properties":{"ISO3166-1-Alpha-3":"DMA"},"geometry":{"type":"Polygon","coordinates":[[[-61.362864,15.201809],[-61.488922,15.535712],[-61.468984,15.633857],[-61.25768,15.472602],[-61.362864,15.201809]]]}},{"type":"Feature","properties":{"ISO3166-1-Alpha-3":"UMI"},"geometry":{"type":"MultiPolygon","coordinates":[[[[-169.539174,16.754462],[-169.520823,16.7626],[-169.517405,16.762437],[-169.539174,16.754462]]],[[[-160.029978,-0.376153],[-160.008901,-0.372491],[-160.02477,-0.388767],[-160.029978,-0.376153]]],[[[-176.479319,0.190334],[-176.476877,0.197455],[-176.47529,0.193101],[-176.479319,0.190334]]],[[[-176.459543,0.225898],[-176.459177,0.219224],[-176.463938,0.221869],[-176.459543,0.225898]]],[[[-176.636098,0.803412],[-176.640492,0.801988],[-176.639027,0.806952],[-176.636098,0.803412]]],[[[166.644216,19.27558],[166.634776,19.305732],[166.652354,19.284247],[166.644216,19.27558]]],[[[-177.335276,28.204291],[-177.322865,28.207668],[-177.321156,28.205878],[-177.335276,28.204291]]],[[[-177.378,28.212836],[-177.372182,28.202338],[-177.389597,28.197659],[-177.378,28.212836]]],[[[-169.547678,16.727362],[-169.52241,16.732164],[-169.549509,16.723456],[-169.547678,16.727362]]],[[[-169.513661,16.743964],[-169.513661,16.745592],[-169.512766,16.74433],[-169.513661,16.743964]]],[[[-75.017812,18.396674],[-75.006988,18.415147],[-75.003163,18.397732],[-75.017812,18.396674]]],[[[-162.07136,5.890163],[-162.073069,5.869371],[-162.103627,5.888577],[-162.07136,5.890163]]],[[[-162.400177,6.430243],[-162.385284,6.445136],[-162.385284,6.430243],[-162.400177,6.430243]]]]}},{"type":"Feature","properties":{"ISO3166-1-Alpha-3":"MSR"},"geometry":{"type":"Polygon","coordinates":[[[-62.174672,16.813137],[-62.218861,16.688707],[-62.202016,16.819322],[-62.174672,16.813137]]]}},{"type":"Feature","properties":{"ISO3166-1-Alpha-3":"ATG"},"geometry":{"type":"MultiPolygon","coordinates":[[[[-61.737131,16.989244],[-61.825266,17.168769],[-61.667592,17.079413],[-61.737131,16.989244]]],[[[-61.727773,17.588446],[-61.87385,17.691148],[-61.837799,17.727688],[-61.727773,17.588446]]],[[[-62.34826,16.933657],[-62.343059,16.935063],[-62.347065,16.93197],[-62.34826,16.933657]]]]}},{"type":"Feature","properties":{"ISO3166-1-Alpha-3":"KNA"},"geometry":{"type":"MultiPolygon","coordinates":[[[[-62.612172,17.104153],[-62.546498,17.183783],[-62.547597,17.104641],[-62.612172,17.104153]]],[[[-62.71996,17.358547],[-62.647043,17.21719],[-62.853139,17.394721],[-62.71996,17.358547]]]]}},{"type":"Feature","properties":{"ISO3166-1-Alpha-3":"VIR"},"geometry":{"type":"MultiPolygon","coordinates":[[[[-64.876454,17.775865],[-64.670522,17.717231],[-64.895172,17.682766],[-64.876454,17.775865]]],[[[-64.66039,18.336723],[-64.704005,18.30331],[-64.801285,18.328253],[-64.746955,18.37359],[-64.66039,18.336723]]],[[[-64.950028,18.386599],[-64.878839,18.304441],[-65.041493,18.353658],[-64.950028,18.386599]]]]}},{"type":"Feature","properties":{"ISO3166-1-Alpha-3":"BLM"},"geometry":{"type":"Polygon","coordinates":[[[-62.810129,17.892279],[-62.866119,17.929145],[-62.791656,17.915473],[-62.810129,17.892279]]]}},{"type":"Feature","properties":{"ISO3166-1-Alpha-3":"PRI"},"geometry":{"type":"MultiPolygon","coordinates":[[[[-67.919749,18.114488],[-67.873158,18.053453],[-67.937815,18.094224],[-67.919749,18.114488]]],[[[-65.275746,18.137152],[-65.484242,18.087348],[-65.580434,18.122138],[-65.275746,18.137152]]],[[[-65.256663,18.32392],[-65.292592,18.299954],[-65.334055,18.340644],[-65.256663,18.32392]]],[[[-65.628814,18.279202],[-65.939117,17.970526],[-67.184192,17.935072],[-67.270842,18.361826],[-65.628814,18.279202]]]]}},{"type":"Feature","properties":{"ISO3166-1-Alpha-3":"AIA"},"geometry":{"type":"MultiPolygon","coordinates":[[[[-63.038197,18.267727],[-63.000559,18.227362],[-63.167836,18.169338],[-63.038197,18.267727]]],[[[-63.427968,18.592841],[-63.428822,18.601264],[-63.423573,18.600043],[-63.427968,18.592841]]],[[[-62.956699,18.274365],[-62.947665,18.297251],[-62.925682,18.289723],[-62.956699,18.274365]]],[[[-63.252031,18.27297],[-63.262631,18.282028],[-63.236035,18.282992],[-63.252031,18.27297]]],[[[-63.190093,18.269204],[-63.179494,18.266506],[-63.192213,18.268818],[-63.190093,18.269204]]],[[[-63.174097,18.262073],[-63.169086,18.265349],[-63.168316,18.26188],[-63.174097,18.262073]]]]}},{"type":"Feature","properties":{"ISO3166-1-Alpha-3":"VGB"},"geometry":{"type":"MultiPolygon","coordinates":[[[[-64.516845,18.43929],[-64.714128,18.386203],[-64.641705,18.451158],[-64.516845,18.43929]]],[[[-64.326039,18.511949],[-64.408193,18.456692],[-64.443349,18.443061],[-64.415395,18.511949],[-64.326039,18.511949]]],[[[-64.270741,18.70067],[-64.380523,18.726142],[-64.408559,18.744696],[-64.320302,18.746243],[-64.270741,18.70067]]],[[[-64.578359,18.360582],[-64.570912,18.334662],[-64.603017,18.355618],[-64.578359,18.360582]]],[[[-64.768422,18.449652],[-64.730336,18.437893],[-64.773997,18.442288],[-64.768422,18.449652]]],[[[-64.539459,18.482856],[-64.529164,18.476386],[-64.536529,18.462388],[-64.539459,18.482856]]]]}},{"type":"Feature","properties":{"ISO3166-1-Alpha-3":"JAM"},"geometry":{"type":"Polygon","coordinates":[[[-76.263743,18.012356],[-77.178944,17.704169],[-78.374664,18.26557],[-77.272613,18.459377],[-76.263743,18.012356]]]}},{"type":"Feature","properties":{"ISO3166-1-Alpha-3":"CYM"},"geometry":{"type":"MultiPolygon","coordinates":[[[[-81.136098,19.354885],[-81.387486,19.263864],[-81.416542,19.370028],[-81.349718,19.302114],[-81.136098,19.354885]]],[[[-80.062088,19.700682],[-79.964263,19.704901],[-80.113155,19.65866],[-80.062088,19.700682]]],[[[-79.893754,19.679673],[-79.7459,19.757631],[-79.726643,19.737063],[-79.893754,19.679673]]]]}},{"type":"Feature","properties":{"ISO3166-1-Alpha-3":"BMU"},"geometry":{"type":"MultiPolygon","coordinates":[[[[-64.718558,32.323656],[-64.677862,32.334508],[-64.809253,32.256217],[-64.834058,32.248077],[-64.876304,32.257767],[-64.879793,32.30544],[-64.832895,32.259705],[-64.718558,32.323656]]],[[[-64.829407,32.289161],[-64.799951,32.283347],[-64.832508,32.287223],[-64.829407,32.289161]]]]}},{"type":"Feature","properties":{"ISO3166-1-Alpha-3":"HMD"},"geometry":{"type":"Polygon","coordinates":[[[73.735118,-53.1124],[73.473399,-53.189223],[73.236013,-52.982029],[73.56422,-53.016778],[73.735118,-53.1124]]]}},{"type":"Feature","properties":{"ISO3166-1-Alpha-3":"SHN"},"geometry":{"type":"MultiPolygon","coordinates":[[[[-9.962758,-40.301853],[-9.92516,-40.397882],[-10.039377,-40.331801],[-9.962758,-40.301853]]],[[[-12.276601,-37.149184],[-12.244985,-37.059177],[-12.191274,-37.090509],[-12.276601,-37.149184]]],[[[-5.770131,-15.945245],[-5.66275,-15.979587],[-5.780181,-16.008233],[-5.770131,-15.945245]]],[[[-14.390614,-7.889337],[-14.294789,-7.945489],[-14.406402,-7.973891],[-14.390614,-7.889337]]]]}},{"type":"Feature","properties":{"ISO3166-1-Alpha-3":"MUS"},"geometry":{"type":"MultiPolygon","coordinates":[[[[57.596528,-19.982599],[57.672211,-20.479669],[57.307872,-20.444268],[57.596528,-19.982599]]],[[[56.529796,-10.35296],[56.535655,-10.323907],[56.569347,-10.406508],[56.529796,-10.35296]]],[[[63.389171,-19.684747],[63.366384,-19.767185],[63.332286,-19.736423],[63.389171,-19.684747]]]]}},{"type":"Feature","properties":{"ISO3166-1-Alpha-3":"COM"},"geometry":{"type":"MultiPolygon","coordinates":[[[[43.727224,-12.263604],[43.858165,-12.371352],[43.635753,-12.236912],[43.727224,-12.263604]]],[[[44.467052,-12.064386],[44.511485,-12.380304],[44.206391,-12.160577],[44.467052,-12.064386]]],[[[43.466563,-11.82171],[43.217784,-11.750258],[43.276541,-11.379571],[43.394867,-11.40016],[43.466563,-11.82171]]]]}},{"type":"Feature","properties":{"ISO3166-1-Alpha-3":"STP"},"geometry":{"type":"MultiPolygon","coordinates":[[[[6.470876,0.26789],[6.756521,0.250067],[6.526622,0.024115],[6.470876,0.26789]]],[[[7.385265,1.692328],[7.401378,1.531195],[7.33253,1.565334],[7.385265,1.692328]]]]}},{"type":"Feature","properties":{"ISO3166-1-Alpha-3":"CPV"},"geometry":{"type":"MultiPolygon","coordinates":[[[[-24.758941,14.866645],[-24.683258,14.842475],[-24.718007,14.803941],[-24.758941,14.866645]]],[[[-24.364858,15.045396],[-24.376536,14.815985],[-24.526235,14.924709],[-24.364858,15.045396]]],[[[-23.456776,15.023668],[-23.715077,14.968451],[-23.77953,15.311672],[-23.703236,15.313463],[-23.456776,15.023668]]],[[[-23.251332,15.256415],[-23.111928,15.171942],[-23.195953,15.122056],[-23.251332,15.256415]]],[[[-22.915598,16.243964],[-22.806142,15.985907],[-22.963979,16.052191],[-22.915598,16.243964]]],[[[-24.067535,16.613918],[-24.324696,16.482652],[-24.430653,16.639472],[-24.36148,16.681586],[-24.067535,16.613918]]],[[[-22.881337,16.692694],[-22.990793,16.81566],[-22.922434,16.860297],[-22.881337,16.692694]]],[[[-24.978098,16.923],[-24.891103,16.813951],[-25.094146,16.826158],[-24.978098,16.923]]],[[[-25.10261,17.196601],[-25.298695,16.917385],[-25.360422,17.055243],[-25.10261,17.196601]]],[[[-24.60134,16.609845],[-24.569512,16.619972],[-24.575299,16.605505],[-24.60134,16.609845]]],[[[-24.740225,16.734263],[-24.683803,16.755964],[-24.68525,16.742944],[-24.740225,16.734263]]]]}},{"type":"Feature","properties":{"ISO3166-1-Alpha-3":"MLT"},"geometry":{"type":"MultiPolygon","coordinates":[[[[14.377289,35.993638],[14.42449,35.823676],[14.322032,35.973131],[14.377289,35.993638]]],[[[14.184906,36.034613],[14.314789,36.051093],[14.334239,36.034369],[14.184906,36.034613]]]]}},{"type":"Feature","properties":{"ISO3166-1-Alpha-3":"JEY"},"geometry":{"type":"Polygon","coordinates":[[[-2.241119,49.26024],[-2.024526,49.171332],[-2.233632,49.184516],[-2.241119,49.26024]]]}},{"type":"Feature","properties":{"ISO3166-1-Alpha-3":"GGY"},"geometry":{"type":"MultiPolygon","coordinates":[[[[-2.650258,49.46369],[-2.501698,49.506659],[-2.673451,49.433498],[-2.650258,49.46369]]],[[[-2.375478,49.435452],[-2.3544,49.427802],[-2.378082,49.412746],[-2.375478,49.435452]]],[[[-2.218495,49.718695],[-2.187896,49.710639],[-2.226226,49.707831],[-2.218495,49.718695]]],[[[-2.455068,49.475043],[-2.445221,49.474595],[-2.453359,49.462144],[-2.455068,49.475043]]]]}},{"type":"Feature","properties":{"ISO3166-1-Alpha-3":"IMN"},"geometry":{"type":"Polygon","coordinates":[[[-4.31192,54.287177],[-4.790151,54.071234],[-4.351308,54.413804],[-4.31192,54.287177]]]}},{"type":"Feature","properties":{"ISO3166-1-Alpha-3":"ALA"},"geometry":{"type":"MultiPolygon","coordinates":[[[[20.222423,60.149604],[20.277599,60.066474],[20.201915,60.087551],[20.222423,60.149604]]],[[[19.567882,60.255113],[19.671072,60.158108],[19.527029,60.148627],[19.567882,60.255113]]],[[[20.358897,60.265692],[20.392914,60.196763],[20.345388,60.237698],[20.358897,60.265692]]],[[[20.853038,60.265692],[20.790538,60.238715],[20.787283,60.286322],[20.853038,60.265692]]],[[[20.208751,60.224677],[19.948497,60.047675],[19.646983,60.265692],[19.882335,60.405585],[20.208751,60.224677]]],[[[20.912364,59.904486],[20.897472,59.940131],[20.920177,59.909247],[20.912364,59.904486]]],[[[20.99586,59.949897],[20.982758,59.921536],[20.913259,59.948432],[20.99586,59.949897]]],[[[20.544932,60.056098],[20.587169,60.008124],[20.500824,60.012681],[20.544932,60.056098]]],[[[20.403494,60.040513],[20.462576,60.066799],[20.390147,60.028225],[20.403494,60.040513]]],[[[20.54184,60.07099],[20.471365,60.041327],[20.469737,60.057359],[20.54184,60.07099]]],[[[20.659923,60.149726],[20.67156,60.109198],[20.635509,60.143948],[20.659923,60.149726]]],[[[20.670665,60.199205],[20.705903,60.218248],[20.716319,60.209296],[20.670665,60.199205]]],[[[20.757172,60.366116],[20.740001,60.312405],[20.732677,60.314358],[20.757172,60.366116]]],[[[20.306648,59.953624],[20.339447,60.02011],[20.447059,59.995181],[20.306648,59.953624]]],[[[20.175121,59.971436],[20.163259,60.087845],[20.225218,60.005478],[20.175121,59.971436]]],[[[21.064301,60.474351],[21.088227,60.452216],[21.064952,60.454779],[21.064301,60.474351]]]]}},{"type":"Feature","properties":{"ISO3166-1-Alpha-3":"FRO"},"geometry":{"type":"MultiPolygon","coordinates":[[[[-6.654775,61.395941],[-6.870473,61.501532],[-6.962554,61.62873],[-6.715566,61.567857],[-6.654775,61.395941]]],[[[-6.66686,61.866034],[-6.660959,61.746039],[-6.907338,61.909857],[-6.66686,61.866034]]],[[[-7.202138,62.019721],[-7.215891,62.163764],[-7.038319,62.088609],[-7.202138,62.019721]]],[[[-7.222646,62.1706],[-7.072621,62.290269],[-6.845937,62.0539],[-6.715566,62.034003],[-6.701894,61.944037],[-7.222646,62.1706]]],[[[-6.654775,62.061347],[-6.928456,62.335028],[-6.564117,62.13581],[-6.654775,62.061347]]],[[[-6.537465,62.369818],[-6.582753,62.228583],[-6.571685,62.346747],[-6.537465,62.369818]]],[[[-7.588043,62.115139],[-7.536733,62.098782],[-7.644154,62.107001],[-7.588043,62.115139]]],[[[-6.384348,62.280219],[-6.276845,62.296291],[-6.35851,62.245836],[-6.384348,62.280219]]],[[[-6.648061,62.366523],[-6.636383,62.280097],[-6.680816,62.366116],[-6.648061,62.366523]]],[[[-6.765289,62.373725],[-6.691029,62.252265],[-6.789052,62.375312],[-6.765289,62.373725]]],[[[-6.449127,62.317816],[-6.455719,62.295966],[-6.555898,62.390937],[-6.449127,62.317816]]]]}},{"type":"Feature","properties":{"ISO3166-1-Alpha-3":"-99"},"geometry":{"type":"MultiPolygon","coordinates":[[[[96.821544,-12.12656],[96.845225,-12.197686],[96.830577,-12.179946],[96.821544,-12.12656]]],[[[96.920177,-12.184991],[96.88852,-12.187433],[96.916189,-12.161798],[96.920177,-12.184991]]],[[[105.594249,-10.454034],[105.694591,-10.564874],[105.584972,-10.516371],[105.594249,-10.454034]]]]}},{"type":"Feature","properties":{"ISO3166-1-Alpha-3":"IOT"},"geometry":{"type":"MultiPolygon","coordinates":[[[[72.432872,-7.425388],[72.432872,-7.432224],[72.357677,-7.268324],[72.432872,-7.425388]]],[[[72.439708,-7.226739],[72.49464,-7.296157],[72.479015,-7.361912],[72.439708,-7.226739]]],[[[71.350352,-6.65252],[71.362071,-6.652927],[71.355235,-6.656345],[71.350352,-6.65252]]],[[[71.267589,-6.382745],[71.260997,-6.378025],[71.267345,-6.37005],[71.267589,-6.382745]]],[[[71.351085,-6.200291],[71.347016,-6.182224],[71.360525,-6.177341],[71.351085,-6.200291]]],[[[71.771739,-5.433364],[71.764659,-5.433852],[71.76238,-5.431736],[71.771739,-5.433364]]],[[[72.221446,-5.327813],[72.230968,-5.319268],[72.228282,-5.324802],[72.221446,-5.327813]]],[[[71.737071,-5.285252],[71.747081,-5.269952],[71.745453,-5.278741],[71.737071,-5.285252]]],[[[71.760265,-5.236586],[71.768565,-5.234145],[71.766449,-5.23919],[71.760265,-5.236586]]],[[[71.966482,-5.227472],[71.961681,-5.230076],[71.962738,-5.226983],[71.966482,-5.227472]]]]}},{"type":"Feature","properties":{"ISO3166-1-Alpha-3":"SGP"},"geometry":{"type":"Polygon","coordinates":[[[103.708344,1.429389],[103.838878,1.266262],[103.640391,1.322252],[103.708344,1.429389]]]}},{"type":"Feature","properties":{"ISO3166-1-Alpha-3":"NFK"},"geometry":{"type":"Polygon","coordinates":[[[167.926524,-28.997491],[167.966645,-29.080011],[167.926443,-29.066339],[167.926524,-28.997491]]]}},{"type":"Feature","properties":{"ISO3166-1-Alpha-3":"COK"},"geometry":{"type":"MultiPolygon","coordinates":[[[[-157.961049,-21.923923],[-157.910349,-21.891697],[-157.887074,-21.926365],[-157.961049,-21.923923]]],[[[-157.742136,-19.80462],[-157.708241,-19.841241],[-157.721669,-19.85589],[-157.742136,-19.80462]]],[[[-158.002878,-8.94671],[-157.978627,-8.976007],[-158.00829,-8.952895],[-158.002878,-8.94671]]],[[[-159.846262,-21.233819],[-159.742747,-21.201593],[-159.743235,-21.254327],[-159.846262,-21.233819]]],[[[-157.324412,-20.141697],[-157.340321,-20.175714],[-157.348988,-20.143324],[-157.324412,-20.141697]]],[[[-158.12031,-19.972833],[-158.115102,-20.01572],[-158.135203,-19.976495],[-158.12031,-19.972833]]],[[[-158.2683,-19.832615],[-158.281077,-19.821954],[-158.276357,-19.8235],[-158.2683,-19.832615]]],[[[-158.295969,-19.814548],[-158.293772,-19.816583],[-158.297353,-19.817315],[-158.295969,-19.814548]]],[[[-158.91808,-19.261163],[-158.950185,-19.25449],[-158.955556,-19.245294],[-158.91808,-19.261163]]],[[[-165.818715,-10.891534],[-165.811757,-10.880141],[-165.807688,-10.88128],[-165.818715,-10.891534]]],[[[-160.986236,-10.382094],[-160.996409,-10.371515],[-160.9381,-10.422784],[-160.986236,-10.382094]]],[[[-161.088002,-10.035089],[-161.070058,-10.027439],[-161.08727,-10.04461],[-161.088002,-10.035089]]],[[[-159.793609,-18.887465],[-159.772613,-18.828953],[-159.761993,-18.837254],[-159.761383,-18.845392],[-159.793609,-18.887465]]]]}},{"type":"Feature","properties":{"ISO3166-1-Alpha-3":"TON"},"geometry":{"type":"MultiPolygon","coordinates":[[[[-174.072499,-18.633966],[-173.915151,-18.626886],[-173.990549,-18.705173],[-174.072499,-18.633966]]],[[[-174.983632,-21.390883],[-174.908518,-21.32936],[-174.920277,-21.454197],[-174.983632,-21.390883]]],[[[-175.223582,-21.17254],[-175.148752,-21.267999],[-175.364817,-21.113946],[-175.223582,-21.17254]]],[[[-174.32018,-19.819268],[-174.325673,-19.759698],[-174.305857,-19.767185],[-174.32018,-19.819268]]],[[[-175.099477,-19.74977],[-175.04601,-19.751153],[-175.059316,-19.801365],[-175.099477,-19.74977]]],[[[-174.271677,-19.749119],[-174.288197,-19.723728],[-174.257436,-19.684666],[-174.271677,-19.749119]]],[[[-174.277903,-19.59588],[-174.249257,-19.653741],[-174.29304,-19.592706],[-174.277903,-19.59588]]],[[[-175.683339,-15.582127],[-175.617787,-15.601495],[-175.668894,-15.621515],[-175.683339,-15.582127]]],[[[-176.210194,-22.3388],[-176.204213,-22.326918],[-176.19811,-22.331964],[-176.210194,-22.3388]]],[[[-174.62682,-18.79754],[-174.664133,-18.801365],[-174.649607,-18.779555],[-174.62682,-18.79754]]]]}},{"type":"Feature","properties":{"ISO3166-1-Alpha-3":"WLF"},"geometry":{"type":"MultiPolygon","coordinates":[[[[-178.156606,-14.305108],[-178.105092,-14.285252],[-178.046742,-14.319431],[-178.156606,-14.305108]]],[[[-176.199574,-13.290623],[-176.1256,-13.264093],[-176.159495,-13.350274],[-176.199574,-13.290623]]]]}},{"type":"Feature","properties":{"ISO3166-1-Alpha-3":"WSM"},"geometry":{"type":"MultiPolygon","coordinates":[[[[-172.201039,-13.592543],[-172.523183,-13.805352],[-172.782582,-13.520278],[-172.344431,-13.462986],[-172.201039,-13.592543]]],[[[-171.834543,-13.807387],[-171.440745,-14.051853],[-172.063669,-13.885024],[-171.834543,-13.807387]]]]}},{"type":"Feature","properties":{"ISO3166-1-Alpha-3":"SLB"},"geometry":{"type":"MultiPolygon","coordinates":[[[[160.087169,-11.494806],[160.483165,-11.844985],[159.969249,-11.503188],[160.087169,-11.494806]]],[[[159.777354,-11.283624],[159.839366,-11.297621],[159.853201,-11.324477],[159.777354,-11.283624]]],[[[161.768809,-10.252211],[161.717296,-10.231378],[161.730642,-10.20672],[161.768809,-10.252211]]],[[[162.374848,-10.823663],[162.11085,-10.823663],[161.792166,-10.734959],[161.300059,-10.207127],[162.113617,-10.456476],[162.374848,-10.823663]]],[[[167.195974,-9.885919],[167.165782,-9.868341],[167.170177,-9.859145],[167.195974,-9.885919]]],[[[167.104015,-9.806573],[167.104503,-9.801853],[167.108246,-9.80462],[167.104015,-9.806573]]],[[[161.963552,-9.720636],[161.928477,-9.720147],[161.977794,-9.686619],[161.963552,-9.720636]]],[[[161.558604,-9.788995],[161.35434,-9.338556],[161.545177,-9.604669],[161.558604,-9.788995]]],[[[160.826345,-9.837335],[159.835623,-9.793878],[159.609548,-9.309828],[160.366384,-9.412774],[160.826345,-9.837335]]],[[[159.844737,-9.14544],[159.804454,-9.130141],[159.832693,-9.103692],[159.844737,-9.14544]]],[[[160.366384,-9.186212],[160.314952,-9.0617],[160.414236,-9.131606],[160.366384,-9.186212]]],[[[159.178396,-9.092706],[159.236095,-9.023045],[159.174083,-9.138442],[159.178396,-9.092706]]],[[[160.264496,-9.131606],[160.147716,-8.989679],[160.301443,-9.061619],[160.264496,-9.131606]]],[[[159.092133,-8.994399],[159.147309,-9.103692],[159.039317,-9.068536],[159.092133,-8.994399]]],[[[160.113129,-8.994399],[160.074392,-8.951349],[160.092621,-8.940525],[160.113129,-8.994399]]],[[[157.549653,-8.692153],[157.622325,-8.795831],[157.452403,-8.721856],[157.549653,-8.692153]]],[[[158.230235,-8.73797],[158.153656,-8.796563],[158.208263,-8.679132],[158.230235,-8.73797]]],[[[157.89975,-8.562433],[158.105724,-8.691095],[157.957042,-8.755955],[157.89975,-8.562433]]],[[[157.347504,-8.41253],[157.413829,-8.726983],[157.200938,-8.565851],[157.347504,-8.41253]]],[[[159.635916,-8.38421],[159.549815,-8.470798],[159.558279,-8.389418],[159.635916,-8.38421]]],[[[162.749848,-8.385186],[162.734874,-8.373793],[162.757579,-8.378513],[162.749848,-8.385186]]],[[[161.360688,-9.617608],[160.867931,-9.152114],[160.601329,-8.325453],[160.996837,-8.603774],[161.360688,-9.617608]]],[[[157.100841,-8.203546],[157.152517,-8.337172],[157.022634,-8.192804],[157.100841,-8.203546]]],[[[157.187266,-8.185724],[157.173025,-8.268813],[157.09783,-8.158949],[157.187266,-8.185724]]],[[[156.785655,-8.086196],[156.824718,-8.069594],[156.841319,-8.11297],[156.785655,-8.086196]]],[[[157.797374,-8.562433],[157.228201,-8.316664],[157.441091,-7.979669],[157.83839,-8.337172],[157.797374,-8.562433]]],[[[156.577159,-7.966567],[156.587413,-8.199395],[156.549815,-7.939223],[156.577159,-7.966567]]],[[[157.200938,-8.000746],[156.947032,-7.979669],[157.091075,-7.850518],[157.200938,-8.000746]]],[[[156.611176,-7.569431],[156.659679,-7.939223],[156.504161,-7.63006],[156.611176,-7.569431]]],[[[155.542328,-7.322931],[155.597423,-7.382908],[155.507986,-7.375746],[155.542328,-7.322931]]],[[[155.734874,-6.966078],[155.850922,-7.099298],[155.672862,-7.089532],[155.734874,-6.966078]]],[[[156.076834,-6.815199],[156.152599,-6.931329],[156.042735,-6.980401],[156.087169,-6.901625],[156.046886,-6.851658],[156.076834,-6.815199]]],[[[166.869884,-11.588962],[166.984149,-11.709863],[166.767203,-11.61712],[166.869884,-11.588962]]],[[[166.540424,-11.214564],[166.508827,-11.309319],[166.47976,-11.247422],[166.540424,-11.214564]]],[[[166.147905,-10.694046],[165.861965,-10.86854],[165.756474,-10.812161],[165.878062,-10.656847],[166.147905,-10.694046]]],[[[158.378754,-7.562677],[158.523611,-7.658136],[158.316905,-7.57936],[158.378754,-7.562677]]],[[[159.859386,-8.511326],[159.887218,-8.562433],[159.627208,-8.357599],[158.94809,-8.049086],[158.451996,-7.531996],[159.859386,-8.511326]]],[[[158.434825,-7.527765],[158.265798,-7.488214],[158.268565,-7.466974],[158.434825,-7.527765]]],[[[157.509125,-7.390558],[157.618988,-7.452081],[157.475597,-7.411798],[157.509125,-7.390558]]],[[[158.250255,-7.394952],[158.249034,-7.47324],[158.194347,-7.438409],[158.250255,-7.394952]]],[[[157.72169,-7.383884],[157.797374,-7.47324],[157.678559,-7.448175],[157.72169,-7.383884]]],[[[156.454438,-6.630792],[157.447927,-7.432224],[157.014659,-7.282647],[156.454438,-6.630792]]],[[[168.797862,-12.281915],[168.825857,-12.281508],[168.802419,-12.290623],[168.797862,-12.281915]]],[[[165.755056,-10.406915],[165.722911,-10.412856],[165.732188,-10.389907],[165.755056,-10.406915]]],[[[160.635753,-7.891046],[160.64796,-7.926853],[160.607595,-7.888849],[160.635753,-7.891046]]],[[[166.944347,-11.625421],[166.979666,-11.638604],[166.945649,-11.653253],[166.944347,-11.625421]]],[[[166.242442,-10.268976],[166.237315,-10.31113],[166.238536,-10.21502],[166.242442,-10.268976]]],[[[156.52589,-7.799412],[156.555431,-7.817315],[156.516856,-7.818129],[156.52589,-7.799412]]]]}},{"type":"Feature","properties":{"ISO3166-1-Alpha-3":"TUV"},"geometry":{"type":"MultiPolygon","coordinates":[[[[179.21754,-8.520603],[179.204112,-8.518976],[179.199392,-8.460626],[179.21754,-8.520603]]],[[[178.380544,-8.070001],[178.375499,-8.056085],[178.390636,-8.026544],[178.380544,-8.070001]]],[[[177.152599,-7.200291],[177.152354,-7.195082],[177.150076,-7.188165],[177.152599,-7.200291]]],[[[176.322439,-6.295099],[176.319184,-6.289239],[176.322927,-6.288832],[176.322439,-6.295099]]],[[[177.356619,-6.114516],[177.339854,-6.114516],[177.337169,-6.108168],[177.356619,-6.114516]]],[[[176.135265,-5.692804],[176.125255,-5.679132],[176.148448,-5.70672],[176.135265,-5.692804]]],[[[179.898611,-9.386814],[179.906098,-9.418634],[179.905284,-9.420668],[179.898611,-9.386814]]],[[[179.867442,-9.344334],[179.873302,-9.346856],[179.876964,-9.36297],[179.867442,-9.344334]]],[[[178.691091,-7.475356],[178.667979,-7.463637],[178.665212,-7.454034],[178.691091,-7.475356]]]]}},{"type":"Feature","properties":{"ISO3166-1-Alpha-3":"MDV"},"geometry":{"type":"MultiPolygon","coordinates":[[[[73.163097,-0.681817],[73.172537,-0.688572],[73.165863,-0.688409],[73.163097,-0.681817]]],[[[73.19516,-0.674493],[73.196462,-0.681329],[73.191417,-0.682794],[73.19516,-0.674493]]],[[[73.124278,-0.656183],[73.126964,-0.666274],[73.123871,-0.664727],[73.124278,-0.656183]]],[[[73.240001,-0.625584],[73.227306,-0.642836],[73.229991,-0.623305],[73.240001,-0.625584]]],[[[73.246755,-0.588637],[73.24464,-0.607192],[73.247325,-0.577895],[73.246755,-0.588637]]],[[[73.435232,-0.293634],[73.443044,-0.292739],[73.444509,-0.304295],[73.435232,-0.293634]]],[[[73.098888,0.216376],[73.10434,0.219631],[73.102875,0.213446],[73.098888,0.216376]]],[[[73.208995,0.239976],[73.217459,0.237738],[73.210948,0.232164],[73.208995,0.239976]]],[[[73.036143,0.260932],[73.036794,0.26968],[73.040375,0.259345],[73.036143,0.260932]]],[[[73.371104,0.285956],[73.37908,0.285183],[73.36964,0.280015],[73.371104,0.285956]]],[[[72.981212,0.302069],[72.988129,0.301907],[72.986013,0.299547],[72.981212,0.302069]]],[[[73.506602,0.387763],[73.513357,0.387681],[73.508556,0.380561],[73.506602,0.387763]]],[[[72.957774,0.396796],[72.958425,0.403144],[72.961192,0.394029],[72.957774,0.396796]]],[[[72.940929,0.496283],[72.940603,0.487291],[72.937022,0.493638],[72.940929,0.496283]]],[[[73.489757,0.50259],[73.492035,0.507799],[73.49464,0.498969],[73.489757,0.50259]]],[[[73.383556,0.638902],[73.386729,0.635403],[73.384776,0.635565],[73.383556,0.638902]]],[[[73.368826,0.760443],[73.371837,0.756578],[73.369965,0.757025],[73.368826,0.760443]]],[[[73.349783,0.844062],[73.352875,0.841539],[73.351085,0.840644],[73.349783,0.844062]]],[[[72.827973,3.505439],[72.835134,3.505439],[72.831065,3.503567],[72.827973,3.505439]]],[[[72.791189,3.510891],[72.795177,3.514635],[72.798839,3.511949],[72.791189,3.510891]]],[[[72.919932,3.552151],[72.911794,3.541734],[72.911632,3.541653],[72.919932,3.552151]]],[[[72.938487,3.613715],[72.945567,3.613715],[72.94158,3.611884],[72.938487,3.613715]]],[[[72.689708,3.717963],[72.697439,3.718817],[72.694591,3.714993],[72.689708,3.717963]]],[[[73.469249,3.936957],[73.469981,3.935126],[73.46754,3.933661],[73.469249,3.936957]]],[[[72.699067,3.999498],[72.706716,3.997952],[72.7046,3.996405],[72.699067,3.999498]]],[[[73.502289,4.100775],[73.508311,4.093411],[73.508311,4.093329],[73.502289,4.100775]]],[[[72.972504,4.260403],[72.975597,4.262356],[72.975759,4.260403],[72.972504,4.260403]]],[[[73.70281,4.434719],[73.700857,4.432278],[73.697439,4.431383],[73.70281,4.434719]]],[[[73.699962,4.451646],[73.702647,4.452908],[73.69988,4.449164],[73.699962,4.451646]]],[[[73.37672,4.474433],[73.377289,4.465277],[73.373871,4.466986],[73.37672,4.474433]]],[[[73.401215,4.629828],[73.405284,4.628404],[73.403005,4.627427],[73.401215,4.629828]]],[[[73.486664,4.718207],[73.490733,4.716742],[73.488455,4.715969],[73.486664,4.718207]]],[[[72.972667,4.894355],[72.97934,4.895372],[72.969493,4.88052],[72.972667,4.894355]]],[[[72.917491,4.898586],[72.922862,4.899075],[72.920909,4.897854],[72.917491,4.898586]]],[[[73.447276,4.97134],[73.436534,4.969875],[73.441173,4.974921],[73.447276,4.97134]]],[[[72.910167,5.032701],[72.909434,5.030788],[72.90919,5.030585],[72.910167,5.032701]]],[[[72.927745,5.036526],[72.927094,5.033922],[72.924327,5.033026],[72.927745,5.036526]]],[[[73.04477,5.121812],[73.043468,5.118842],[73.04127,5.118394],[73.04477,5.121812]]],[[[73.045258,5.128892],[73.051443,5.126654],[73.047618,5.12637],[73.045258,5.128892]]],[[[73.091319,5.161363],[73.090994,5.158515],[73.087738,5.157945],[73.091319,5.161363]]],[[[73.107107,5.170966],[73.104177,5.172919],[73.110525,5.170315],[73.107107,5.170966]]],[[[72.860118,5.237942],[72.859223,5.2355],[72.856619,5.234442],[72.860118,5.237942]]],[[[73.131847,5.244574],[73.131847,5.242499],[73.128429,5.241156],[73.131847,5.244574]]],[[[73.499766,5.246894],[73.497244,5.245022],[73.493826,5.245998],[73.499766,5.246894]]],[[[73.582042,5.281806],[73.582856,5.27558],[73.569998,5.27676],[73.582042,5.281806]]],[[[73.109223,5.296698],[73.112641,5.298448],[73.109223,5.295152],[73.109223,5.296698]]],[[[73.467052,5.308336],[73.470144,5.307725],[73.464203,5.30683],[73.467052,5.308336]]],[[[73.629568,5.332831],[73.627208,5.331122],[73.623302,5.331855],[73.629568,5.332831]]],[[[73.643403,5.34394],[73.640066,5.34219],[73.639903,5.34219],[73.643403,5.34394]]],[[[72.953136,5.352769],[72.952403,5.350084],[72.949555,5.349311],[72.953136,5.352769]]],[[[73.396169,5.357123],[73.398692,5.359605],[73.401215,5.356147],[73.396169,5.357123]]],[[[73.319184,5.362942],[73.32488,5.366767],[73.330089,5.366848],[73.319184,5.362942]]],[[[73.347504,5.428778],[73.3449,5.426825],[73.344574,5.426744],[73.347504,5.428778]]],[[[73.537446,5.451402],[73.534923,5.449856],[73.531261,5.450426],[73.537446,5.451402]]],[[[73.362966,5.46308],[73.363129,5.459377],[73.360688,5.457831],[73.362966,5.46308]]],[[[72.937022,5.465522],[72.940278,5.462144],[72.938243,5.461493],[72.937022,5.465522]]],[[[73.009776,5.490912],[73.013031,5.487454],[73.010997,5.486802],[73.009776,5.490912]]],[[[73.462413,5.543606],[73.459321,5.541734],[73.456309,5.54267],[73.462413,5.543606]]],[[[72.99879,5.711982],[73.002289,5.707099],[72.999766,5.706977],[72.99879,5.711982]]],[[[72.948497,6.344428],[72.953949,6.345608],[72.953136,6.343492],[72.948497,6.344428]]],[[[72.89088,6.448228],[72.897227,6.447903],[72.896332,6.445787],[72.89088,6.448228]]],[[[73.104991,-0.579197],[73.111583,-0.61712],[73.118663,-0.64129],[73.104991,-0.579197]]],[[[73.368175,1.782945],[73.365164,1.791042],[73.375824,1.78856],[73.368175,1.782945]]],[[[73.394786,1.798774],[73.40211,1.7956],[73.394379,1.794745],[73.394786,1.798774]]],[[[73.452647,1.826809],[73.463634,1.826321],[73.456716,1.82038],[73.452647,1.826809]]],[[[73.502289,1.834906],[73.499197,1.827704],[73.498057,1.828803],[73.502289,1.834906]]],[[[73.531505,1.863511],[73.53297,1.86164],[73.5324,1.860093],[73.531505,1.863511]]],[[[73.25172,1.892401],[73.243663,1.888739],[73.243988,1.89411],[73.25172,1.892401]]],[[[73.549815,1.924994],[73.548839,1.911363],[73.540863,1.892401],[73.549815,1.924994]]],[[[73.547699,1.968329],[73.549815,1.965684],[73.549815,1.965522],[73.547699,1.968329]]],[[[73.31544,1.985053],[73.323253,1.986477],[73.31837,1.9831],[73.31544,1.985053]]],[[[73.542247,2.024563],[73.542979,2.022162],[73.540294,2.022528],[73.542247,2.024563]]],[[[73.386974,2.033026],[73.386974,2.028632],[73.386241,2.030341],[73.386974,2.033026]]],[[[73.55128,2.07807],[73.551443,2.072577],[73.551443,2.072414],[73.55128,2.07807]]],[[[73.561778,2.094713],[73.585378,2.109605],[73.58546,2.109605],[73.561778,2.094713]]],[[[73.038422,2.164618],[73.041352,2.1647],[73.038259,2.164537],[73.038422,2.164618]]],[[[73.098888,2.184638],[73.102306,2.180976],[73.099457,2.181952],[73.098888,2.184638]]],[[[73.115001,2.191799],[73.116873,2.197659],[73.12086,2.191799],[73.115001,2.191799]]],[[[72.948416,2.274888],[72.9463,2.272366],[72.943126,2.273017],[72.948416,2.274888]]],[[[72.926117,2.32746],[72.927013,2.316067],[72.922537,2.319566],[72.926117,2.32746]]],[[[73.344005,2.348049],[73.343598,2.344184],[73.342052,2.342108],[73.344005,2.348049]]],[[[73.353852,2.429023],[73.366222,2.411526],[73.362559,2.384914],[73.353852,2.429023]]],[[[73.311534,2.499254],[73.315196,2.494127],[73.315196,2.494045],[73.311534,2.499254]]],[[[73.145518,2.55329],[73.143809,2.55036],[73.140961,2.55036],[73.145518,2.55329]]],[[[72.901134,2.676174],[72.906423,2.679674],[72.90447,2.675727],[72.901134,2.676174]]],[[[72.866954,2.688951],[72.873709,2.683661],[72.873709,2.68358],[72.866954,2.688951]]],[[[73.022309,2.741685],[73.032237,2.745103],[73.028005,2.738227],[73.022309,2.741685]]],[[[73.348481,2.775377],[73.353526,2.771918],[73.35141,2.770697],[73.348481,2.775377]]],[[[73.399262,2.785712],[73.390636,2.775377],[73.391856,2.78148],[73.399262,2.785712]]],[[[73.549083,2.888739],[73.551036,2.890611],[73.549083,2.888129],[73.549083,2.888739]]],[[[73.35727,2.899807],[73.362804,2.898383],[73.360688,2.897528],[73.35727,2.899807]]],[[[73.008474,2.953315],[73.014903,2.947414],[73.009044,2.946438],[73.008474,2.953315]]],[[[73.56129,2.948472],[73.56422,2.954617],[73.562022,2.946112],[73.56129,2.948472]]],[[[73.578461,2.957343],[73.585867,2.961534],[73.577485,2.951158],[73.578461,2.957343]]],[[[72.864919,2.960883],[72.867686,2.960883],[72.865082,2.958157],[72.864919,2.960883]]],[[[72.899425,3.078192],[72.906016,3.08039],[72.899913,3.07685],[72.899425,3.078192]]],[[[73.613048,3.106757],[73.612559,3.102973],[73.608409,3.100409],[73.613048,3.106757]]],[[[72.975108,3.104193],[72.981781,3.105048],[72.978201,3.102729],[72.975108,3.104193]]],[[[73.040212,3.199774],[73.046886,3.202053],[73.040701,3.198472],[73.040212,3.199774]]],[[[73.028982,3.246894],[73.035655,3.247789],[73.031993,3.245551],[73.028982,3.246894]]],[[[72.831228,3.30683],[72.837657,3.309068],[72.831391,3.305609],[72.831228,3.30683]]],[[[73.516368,3.361233],[73.518809,3.359117],[73.519216,3.356391],[73.516368,3.361233]]],[[[73.748546,3.448188],[73.747732,3.450995],[73.753184,3.446357],[73.748546,3.448188]]],[[[73.506114,3.497707],[73.508474,3.496568],[73.508556,3.496487],[73.506114,3.497707]]],[[[72.948985,3.728583],[72.955821,3.728705],[72.951996,3.726874],[72.948985,3.728583]]],[[[72.942393,3.766954],[72.949392,3.766995],[72.945323,3.765204],[72.942393,3.766954]]],[[[72.941173,3.831692],[72.94809,3.831692],[72.944102,3.829901],[72.941173,3.831692]]],[[[73.432465,3.846829],[73.435232,3.844916],[73.432302,3.841742],[73.432465,3.846829]]],[[[73.443533,3.920559],[73.443044,3.918769],[73.438162,3.916449],[73.443533,3.920559]]],[[[73.341482,3.943101],[73.3449,3.944566],[73.341482,3.942043],[73.341482,3.943101]]],[[[73.422618,4.118354],[73.421397,4.11636],[73.418956,4.115709],[73.422618,4.118354]]],[[[73.512015,4.186301],[73.510891,4.162087],[73.431201,4.184649],[73.512015,4.186301]]],[[[72.94516,4.266303],[72.958669,4.262519],[72.954356,4.261461],[72.94516,4.266303]]],[[[73.595876,4.342271],[73.592459,4.340155],[73.589122,4.340562],[73.595876,4.342271]]],[[[73.607677,4.3581],[73.611827,4.356513],[73.609548,4.355618],[73.607677,4.3581]]],[[[73.631684,4.368476],[73.637055,4.364],[73.633637,4.364691],[73.631684,4.368476]]],[[[73.664317,4.388332],[73.668305,4.386868],[73.666189,4.385932],[73.664317,4.388332]]],[[[72.94337,4.431586],[72.956065,4.422105],[72.947113,4.423082],[72.94337,4.431586]]],[[[73.549815,4.615383],[73.553884,4.613918],[73.551606,4.612982],[73.549815,4.615383]]],[[[73.627778,5.413275],[73.636729,5.402899],[73.632498,5.386054],[73.627778,5.413275]]],[[[72.999034,5.461086],[73.002615,5.457587],[73.000987,5.456244],[72.999034,5.461086]]],[[[72.877696,5.492092],[72.881114,5.488471],[72.879161,5.48786],[72.877696,5.492092]]],[[[73.012869,5.615709],[73.016124,5.61225],[73.014008,5.611558],[73.012869,5.615709]]],[[[73.008556,5.675035],[73.011892,5.671536],[73.009776,5.670844],[73.008556,5.675035]]],[[[73.382579,5.722113],[73.380707,5.714586],[73.379568,5.715155],[73.382579,5.722113]]],[[[72.986827,5.770738],[72.98585,5.76557],[72.982758,5.762519],[72.986827,5.770738]]],[[[73.376801,5.78734],[73.384532,5.786933],[73.380707,5.784125],[73.376801,5.78734]]],[[[72.971039,5.810452],[72.975108,5.804551],[72.975108,5.804429],[72.971039,5.810452]]],[[[73.443126,5.841254],[73.433767,5.830878],[73.433442,5.830715],[73.443126,5.841254]]],[[[72.961925,5.856676],[72.963715,5.86404],[72.966482,5.850287],[72.961925,5.856676]]],[[[73.423188,5.906887],[73.428477,5.904446],[73.42628,5.903266],[73.423188,5.906887]]],[[[72.931651,5.969062],[72.930186,5.956936],[72.925792,5.963284],[72.931651,5.969062]]],[[[73.389822,5.970282],[73.395333,5.957802],[73.384532,5.964748],[73.389822,5.970282]]],[[[72.909679,5.982123],[72.912852,5.976304],[72.909841,5.977932],[72.909679,5.982123]]],[[[73.250743,6.083401],[73.249034,6.079535],[73.245453,6.079779],[73.250743,6.083401]]],[[[73.248871,6.110175],[73.251964,6.111151],[73.246837,6.107733],[73.248871,6.110175]]],[[[73.22047,6.132066],[73.219005,6.129299],[73.21518,6.128567],[73.22047,6.132066]]],[[[73.265391,6.153551],[73.267263,6.150946],[73.265147,6.150621],[73.265391,6.153551]]],[[[73.215831,6.17121],[73.218923,6.172268],[73.214041,6.168769],[73.215831,6.17121]]],[[[73.265961,6.185004],[73.270844,6.189358],[73.268077,6.178697],[73.265961,6.185004]]],[[[73.030447,6.221015],[73.029145,6.21898],[73.028982,6.218817],[73.030447,6.221015]]],[[[73.236339,6.232123],[73.243907,6.231635],[73.240245,6.228949],[73.236339,6.232123]]],[[[73.128429,6.286851],[73.12615,6.284003],[73.122895,6.283352],[73.128429,6.286851]]],[[[73.209321,6.286851],[73.213064,6.289211],[73.208751,6.286444],[73.209321,6.286851]]],[[[73.083344,6.30858],[73.081391,6.305609],[73.078136,6.30508],[73.083344,6.30858]]],[[[73.194184,6.321601],[73.201915,6.32217],[73.20102,6.318264],[73.194184,6.321601]]],[[[73.120942,6.331041],[73.124197,6.332261],[73.119314,6.328925],[73.120942,6.331041]]],[[[73.181,6.34984],[73.18214,6.34634],[73.180186,6.347113],[73.181,6.34984]]],[[[73.019298,6.363593],[73.024913,6.364814],[73.024181,6.362698],[73.019298,6.363593]]],[[[72.685883,6.411607],[72.687185,6.407416],[72.685883,6.40648],[72.685883,6.411607]]],[[[72.902029,6.43476],[72.907481,6.43594],[72.906586,6.433824],[72.902029,6.43476]]],[[[73.048813,6.441342],[73.046235,6.436265],[73.043142,6.433702],[73.048813,6.441342]]],[[[72.956798,6.560004],[72.958018,6.554348],[72.955821,6.555325],[72.956798,6.560004]]],[[[72.923106,6.559882],[72.928722,6.561103],[72.927745,6.558905],[72.923106,6.559882]]],[[[73.025564,6.57925],[73.030447,6.576077],[73.028168,6.575181],[73.025564,6.57925]]],[[[73.039399,6.62287],[73.040701,6.617174],[73.038422,6.61815],[73.039399,6.62287]]],[[[73.069509,6.667955],[73.061778,6.660956],[73.062266,6.666897],[73.069509,6.667955]]],[[[73.09669,6.706122],[73.100434,6.699774],[73.095876,6.698432],[73.09669,6.706122]]],[[[73.031993,6.756578],[73.036876,6.753485],[73.034679,6.75259],[73.031993,6.756578]]],[[[72.913259,6.764879],[72.914317,6.759223],[72.912283,6.760159],[72.913259,6.764879]]],[[[73.135997,6.741197],[73.152843,6.749213],[73.131684,6.725043],[73.135997,6.741197]]],[[[73.181651,6.830512],[73.197276,6.828111],[73.183767,6.821112],[73.181651,6.830512]]],[[[72.990245,6.842434],[72.991547,6.836737],[72.989431,6.837633],[72.990245,6.842434]]],[[[73.139008,6.844428],[73.14031,6.83869],[73.138031,6.839667],[73.139008,6.844428]]],[[[72.971528,6.849758],[72.976329,6.846666],[72.974132,6.845852],[72.971528,6.849758]]],[[[73.092947,6.853095],[73.094005,6.847561],[73.091807,6.848334],[73.092947,6.853095]]],[[[72.959239,6.86164],[72.960623,6.856065],[72.958344,6.857001],[72.959239,6.86164]]],[[[73.101736,6.893541],[73.106619,6.890448],[73.10434,6.889553],[73.101736,6.893541]]],[[[73.201915,6.902248],[73.213064,6.904608],[73.203949,6.884955],[73.201915,6.902248]]],[[[72.925955,6.957424],[72.92628,6.953803],[72.924585,6.951704],[72.925955,6.957424]]],[[[73.191905,6.967597],[73.194672,6.951239],[73.193207,6.950995],[73.191905,6.967597]]],[[[72.891938,6.991034],[72.891938,6.987698],[72.890473,6.985419],[72.891938,6.991034]]],[[[72.977306,7.019029],[72.979747,7.027533],[72.981456,7.013983],[72.977306,7.019029]]],[[[72.947765,7.0539],[72.949962,7.056423],[72.948497,7.050849],[72.947765,7.0539]]],[[[72.906586,7.09101],[72.912852,7.092597],[72.911876,7.083197],[72.906586,7.09101]]],[[[72.8838,7.107245],[72.884532,7.103705],[72.882498,7.10163],[72.8838,7.107245]]]]}},{"type":"Feature","properties":{"ISO3166-1-Alpha-3":"NRU"},"geometry":{"type":"Polygon","coordinates":[[[166.906993,-0.524835],[166.958263,-0.517673],[166.938813,-0.551853],[166.906993,-0.524835]]]}},{"type":"Feature","properties":{"ISO3166-1-Alpha-3":"FSM"},"geometry":{"type":"MultiPolygon","coordinates":[[[[162.990733,5.374823],[163.019216,5.272691],[162.916189,5.286933],[162.990733,5.374823]]],[[[158.132498,6.941352],[158.313813,6.808661],[158.180186,6.802476],[158.132498,6.941352]]],[[[151.568126,7.342678],[151.636404,7.387112],[151.644542,7.336086],[151.568126,7.342678]]],[[[151.856212,7.424628],[151.8838,7.463568],[151.917654,7.458726],[151.856212,7.424628]]],[[[138.126231,9.565985],[138.202403,9.521186],[138.068126,9.412055],[138.126231,9.565985]]],[[[154.798595,0.924465],[154.817638,0.922187],[154.801768,0.918199],[154.798595,0.924465]]],[[[154.726817,0.960639],[154.721934,0.969184],[154.732921,0.967027],[154.726817,0.960639]]],[[[154.784353,0.975491],[154.792328,0.962877],[154.778168,0.968817],[154.784353,0.975491]]],[[[154.894298,3.762844],[154.87672,3.767971],[154.891856,3.778795],[154.894298,3.762844]]],[[[154.771251,3.78148],[154.791759,3.776557],[154.773692,3.766262],[154.771251,3.78148]]],[[[153.707693,5.305365],[153.685313,5.309719],[153.710704,5.314602],[153.707693,5.305365]]],[[[157.16391,5.778713],[157.158946,5.777899],[157.158458,5.779202],[157.16391,5.778713]]],[[[149.324718,6.707099],[149.316905,6.709906],[149.323497,6.719468],[149.324718,6.707099]]],[[[157.945811,6.722602],[157.93922,6.727362],[157.948904,6.731676],[157.945811,6.722602]]],[[[151.865571,7.350653],[151.853201,7.353827],[151.854503,7.370063],[151.865571,7.350653]]],[[[149.18572,7.371649],[149.180837,7.381171],[149.188243,7.379788],[149.18572,7.371649]]],[[[150.407481,8.575507],[150.404633,8.586005],[150.409353,8.584662],[150.407481,8.575507]]],[[[149.688813,8.607327],[149.667817,8.604234],[149.687266,8.616034],[149.688813,8.607327]]],[[[150.130544,8.980943],[150.124278,8.9855],[150.132986,8.98607],[150.130544,8.980943]]],[[[140.515391,9.761176],[140.521739,9.774726],[140.532888,9.771918],[140.515391,9.761176]]]]}},{"type":"Feature","properties":{"ISO3166-1-Alpha-3":"SGS"},"geometry":{"type":"MultiPolygon","coordinates":[[[[-27.152943,-59.470798],[-27.231313,-59.438246],[-27.13683,-59.437188],[-27.152943,-59.470798]]],[[[-27.330922,-59.424574],[-27.30134,-59.471938],[-27.407216,-59.431736],[-27.330922,-59.424574]]],[[[-26.629791,-59.062758],[-26.562652,-59.007908],[-26.499379,-59.033136],[-26.629791,-59.062758]]],[[[-26.312367,-58.382094],[-26.246205,-58.498712],[-26.457834,-58.42669],[-26.312367,-58.382094]]],[[[-26.356028,-57.786228],[-26.478749,-57.802667],[-26.513051,-57.772556],[-26.356028,-57.786228]]],[[[-26.663889,-57.086684],[-26.690338,-57.050551],[-26.650258,-57.079767],[-26.663889,-57.086684]]],[[[-27.204579,-56.690199],[-27.092437,-56.706476],[-27.20759,-56.713149],[-27.204579,-56.690199]]],[[[-27.569,-56.320571],[-27.572499,-56.272556],[-27.527903,-56.284763],[-27.569,-56.320571]]],[[[-37.086497,-54.510837],[-37.048736,-54.474542],[-37.018178,-54.503351],[-37.086497,-54.510837]]],[[[-38.065785,-54.002374],[-38.062367,-53.988051],[-38.026194,-53.989435],[-38.065785,-54.002374]]],[[[-35.908803,-54.68727],[-36.115956,-54.884535],[-37.413686,-54.255304],[-37.237294,-54.147719],[-38.032379,-54.009942],[-36.6551,-54.106134],[-35.908803,-54.68727]]],[[[-28.187123,-56.726251],[-28.171457,-56.704848],[-28.168568,-56.715997],[-28.187123,-56.726251]]]]}},{"type":"Feature","properties":{"ISO3166-1-Alpha-3":"FLK"},"geometry":{"type":"MultiPolygon","coordinates":[[[[-59.69518,-52.166274],[-59.756012,-52.273614],[-59.792144,-52.130548],[-59.69518,-52.166274]]],[[[-61.222279,-51.796563],[-61.217519,-51.862074],[-61.318186,-51.824477],[-61.222279,-51.796563]]],[[[-60.862864,-51.760919],[-61.043813,-51.940606],[-61.153066,-51.844903],[-60.862864,-51.760919]]],[[[-61.277211,-51.755548],[-61.24885,-51.680108],[-61.194,-51.693536],[-61.277211,-51.755548]]],[[[-59.214019,-51.413507],[-60.592763,-52.236749],[-61.036936,-52.046563],[-60.184071,-51.761163],[-60.550649,-51.789809],[-60.624989,-51.66961],[-60.077382,-51.693536],[-60.645985,-51.351495],[-60.153147,-51.487481],[-60.017486,-51.375177],[-59.491322,-51.456231],[-59.405263,-51.33766],[-59.214019,-51.413507]]],[[[-59.960317,-51.286798],[-59.961334,-51.344008],[-60.022817,-51.296157],[-59.960317,-51.286798]]],[[[-60.07429,-51.299981],[-60.288686,-51.385186],[-60.300893,-51.268243],[-60.07429,-51.299981]]],[[[-57.816233,-51.693536],[-58.940297,-51.796563],[-58.641225,-52.107843],[-59.269602,-51.990492],[-59.04898,-52.212498],[-59.456044,-52.142185],[-59.338938,-52.341729],[-59.721547,-52.107599],[-58.990102,-51.803643],[-59.167836,-51.573663],[-58.953969,-51.248468],[-58.406606,-51.323826],[-58.521962,-51.491143],[-58.230865,-51.65252],[-58.291249,-51.42254],[-57.906402,-51.376642],[-57.777943,-51.543064],[-58.145172,-51.542657],[-57.816233,-51.693536]]],[[[-59.553212,-51.337823],[-59.808746,-51.255955],[-59.447377,-51.324151],[-59.553212,-51.337823]]],[[[-59.820694,-52.358357],[-59.692321,-52.303713],[-59.641989,-52.36779],[-59.820694,-52.358357]]],[[[-58.48058,-51.992283],[-58.427602,-52.100681],[-58.546742,-52.025567],[-58.48058,-51.992283]]],[[[-59.698883,-51.938409],[-59.680287,-51.987726],[-59.718902,-51.97617],[-59.698883,-51.938409]]],[[[-59.829411,-51.350507],[-59.665641,-51.341512],[-59.596946,-51.38069],[-59.829411,-51.350507]]],[[[-60.582875,-51.254978],[-60.521108,-51.315037],[-60.596669,-51.26336],[-60.582875,-51.254978]]],[[[-61.092397,-51.038344],[-61.125803,-51.065199],[-61.119211,-51.027765],[-61.092397,-51.038344]]]]}},{"type":"Feature","properties":{"ISO3166-1-Alpha-3":"VUT"},"geometry":{"type":"MultiPolygon","coordinates":[[[[169.755544,-20.143813],[169.871593,-20.239435],[169.737966,-20.208917],[169.755544,-20.143813]]],[[[169.336599,-19.31463],[169.436209,-19.657322],[169.243419,-19.341974],[169.336599,-19.31463]]],[[[169.336599,-18.934828],[168.987315,-18.87656],[169.008149,-18.649998],[169.152354,-18.636326],[169.336599,-18.934828]]],[[[168.323009,-17.532647],[168.484141,-17.820733],[168.151134,-17.718194],[168.323009,-17.532647]]],[[[168.247081,-17.546319],[168.238943,-17.521905],[168.295421,-17.526462],[168.247081,-17.546319]]],[[[168.334158,-17.469985],[168.338552,-17.414483],[168.372081,-17.479099],[168.334158,-17.469985]]],[[[168.425141,-17.046645],[168.376475,-17.085382],[168.322765,-17.089451],[168.425141,-17.046645]]],[[[168.597016,-16.895196],[168.533946,-16.894464],[168.57838,-16.876886],[168.597016,-16.895196]]],[[[168.473888,-16.848077],[168.144216,-16.573012],[168.480724,-16.800226],[168.473888,-16.848077]]],[[[168.349376,-16.497979],[168.315929,-16.535821],[168.295421,-16.497979],[168.349376,-16.497979]]],[[[168.243826,-16.494561],[168.222667,-16.440606],[168.260997,-16.429783],[168.243826,-16.494561]]],[[[168.171641,-16.080255],[168.021983,-16.326593],[167.912852,-16.233087],[168.171641,-16.080255]]],[[[167.185313,-15.89072],[167.76059,-16.546319],[167.458751,-16.567966],[167.185313,-15.89072]]],[[[167.233572,-15.641534],[167.089122,-15.703546],[167.075694,-15.649591],[167.233572,-15.641534]]],[[[167.109548,-15.587498],[167.192719,-15.535414],[167.194835,-15.607517],[167.109548,-15.587498]]],[[[168.11964,-15.662774],[168.270356,-15.914239],[168.204275,-15.992446],[168.11964,-15.662774]]],[[[168.002452,-15.281834],[167.838552,-15.484796],[167.672862,-15.449802],[168.002452,-15.281834]]],[[[167.1574,-14.956231],[167.101085,-14.93963],[167.096446,-14.928888],[167.1574,-14.956231]]],[[[168.131114,-15.395115],[168.110688,-14.915785],[168.178966,-15.395115],[168.131114,-15.395115]]],[[[167.140636,-15.535577],[166.753917,-15.627699],[166.556163,-14.645929],[166.813162,-15.160414],[166.91977,-15.155938],[166.964529,-14.951349],[167.082856,-14.928888],[167.140636,-15.535577]]],[[[167.407481,-14.19492],[167.562022,-14.298923],[167.401215,-14.305108],[167.407481,-14.19492]]],[[[167.590017,-13.856622],[167.390798,-13.77752],[167.488943,-13.708185],[167.590017,-13.856622]]],[[[167.669932,-13.636489],[167.712901,-13.668227],[167.63502,-13.693536],[167.669932,-13.636489]]],[[[167.315603,-13.551528],[167.37086,-13.517348],[167.368663,-13.54339],[167.315603,-13.551528]]],[[[166.613048,-13.268243],[166.611583,-13.215265],[166.644054,-13.230076],[166.613048,-13.268243]]],[[[166.561371,-13.078709],[166.529633,-13.169854],[166.520518,-13.064874],[166.561371,-13.078709]]],[[[166.688731,-13.423435],[166.658458,-13.41546],[166.673839,-13.407647],[166.688731,-13.423435]]]]}},{"type":"Feature","properties":{"ISO3166-1-Alpha-3":"NIU"},"geometry":{"type":"Polygon","coordinates":[[[-169.933705,-19.013604],[-169.782908,-19.068943],[-169.933705,-19.129653],[-169.933705,-19.013604]]]}},{"type":"Feature","properties":{"ISO3166-1-Alpha-3":"ASM"},"geometry":{"type":"MultiPolygon","coordinates":[[[[-170.698476,-14.260512],[-170.748647,-14.374688],[-170.831248,-14.319431],[-170.698476,-14.260512]]],[[[-169.506459,-14.222263],[-169.504262,-14.270603],[-169.542673,-14.236749],[-169.506459,-14.222263]]],[[[-168.16157,-14.532892],[-168.173085,-14.523696],[-168.160471,-14.520929],[-168.16157,-14.532892]]],[[[-169.660146,-14.189142],[-169.658193,-14.168878],[-169.63561,-14.177016],[-169.660146,-14.189142]]],[[[-171.085642,-11.051365],[-171.073476,-11.062107],[-171.081532,-11.066095],[-171.085642,-11.051365]]]]}},{"type":"Feature","properties":{"ISO3166-1-Alpha-3":"PLW"},"geometry":{"type":"MultiPolygon","coordinates":[[[[134.235688,7.00849],[134.279959,7.020494],[134.234386,6.98432],[134.235688,7.00849]]],[[[134.441091,7.316718],[134.392914,7.224514],[134.349132,7.237779],[134.441091,7.316718]]],[[[134.449474,7.328355],[134.511892,7.347317],[134.522227,7.311347],[134.449474,7.328355]]],[[[134.528005,7.357571],[134.658214,7.591051],[134.601085,7.383612],[134.528005,7.357571]]],[[[131.138438,3.018948],[131.183604,3.060289],[131.192068,3.048814],[131.138438,3.018948]]],[[[132.226736,5.304348],[132.213878,5.307115],[132.220225,5.310248],[132.226736,5.304348]]],[[[134.173188,6.924872],[134.136729,6.919094],[134.139659,6.934272],[134.173188,6.924872]]],[[[131.775401,2.964057],[131.812999,2.960435],[131.795177,2.949042],[131.775401,2.964057]]],[[[134.692814,8.075539],[134.727343,8.082879],[134.701245,8.050245],[134.692814,8.075539]]]]}},{"type":"Feature","properties":{"ISO3166-1-Alpha-3":"GUM"},"geometry":{"type":"Polygon","coordinates":[[[144.624197,13.43122],[144.952159,13.586859],[144.680675,13.246772],[144.624197,13.43122]]]}},{"type":"Feature","properties":{"ISO3166-1-Alpha-3":"MNP"},"geometry":{"type":"MultiPolygon","coordinates":[[[[145.157237,14.163764],[145.290538,14.181383],[145.119314,14.129584],[145.157237,14.163764]]],[[[145.578461,15.017483],[145.667817,14.982733],[145.625824,14.915269],[145.578461,15.017483]]],[[[145.698253,15.203192],[145.752615,15.096015],[145.685557,15.102484],[145.698253,15.203192]]],[[[145.654145,16.381171],[145.669119,16.339179],[145.628184,16.364081],[145.654145,16.381171]]],[[[145.713067,18.077465],[145.835623,18.128323],[145.719493,18.054185],[145.713067,18.077465]]],[[[145.709483,18.74844],[145.632555,18.786914],[145.688324,18.807359],[145.709483,18.74844]]],[[[145.789236,16.675482],[145.769054,16.69477],[145.804535,16.693061],[145.789236,16.675482]]],[[[145.854991,17.285793],[145.835948,17.305162],[145.868175,17.301744],[145.854991,17.285793]]],[[[145.862966,17.598538],[145.832205,17.57746],[145.834239,17.60578],[145.862966,17.598538]]],[[[145.409923,19.684475],[145.382091,19.672797],[145.382091,19.684149],[145.409923,19.684475]]],[[[145.272797,20.032375],[145.226736,20.029771],[145.23878,20.050442],[145.272797,20.032375]]],[[[144.932465,20.537502],[144.90211,20.540025],[144.919688,20.555406],[144.932465,20.537502]]]]}},{"type":"Feature","properties":{"ISO3166-1-Alpha-3":"BHR"},"geometry":{"type":"MultiPolygon","coordinates":[[[[50.448904,26.161607],[50.64566,26.14575],[50.565278,25.789537],[50.448904,26.161607]]],[[[50.385897,26.123208],[50.419172,26.166144],[50.423466,26.119988],[50.385897,26.123208]]],[[[50.612384,26.241283],[50.65532,26.276705],[50.678935,26.208007],[50.612384,26.241283]]],[[[50.741403,25.674185],[50.80089,25.73114],[50.756591,25.579891],[50.741403,25.674185]]],[[[50.780639,25.745063],[50.790132,25.755188],[50.791397,25.74886],[50.780639,25.745063]]],[[[50.808484,25.664059],[50.819875,25.678614],[50.816711,25.669122],[50.808484,25.664059]]],[[[50.790764,25.630518],[50.816711,25.644441],[50.811648,25.631784],[50.790764,25.630518]]]]}},{"type":"Feature","properties":{"ISO3166-1-Alpha-3":"-99"},"geometry":{"type":"Polygon","coordinates":[[[154.391287,-21.030043],[154.38852,-21.029067],[154.391287,-21.028741],[154.391287,-21.030043]]]}},{"type":"Feature","properties":{"ISO3166-1-Alpha-3":"-99"},"geometry":{"type":"MultiPolygon","coordinates":[[[[115.367198,10.237494],[115.365977,10.239163],[115.367931,10.239163],[115.367198,10.237494]]],[[[114.376475,9.680121],[114.378673,9.692694],[114.381033,9.692206],[114.376475,9.680121]]],[[[114.033946,10.012397],[114.029307,10.017401],[114.04005,10.019477],[114.033946,10.012397]]],[[[114.371267,10.180487],[114.358653,10.179348],[114.363048,10.187079],[114.371267,10.180487]]],[[[114.470958,10.372301],[114.461681,10.372016],[114.46697,10.378363],[114.470958,10.372301]]],[[[114.367849,10.370836],[114.358897,10.372545],[114.360362,10.378567],[114.367849,10.370836]]],[[[114.459809,10.392727],[114.449962,10.394436],[114.454926,10.397203],[114.459809,10.392727]]],[[[115.814626,10.73432],[115.832693,10.727729],[115.814626,10.723334],[115.814626,10.73432]]],[[[115.845225,10.831204],[115.833751,10.824042],[115.8296,10.831773],[115.845225,10.831204]]],[[[114.286876,11.046617],[114.272227,11.045844],[114.282725,11.050686],[114.286876,11.046617]]],[[[115.020763,11.117987],[115.013845,11.107652],[115.010102,11.115912],[115.020763,11.117987]]],[[[114.361339,9.767117],[114.359955,9.770046],[114.362804,9.76911],[114.361339,9.767117]]]]}},{"type":"Feature","properties":{"ISO3166-1-Alpha-3":"-99"},"geometry":{"type":"Polygon","coordinates":[[[-109.225942,10.311021],[-109.218577,10.281562],[-109.234242,10.307929],[-109.225942,10.311021]]]}},{"type":"Feature","properties":{"ISO3166-1-Alpha-3":"MAC"},"geometry":{"type":"MultiPolygon","coordinates":[[[[113.532237,22.152615],[113.587494,22.124864],[113.546804,22.105373],[113.532237,22.152615]]],[[[113.524343,22.212551],[113.55714,22.20246],[113.52475,22.173733],[113.524343,22.212551]]]]}},{"type":"Feature","properties":{"ISO3166-1-Alpha-3":"-99"},"geometry":{"type":"Polygon","coordinates":[[[123.575043,-12.426609],[123.597748,-12.438572],[123.575613,-12.436782],[123.575043,-12.426609]]]}},{"type":"Feature","properties":{"ISO3166-1-Alpha-3":"-99"},"geometry":{"type":"Polygon","coordinates":[[[-79.988149,15.794176],[-79.987823,15.79621],[-79.986399,15.79442],[-79.988149,15.794176]]]}},{"type":"Feature","properties":{"ISO3166-1-Alpha-3":"-99"},"geometry":{"type":"Polygon","coordinates":[[[-78.637074,15.862087],[-78.640411,15.864],[-78.636871,15.867296],[-78.637074,15.862087]]]}},{"type":"Feature","properties":{"ISO3166-1-Alpha-3":"-99"},"geometry":{"type":"Polygon","coordinates":[[[117.751856,15.151887],[117.755692,15.151887],[117.753887,15.150082],[117.751856,15.151887]]]}}]}